SNP,Chromosome,Position ,P.value,maf,nobs,Rsquare.of.Model.without.SNP,Rsquare.of.Model.with.SNP,FDR_Adjusted_P-values
snp-165,5,164,0.00120388357629441,0.465,100,0.0544232401691996,0.164208822066763,0.525567922933089
snp-48,3, 47,0.00210227169173236,0.495,100,0.0544232401691996,0.152916329315688,0.525567922933089
snp-499,6,498,0.0114282865795915,0.43,100,0.0544232401691996,0.119960695244905,0.9649767843462
snp-126,5,125,0.0161697126793819,0.5,100,0.0544232401691996,0.113485623414725,0.9649767843462
snp-97,5, 96,0.0166121151590467,0.48,100,0.0544232401691996,0.112986522031792,0.9649767843462
snp-337,6,336,0.0177965253414224,0.48,100,0.0544232401691996,0.111716113013615,0.9649767843462
snp-200,5,199,0.0222350118156885,0.44,100,0.0544232401691996,0.107639537795265,0.9649767843462
snp-359,6,358,0.0245104377672659,0.45,100,0.0544232401691996,0.105871029534028,0.9649767843462
snp-432,6,431,0.0268249472487855,0.475,100,0.0544232401691996,0.104241767221538,0.9649767843462
snp-320,6,319,0.0292388150431133,0.49,100,0.0544232401691996,0.102693886255074,0.9649767843462
snp-243,5,242,0.0304502769954023,0.47,100,0.0544232401691996,0.101967315605138,0.9649767843462
snp-438,6,437,0.0314720015221467,0.455,100,0.0544232401691996,0.101377980276948,0.9649767843462
snp-330,6,329,0.0320301911004067,0.475,100,0.0544232401691996,0.101064530424671,0.9649767843462
snp-306,6,305,0.0365254917472639,0.48,100,0.0544232401691996,0.0987338709898441,0.9649767843462
snp-62,4, 61,0.0374246485636658,0.48,100,0.0544232401691996,0.0983044416256537,0.9649767843462
snp-434,6,433,0.0438474450064626,0.455,100,0.0544232401691996,0.0955246365747089,0.9649767843462
snp-283,6,282,0.0461070018545413,0.45,100,0.0544232401691996,0.0946490734981825,0.9649767843462
snp-405,6,404,0.047841386207747,0.485,100,0.0544232401691996,0.0940076472428724,0.9649767843462
snp-400,6,399,0.0490620861674666,0.46,100,0.0544232401691996,0.0935709779017045,0.9649767843462
snp-461,6,460,0.0513096074953212,0.48,100,0.0544232401691996,0.0927966910058424,0.9649767843462
snp-7,1,  6,0.0570942842659374,0.42,100,0.0544232401691996,0.0909606500506168,0.9649767843462
snp-180,5,179,0.0577511197176722,0.455,100,0.0544232401691996,0.0907649555740763,0.9649767843462
snp-442,6,441,0.0585890370148017,0.46,100,0.0544232401691996,0.090518770011862,0.9649767843462
snp-138,5,137,0.0612907744917036,0.485,100,0.0544232401691996,0.0897501485230442,0.9649767843462
snp-422,6,421,0.0617983570530212,0.48,100,0.0544232401691996,0.0896098392621943,0.9649767843462
snp-321,6,320,0.0644074548985828,0.49,100,0.0544232401691996,0.0889077748018097,0.9649767843462
snp-335,6,334,0.0644824775997105,0.44,100,0.0544232401691996,0.0888880457858948,0.9649767843462
snp-105,5,104,0.0681634431805837,0.5,100,0.0544232401691996,0.0879494810885196,0.9649767843462
snp-35,2, 34,0.0690019348568095,0.48,100,0.0544232401691996,0.0877433815173086,0.9649767843462
snp-177,5,176,0.0700462250758096,0.435,100,0.0544232401691996,0.0874904724831581,0.9649767843462
snp-250,5,249,0.0821312493849456,0.455,100,0.0544232401691996,0.0848316242670629,0.9649767843462
snp-494,6,493,0.0858360549770567,0.495,100,0.0544232401691996,0.0841016227113515,0.9649767843462
snp-147,5,146,0.0860822096774186,0.485,100,0.0544232401691996,0.0840543514850942,0.9649767843462
snp-370,6,369,0.086654982089669,0.455,100,0.0544232401691996,0.0839449297428154,0.9649767843462
snp-308,6,307,0.0879648530384488,0.42,100,0.0544232401691996,0.0836976547097319,0.9649767843462
snp-231,5,230,0.0899853073351681,0.495,100,0.0544232401691996,0.0833240759175803,0.9649767843462
snp-58,3, 57,0.090319543897652,0.495,100,0.0544232401691996,0.0832631674759304,0.9649767843462
snp-347,6,346,0.0917328225512253,0.485,100,0.0544232401691996,0.083008341924055,0.9649767843462
snp-183,5,182,0.092802737756114,0.43,100,0.0544232401691996,0.0828182910379894,0.9649767843462
snp-55,3, 54,0.0993846056271016,0.49,100,0.0544232401691996,0.0816999836982905,0.9649767843462
snp-238,5,237,0.100556623207977,0.455,100,0.0544232401691996,0.0815094667237197,0.9649767843462
snp-275,6,274,0.101472763030571,0.465,100,0.0544232401691996,0.0813622512862678,0.9649767843462
snp-328,6,327,0.101857815298156,0.43,100,0.0544232401691996,0.0813008165924324,0.9649767843462
snp-56,3, 55,0.103331374837874,0.47,100,0.0544232401691996,0.0810680712741867,0.9649767843462
snp-354,6,353,0.107814415512975,0.47,100,0.0544232401691996,0.080382058046076,0.9649767843462
snp-69,4, 68,0.110984951308715,0.455,100,0.0544232401691996,0.0799158067114251,0.9649767843462
snp-284,6,283,0.111614964728109,0.49,100,0.0544232401691996,0.0798249297795605,0.9649767843462
snp-112,5,111,0.112074146759582,0.455,100,0.0544232401691996,0.0797590549648669,0.9649767843462
snp-395,6,394,0.113307324769041,0.46,100,0.0544232401691996,0.0795836244087051,0.9649767843462
snp-348,6,347,0.114676676734667,0.45,100,0.0544232401691996,0.0793913074434806,0.9649767843462
snp-382,6,381,0.114916847099213,0.465,100,0.0544232401691996,0.0793578420555447,0.9649767843462
snp-343,6,342,0.117325249175372,0.42,100,0.0544232401691996,0.0790265257853254,0.9649767843462
snp-361,6,360,0.120380206062376,0.47,100,0.0544232401691996,0.0786170758811159,0.9649767843462
snp-52,3, 51,0.12386851204987,0.5,100,0.0544232401691996,0.0781635924349728,0.9649767843462
snp-134,5,133,0.125754326916798,0.465,100,0.0544232401691996,0.0779243840548619,0.9649767843462
snp-163,5,162,0.128423136303811,0.485,100,0.0544232401691996,0.0775926843077882,0.9649767843462
snp-24,1, 23,0.135253700009831,0.49,100,0.0544232401691996,0.0767780559906172,0.9649767843462
snp-216,5,215,0.135718461781472,0.475,100,0.0544232401691996,0.076724330480426,0.9649767843462
snp-495,6,494,0.142893657311178,0.46,100,0.0544232401691996,0.0759204957831735,0.9649767843462
snp-313,6,312,0.145148019191206,0.46,100,0.0544232401691996,0.0756774025278586,0.9649767843462
snp-484,6,483,0.145211983313713,0.495,100,0.0544232401691996,0.0756705681718319,0.9649767843462
snp-470,6,469,0.146823117864145,0.455,100,0.0544232401691996,0.0754995502243379,0.9649767843462
snp-217,5,216,0.147473611062299,0.485,100,0.0544232401691996,0.0754311094358543,0.9649767843462
snp-397,6,396,0.150505689300131,0.455,100,0.0544232401691996,0.0751165926669741,0.9649767843462
snp-14,1, 13,0.150972323191553,0.495,100,0.0544232401691996,0.0750688343609185,0.9649767843462
snp-295,6,294,0.151964132564425,0.455,100,0.0544232401691996,0.0749678866134017,0.9649767843462
snp-204,5,203,0.154019696263858,0.485,100,0.0544232401691996,0.0747610573765743,0.9649767843462
snp-489,6,488,0.155522586013825,0.48,100,0.0544232401691996,0.0746118365088068,0.9649767843462
snp-199,5,198,0.156030155721565,0.47,100,0.0544232401691996,0.0745618148660472,0.9649767843462
snp-104,5,103,0.156810340682603,0.475,100,0.0544232401691996,0.0744852909772324,0.9649767843462
snp-297,6,296,0.158893148599733,0.425,100,0.0544232401691996,0.0742831313259592,0.9649767843462
snp-135,5,134,0.159889584035805,0.435,100,0.0544232401691996,0.0741874946613962,0.9649767843462
snp-262,5,261,0.160909407931925,0.5,100,0.0544232401691996,0.0740903233792464,0.9649767843462
snp-16,1, 15,0.164727016662485,0.465,100,0.0544232401691996,0.0737327959663069,0.9649767843462
snp-37,2, 36,0.166453617232567,0.41,100,0.0544232401691996,0.0735742349615928,0.9649767843462
snp-391,6,390,0.167824502359576,0.485,100,0.0544232401691996,0.0734496939700845,0.9649767843462
snp-339,6,338,0.168485181254541,0.38,100,0.0544232401691996,0.0733900943995583,0.9649767843462
snp-281,6,280,0.181623802592805,0.495,100,0.0544232401691996,0.0722584708847718,0.9649767843462
snp-42,2, 41,0.182719389529007,0.43,100,0.0544232401691996,0.0721684605575341,0.9649767843462
snp-190,5,189,0.18295821374562,0.465,100,0.0544232401691996,0.0721489235595707,0.9649767843462
snp-111,5,110,0.185514658037694,0.445,100,0.0544232401691996,0.0719416531777987,0.9649767843462
snp-496,6,495,0.18679426492036,0.495,100,0.0544232401691996,0.0718391639465636,0.9649767843462
snp-365,6,364,0.189348693568849,0.49,100,0.0544232401691996,0.0716370213680603,0.9649767843462
snp-86,5, 85,0.190037947870493,0.45,100,0.0544232401691996,0.0715830286145457,0.9649767843462
snp-375,6,374,0.190291712796608,0.47,100,0.0544232401691996,0.071563208153006,0.9649767843462
snp-327,6,326,0.190367393145595,0.445,100,0.0544232401691996,0.0715573031378184,0.9649767843462
snp-74,4, 73,0.193009328767133,0.485,100,0.0544232401691996,0.071352886338117,0.9649767843462
snp-352,6,351,0.193104225302566,0.45,100,0.0544232401691996,0.0713456055054317,0.9649767843462
snp-451,6,450,0.193162960753409,0.46,100,0.0544232401691996,0.071341101214303,0.9649767843462
snp-426,6,425,0.19667964838558,0.425,100,0.0544232401691996,0.0710743334533493,0.9649767843462
snp-488,6,487,0.200870240637915,0.5,100,0.0544232401691996,0.0707637453014642,0.9649767843462
snp-224,5,223,0.20265340889321,0.495,100,0.0544232401691996,0.0706339155633894,0.9649767843462
snp-460,6,459,0.206911024370874,0.485,100,0.0544232401691996,0.0703293626778853,0.9649767843462
snp-241,5,240,0.207942253331907,0.42,100,0.0544232401691996,0.0702567238805748,0.9649767843462
snp-268,5,267,0.207960699229738,0.485,100,0.0544232401691996,0.0702554284983578,0.9649767843462
snp-344,6,343,0.208180627003595,0.48,100,0.0544232401691996,0.0702399944388258,0.9649767843462
snp-467,6,466,0.210486772089022,0.495,100,0.0544232401691996,0.0700793218291196,0.9649767843462
snp-178,5,177,0.210640445677654,0.49,100,0.0544232401691996,0.0700686902754484,0.9649767843462
snp-188,5,187,0.217044168389696,0.495,100,0.0544232401691996,0.0696337754602144,0.9649767843462
snp-448,6,447,0.217149446620725,0.485,100,0.0544232401691996,0.0696267550074752,0.9649767843462
snp-450,6,449,0.217374662076391,0.465,100,0.0544232401691996,0.0696117503537372,0.9649767843462
snp-68,4, 67,0.21944104632011,0.495,100,0.0544232401691996,0.0694749508720678,0.9649767843462
snp-431,6,430,0.22133697704256,0.465,100,0.0544232401691996,0.0693507988807596,0.9649767843462
snp-226,5,225,0.223406163595977,0.49,100,0.0544232401691996,0.0692167629017464,0.9649767843462
snp-107,5,106,0.223539644190144,0.485,100,0.0544232401691996,0.0692081681301893,0.9649767843462
snp-150,5,149,0.224000745484998,0.46,100,0.0544232401691996,0.0691785258085807,0.9649767843462
snp-234,5,233,0.225165380875573,0.44,100,0.0544232401691996,0.0691039847836823,0.9649767843462
snp-314,6,313,0.22536228539084,0.41,100,0.0544232401691996,0.0690914284357783,0.9649767843462
snp-318,6,317,0.225818183894176,0.46,100,0.0544232401691996,0.0690624074681673,0.9649767843462
snp-167,5,166,0.227109182950636,0.46,100,0.0544232401691996,0.0689806117423787,0.9649767843462
snp-118,5,117,0.228008958772433,0.47,100,0.0544232401691996,0.0689239371366018,0.9649767843462
snp-264,5,263,0.228820838231194,0.445,100,0.0544232401691996,0.06887303214299,0.9649767843462
snp-54,3, 53,0.229592058892435,0.435,100,0.0544232401691996,0.0688248798857484,0.9649767843462
snp-259,5,258,0.229973677389487,0.47,100,0.0544232401691996,0.0688011258705362,0.9649767843462
snp-115,5,114,0.229981995841072,0.47,100,0.0544232401691996,0.0688006086202579,0.9649767843462
snp-114,5,113,0.230438711796511,0.395,100,0.0544232401691996,0.0687722445058573,0.9649767843462
snp-282,6,281,0.230908263053424,0.405,100,0.0544232401691996,0.068743154688693,0.9649767843462
snp-166,5,165,0.231395904011085,0.485,100,0.0544232401691996,0.0687130205106076,0.9649767843462
snp-57,3, 56,0.231751478454726,0.48,100,0.0544232401691996,0.0686910963410067,0.9649767843462
snp-483,6,482,0.232788856679965,0.415,100,0.0544232401691996,0.0686273673473591,0.9649767843462
snp-319,6,318,0.233524381811781,0.45,100,0.0544232401691996,0.0685823920106953,0.9649767843462
snp-394,6,393,0.238868967625874,0.46,100,0.0544232401691996,0.0682607123945987,0.978971178794565
snp-137,5,136,0.250602237700639,0.48,100,0.0544232401691996,0.0675845878783707,0.996642390323605
snp-406,6,405,0.25521682793699,0.48,100,0.0544232401691996,0.0673293401578819,0.996642390323605
snp-209,5,208,0.259205212544628,0.495,100,0.0544232401691996,0.0671133223308505,0.996642390323605
snp-285,6,284,0.263711791001819,0.485,100,0.0544232401691996,0.066874189635002,0.996642390323605
snp-122,5,121,0.264347290955116,0.49,100,0.0544232401691996,0.0668408808783677,0.996642390323605
snp-51,3, 50,0.272827549446176,0.45,100,0.0544232401691996,0.0664058360560761,0.996642390323605
snp-357,6,356,0.273858193769726,0.475,100,0.0544232401691996,0.0663541295523213,0.996642390323605
snp-478,6,477,0.27431369773852,0.425,100,0.0544232401691996,0.066331355913131,0.996642390323605
snp-197,5,196,0.275121119795463,0.455,100,0.0544232401691996,0.0662911052921364,0.996642390323605
snp-60,3, 59,0.275514978373728,0.46,100,0.0544232401691996,0.0662715255334866,0.996642390323605
snp-409,6,408,0.276271207633811,0.395,100,0.0544232401691996,0.0662340308871714,0.996642390323605
snp-298,6,297,0.276291360676697,0.445,100,0.0544232401691996,0.0662330334633512,0.996642390323605
snp-20,1, 19,0.276628409244301,0.49,100,0.0544232401691996,0.066216365798767,0.996642390323605
snp-11,1, 10,0.276735081753823,0.44,100,0.0544232401691996,0.0662110960295456,0.996642390323605
snp-263,5,262,0.278354823934713,0.48,100,0.0544232401691996,0.0661313948129089,0.996642390323605
snp-121,5,120,0.28791623010875,0.445,100,0.0544232401691996,0.0656726869841218,0.996642390323605
snp-369,6,368,0.290761908821408,0.415,100,0.0544232401691996,0.0655399270014152,0.996642390323605
snp-18,1, 17,0.293542459989025,0.485,100,0.0544232401691996,0.0654118140424834,0.996642390323605
snp-202,5,201,0.294828822036657,0.495,100,0.0544232401691996,0.0653530748396371,0.996642390323605
snp-63,4, 62,0.29759370229762,0.47,100,0.0544232401691996,0.0652279382830906,0.996642390323605
snp-148,5,147,0.297622375670409,0.49,100,0.0544232401691996,0.0652266484557577,0.996642390323605
snp-4,1,  3,0.29805177278707,0.475,100,0.0544232401691996,0.0652073519730858,0.996642390323605
snp-88,5, 87,0.30320842008159,0.48,100,0.0544232401691996,0.0649784086318058,0.996642390323605
snp-96,5, 95,0.304283392030578,0.46,100,0.0544232401691996,0.0649313214237126,0.996642390323605
snp-474,6,473,0.305977150425661,0.49,100,0.0544232401691996,0.064857569053981,0.996642390323605
snp-127,5,126,0.310441397678289,0.495,100,0.0544232401691996,0.0646657168331314,0.996642390323605
snp-480,6,479,0.312642900253262,0.445,100,0.0544232401691996,0.0645724368965962,0.996642390323605
snp-156,5,155,0.313712442850293,0.435,100,0.0544232401691996,0.0645274311983294,0.996642390323605
snp-123,5,122,0.313928540963212,0.47,100,0.0544232401691996,0.0645183625097492,0.996642390323605
snp-25,1, 24,0.314271916967489,0.485,100,0.0544232401691996,0.0645039694706273,0.996642390323605
snp-235,5,234,0.315551726317353,0.495,100,0.0544232401691996,0.0644505071526261,0.996642390323605
snp-164,5,163,0.316443994220412,0.46,100,0.0544232401691996,0.0644134032301992,0.996642390323605
snp-113,5,112,0.319995770365317,0.475,100,0.0544232401691996,0.0642670697538932,0.996642390323605
snp-73,4, 72,0.322882648783926,0.5,100,0.0544232401691996,0.0641497109547173,0.996642390323605
snp-293,6,292,0.324764642028811,0.485,100,0.0544232401691996,0.0640739535486524,0.996642390323605
snp-76,4, 75,0.325793782283854,0.49,100,0.0544232401691996,0.0640327742347775,0.996642390323605
snp-31,2, 30,0.3264787303532,0.465,100,0.0544232401691996,0.0640054634771819,0.996642390323605
snp-371,6,370,0.32887114410314,0.5,100,0.0544232401691996,0.0639106701766815,0.996642390323605
snp-158,5,157,0.329146643177189,0.485,100,0.0544232401691996,0.0638998136046859,0.996642390323605
snp-106,5,105,0.342244829587452,0.495,100,0.0544232401691996,0.0633973707004361,0.996642390323605
snp-366,6,365,0.342320075393706,0.495,100,0.0544232401691996,0.0633945598858915,0.996642390323605
snp-471,6,470,0.342532860936892,0.49,100,0.0544232401691996,0.0633866158142123,0.996642390323605
snp-81,4, 80,0.344135477370622,0.49,100,0.0544232401691996,0.0633269995796844,0.996642390323605
snp-477,6,476,0.345402815879862,0.435,100,0.0544232401691996,0.0632801231153842,0.996642390323605
snp-28,2, 27,0.345941545191466,0.495,100,0.0544232401691996,0.0632602676701686,0.996642390323605
snp-82,4, 81,0.350233002658146,0.49,100,0.0544232401691996,0.0631035995433473,0.996642390323605
snp-350,6,349,0.350297411670941,0.465,100,0.0544232401691996,0.0631012682557491,0.996642390323605
snp-456,6,455,0.351293902025183,0.45,100,0.0544232401691996,0.0630652751810779,0.996642390323605
snp-236,5,235,0.35322367991573,0.5,100,0.0544232401691996,0.0629959700156978,0.996642390323605
snp-66,4, 65,0.354372865221858,0.39,100,0.0544232401691996,0.0629549462584648,0.996642390323605
snp-218,5,217,0.355210346545856,0.455,100,0.0544232401691996,0.0629251653154019,0.996642390323605
snp-441,6,440,0.355588571143457,0.46,100,0.0544232401691996,0.0629117473995324,0.996642390323605
snp-143,5,142,0.355905136097353,0.485,100,0.0544232401691996,0.0629005320924424,0.996642390323605
snp-381,6,380,0.358509434952831,0.49,100,0.0544232401691996,0.0628087880490477,0.996642390323605
snp-384,6,383,0.358579393240241,0.465,100,0.0544232401691996,0.0628063363177952,0.996642390323605
snp-155,5,154,0.359065706158307,0.48,100,0.0544232401691996,0.0627893115178675,0.996642390323605
snp-171,5,170,0.359844124188955,0.45,100,0.0544232401691996,0.0627621272935966,0.996642390323605
snp-9,1,  8,0.362281362422711,0.44,100,0.0544232401691996,0.0626775394605669,0.996642390323605
snp-401,6,400,0.365321703662934,0.465,100,0.0544232401691996,0.0625731260223203,0.996642390323605
snp-296,6,295,0.372859536634755,0.435,100,0.0544232401691996,0.0623194304483318,0.996642390323605
snp-482,6,481,0.373055142982334,0.495,100,0.0544232401691996,0.0623129433607292,0.996642390323605
snp-46,3, 45,0.373615611090917,0.465,100,0.0544232401691996,0.0622943825857427,0.996642390323605
snp-355,6,354,0.373861189343484,0.475,100,0.0544232401691996,0.0622862622763433,0.996642390323605
snp-40,2, 39,0.377076403469461,0.435,100,0.0544232401691996,0.062180639799758,0.996642390323605
snp-402,6,401,0.379291282480148,0.44,100,0.0544232401691996,0.062108619882375,0.996642390323605
snp-90,5, 89,0.384301339890248,0.485,100,0.0544232401691996,0.0619479006092535,0.996642390323605
snp-445,6,444,0.384913634363229,0.465,100,0.0544232401691996,0.0619284641195474,0.996642390323605
snp-207,5,206,0.386188758286204,0.49,100,0.0544232401691996,0.0618881289781597,0.996642390323605
snp-79,4, 78,0.390607330156343,0.485,100,0.0544232401691996,0.0617498281297456,0.996642390323605
snp-211,5,210,0.394937989386121,0.465,100,0.0544232401691996,0.0616164547344542,0.996642390323605
snp-36,2, 35,0.396865215937411,0.47,100,0.0544232401691996,0.0615577815010585,0.996642390323605
snp-377,6,376,0.39974936890964,0.46,100,0.0544232401691996,0.0614707466318714,0.996642390323605
snp-424,6,423,0.404317677905014,0.45,100,0.0544232401691996,0.0613347533089024,0.996642390323605
snp-278,6,277,0.407150433442709,0.49,100,0.0544232401691996,0.0612515547159757,0.996642390323605
snp-196,5,195,0.408627700385049,0.5,100,0.0544232401691996,0.0612085052585938,0.996642390323605
snp-85,5, 84,0.413486303956335,0.485,100,0.0544232401691996,0.061068530968479,0.996642390323605
snp-27,2, 26,0.416271924891324,0.465,100,0.0544232401691996,0.0609893775811098,0.996642390323605
snp-245,5,244,0.418001112571897,0.46,100,0.0544232401691996,0.0609406399291035,0.996642390323605
snp-342,6,341,0.420780757529698,0.46,100,0.0544232401691996,0.0608629254132812,0.996642390323605
snp-312,6,311,0.421216582834427,0.41,100,0.0544232401691996,0.0608508104015402,0.996642390323605
snp-205,5,204,0.423697384750002,0.46,100,0.0544232401691996,0.0607822076366743,0.996642390323605
snp-417,6,416,0.427586772148305,0.435,100,0.0544232401691996,0.0606758667954117,0.996642390323605
snp-462,6,461,0.427718425199788,0.495,100,0.0544232401691996,0.0606722929244056,0.996642390323605
snp-487,6,486,0.428003750630952,0.485,100,0.0544232401691996,0.0606645531801027,0.996642390323605
snp-388,6,387,0.429798130255549,0.45,100,0.0544232401691996,0.0606160581658819,0.996642390323605
snp-225,5,224,0.431693822402657,0.405,100,0.0544232401691996,0.060565159337609,0.996642390323605
snp-403,6,402,0.433636858234897,0.4,100,0.0544232401691996,0.0605133428227617,0.996642390323605
snp-131,5,130,0.435106502818908,0.475,100,0.0544232401691996,0.0604743864660071,0.996642390323605
snp-194,5,193,0.437025917086809,0.48,100,0.0544232401691996,0.0604238114496604,0.996642390323605
snp-108,5,107,0.437269469489524,0.5,100,0.0544232401691996,0.0604174184926727,0.996642390323605
snp-101,5,100,0.43844172571937,0.485,100,0.0544232401691996,0.0603867248473992,0.996642390323605
snp-331,6,330,0.439439485445857,0.45,100,0.0544232401691996,0.0603606997831956,0.996642390323605
snp-83,4, 82,0.440473896708436,0.495,100,0.0544232401691996,0.0603338150427924,0.996642390323605
snp-169,5,168,0.441366660956334,0.405,100,0.0544232401691996,0.0603106902714304,0.996642390323605
snp-189,5,188,0.442432829625568,0.465,100,0.0544232401691996,0.0602831688002462,0.996642390323605
snp-276,6,275,0.442529439951674,0.47,100,0.0544232401691996,0.0602806800455937,0.996642390323605
snp-22,1, 21,0.442901740582836,0.47,100,0.0544232401691996,0.0602710971931495,0.996642390323605
snp-418,6,417,0.444370729727772,0.5,100,0.0544232401691996,0.0602334080048317,0.996642390323605
snp-117,5,116,0.444791651765616,0.445,100,0.0544232401691996,0.0602226443469306,0.996642390323605
snp-32,2, 31,0.446454036917179,0.465,100,0.0544232401691996,0.0601802893190297,0.996642390323605
snp-415,6,414,0.447915956876031,0.48,100,0.0544232401691996,0.0601432450461679,0.996642390323605
snp-120,5,119,0.456399706755982,0.435,100,0.0544232401691996,0.0599319651463617,0.996642390323605
snp-260,5,259,0.45751811364748,0.48,100,0.0544232401691996,0.0599045752602798,0.996642390323605
snp-72,4, 71,0.460496589555475,0.47,100,0.0544232401691996,0.0598321492059058,0.996642390323605
snp-301,6,300,0.461681265891194,0.4,100,0.0544232401691996,0.059803549552554,0.996642390323605
snp-324,6,323,0.470696998464738,0.41,100,0.0544232401691996,0.0595896994381251,0.996642390323605
snp-329,6,328,0.471549082919028,0.48,100,0.0544232401691996,0.0595698307941911,0.996642390323605
snp-139,5,138,0.473044278963266,0.405,100,0.0544232401691996,0.059535107108866,0.996642390323605
snp-215,5,214,0.475807768457483,0.485,100,0.0544232401691996,0.0594713983437779,0.996642390323605
snp-258,5,257,0.476218207650236,0.435,100,0.0544232401691996,0.0594619878006094,0.996642390323605
snp-10,1,  9,0.479992097172977,0.435,100,0.0544232401691996,0.0593760802039662,0.996642390323605
snp-8,1,  7,0.485618145184318,0.46,100,0.0544232401691996,0.0592500614483508,0.996642390323605
snp-393,6,392,0.486851888408362,0.495,100,0.0544232401691996,0.0592227504193604,0.996642390323605
snp-287,6,286,0.49147162263803,0.465,100,0.0544232401691996,0.0591215043818969,0.996642390323605
snp-423,6,422,0.496676266467497,0.485,100,0.0544232401691996,0.0590093413930127,0.996642390323605
snp-100,5, 99,0.497995522575823,0.495,100,0.0544232401691996,0.0589812264526396,0.996642390323605
snp-341,6,340,0.498528194138192,0.495,100,0.0544232401691996,0.0589699104597149,0.996642390323605
snp-311,6,310,0.502213887881118,0.47,100,0.0544232401691996,0.0588921738845718,0.996642390323605
snp-30,2, 29,0.502856716755023,0.485,100,0.0544232401691996,0.0588787156442621,0.996642390323605
snp-187,5,186,0.504450636735527,0.47,100,0.0544232401691996,0.0588454725465375,0.996642390323605
snp-440,6,439,0.506147281286563,0.48,100,0.0544232401691996,0.0588102851809634,0.996642390323605
snp-193,5,192,0.506484299458826,0.46,100,0.0544232401691996,0.058803319854945,0.996642390323605
snp-154,5,153,0.508833602890621,0.48,100,0.0544232401691996,0.0587549875015094,0.996642390323605
snp-152,5,151,0.509230642689492,0.485,100,0.0544232401691996,0.0587468573785347,0.996642390323605
snp-459,6,458,0.510056415252218,0.44,100,0.0544232401691996,0.0587299833861619,0.996642390323605
snp-269,5,268,0.510648349178711,0.49,100,0.0544232401691996,0.0587179169092126,0.996642390323605
snp-389,6,388,0.51154956535721,0.495,100,0.0544232401691996,0.0586995924792943,0.996642390323605
snp-102,5,101,0.519376983061126,0.485,100,0.0544232401691996,0.0585427838923719,0.996642390323605
snp-67,4, 66,0.521096947248091,0.475,100,0.0544232401691996,0.0585088845821765,0.996642390323605
snp-45,3, 44,0.52434253132799,0.465,100,0.0544232401691996,0.0584454551940549,0.996642390323605
snp-270,5,269,0.526202493609626,0.455,100,0.0544232401691996,0.0584094204673971,0.996642390323605
snp-38,2, 37,0.526975914049543,0.48,100,0.0544232401691996,0.0583945034210638,0.996642390323605
snp-469,6,468,0.527666465613695,0.475,100,0.0544232401691996,0.0583812178703638,0.996642390323605
snp-50,3, 49,0.528026748434085,0.45,100,0.0544232401691996,0.0583742987798085,0.996642390323605
snp-261,5,260,0.528593656463858,0.48,100,0.0544232401691996,0.0583634287257027,0.996642390323605
snp-307,6,306,0.531229559212513,0.465,100,0.0544232401691996,0.0583131622271287,0.996642390323605
snp-323,6,322,0.536464409225959,0.495,100,0.0544232401691996,0.0582146638276602,0.996642390323605
snp-463,6,462,0.539052110586297,0.4,100,0.0544232401691996,0.0581666197892892,0.996642390323605
snp-170,5,169,0.539061120384755,0.45,100,0.0544232401691996,0.0581664532508128,0.996642390323605
snp-91,5, 90,0.540897765314894,0.44,100,0.0544232401691996,0.0581326111529843,0.996642390323605
snp-325,6,324,0.541520962339194,0.44,100,0.0544232401691996,0.0581211762332868,0.996642390323605
snp-98,5, 97,0.542717908692549,0.455,100,0.0544232401691996,0.0580992818396086,0.996642390323605
snp-453,6,452,0.544347046905584,0.46,100,0.0544232401691996,0.0580696253144818,0.996642390323605
snp-252,5,251,0.54491333231215,0.43,100,0.0544232401691996,0.0580593553618182,0.996642390323605
snp-358,6,357,0.54588847586047,0.495,100,0.0544232401691996,0.0580417170132408,0.996642390323605
snp-322,6,321,0.546256559957536,0.485,100,0.0544232401691996,0.0580350743941375,0.996642390323605
snp-214,5,213,0.5493681963888,0.45,100,0.0544232401691996,0.0579792531239794,0.996642390323605
snp-181,5,180,0.551317683765089,0.48,100,0.0544232401691996,0.0579445817703517,0.996642390323605
snp-220,5,219,0.552041267162775,0.475,100,0.0544232401691996,0.057931771692637,0.996642390323605
snp-367,6,366,0.55208071674624,0.455,100,0.0544232401691996,0.0579310742021552,0.996642390323605
snp-256,5,255,0.55432581476714,0.41,100,0.0544232401691996,0.0578915344874218,0.996642390323605
snp-172,5,171,0.554832544506622,0.485,100,0.0544232401691996,0.0578826521582555,0.996642390323605
snp-255,5,254,0.55583104116379,0.5,100,0.0544232401691996,0.0578651948510128,0.996642390323605
snp-412,6,411,0.556618048040018,0.49,100,0.0544232401691996,0.0578514771849585,0.996642390323605
snp-266,5,265,0.560603966722266,0.46,100,0.0544232401691996,0.0577825677303311,0.996642390323605
snp-174,5,173,0.563921483219883,0.42,100,0.0544232401691996,0.0577259284169367,0.996642390323605
snp-465,6,464,0.563981729892156,0.465,100,0.0544232401691996,0.0577249057947024,0.996642390323605
snp-232,5,231,0.564288786949454,0.395,100,0.0544232401691996,0.0577196971220427,0.996642390323605
snp-89,5, 88,0.564557987298494,0.415,100,0.0544232401691996,0.0577151351422024,0.996642390323605
snp-481,6,480,0.564629561642079,0.49,100,0.0544232401691996,0.0577139229244001,0.996642390323605
snp-192,5,191,0.564960890875845,0.435,100,0.0544232401691996,0.0577083152576154,0.996642390323605
snp-345,6,344,0.568589334943755,0.49,100,0.0544232401691996,0.0576473212638865,0.996642390323605
snp-157,5,156,0.572700823255247,0.465,100,0.0544232401691996,0.0575791224953066,0.996642390323605
snp-132,5,131,0.574610223152904,0.495,100,0.0544232401691996,0.0575477780464518,0.996642390323605
snp-19,1, 18,0.580110552228142,0.46,100,0.0544232401691996,0.0574586332797922,0.996642390323605
snp-439,6,438,0.580417028734629,0.48,100,0.0544232401691996,0.0574537159118881,0.996642390323605
snp-408,6,407,0.580617144679796,0.45,100,0.0544232401691996,0.0574505079001545,0.996642390323605
snp-383,6,382,0.5816318893906,0.5,100,0.0544232401691996,0.0574342749773579,0.996642390323605
snp-392,6,391,0.584489648653604,0.485,100,0.0544232401691996,0.0573888651788823,0.996642390323605
snp-13,1, 12,0.587074093772467,0.495,100,0.0544232401691996,0.0573481847634204,0.996642390323605
snp-210,5,209,0.587871205373994,0.425,100,0.0544232401691996,0.0573357114590117,0.996642390323605
snp-206,5,205,0.587874294076374,0.495,100,0.0544232401691996,0.0573356631938876,0.996642390323605
snp-244,5,243,0.588630435242354,0.495,100,0.0544232401691996,0.0573238630786421,0.996642390323605
snp-179,5,178,0.590012295071574,0.46,100,0.0544232401691996,0.0573023783356469,0.996642390323605
snp-17,1, 16,0.594493362666295,0.455,100,0.0544232401691996,0.0572334163991307,0.998514182482366
snp-468,6,467,0.59511445275949,0.425,100,0.0544232401691996,0.0572239429845276,0.998514182482366
snp-176,5,175,0.599616572973613,0.485,100,0.0544232401691996,0.0571558853708731,0.999579022973637
snp-12,1, 11,0.603228267930406,0.48,100,0.0544232401691996,0.057102060383685,0.999579022973637
snp-304,6,303,0.608355830672836,0.455,100,0.0544232401691996,0.0570268112916744,0.999579022973637
snp-145,5,144,0.609782794901736,0.425,100,0.0544232401691996,0.0570061113416341,0.999579022973637
snp-149,5,148,0.614093798286607,0.42,100,0.0544232401691996,0.0569442068584607,0.999579022973637
snp-39,2, 38,0.614147362104238,0.485,100,0.0544232401691996,0.0569434436452173,0.999579022973637
snp-399,6,398,0.61495954985808,0.43,100,0.0544232401691996,0.0569318888465349,0.999579022973637
snp-198,5,197,0.616164193223189,0.495,100,0.0544232401691996,0.0569148120620081,0.999579022973637
snp-173,5,172,0.617849956721219,0.46,100,0.0544232401691996,0.0568910377292126,0.999579022973637
snp-362,6,361,0.622620386854825,0.465,100,0.0544232401691996,0.0568245308947332,0.999579022973637
snp-116,5,115,0.62340113335379,0.47,100,0.0544232401691996,0.0568137539029124,0.999579022973637
snp-61,3, 60,0.629010589668339,0.49,100,0.0544232401691996,0.0567372069875103,0.999579022973637
snp-479,6,478,0.629039874980426,0.48,100,0.0544232401691996,0.0567368114041883,0.999579022973637
snp-427,6,426,0.630553600164044,0.445,100,0.0544232401691996,0.056716421022321,0.999579022973637
snp-411,6,410,0.63198614735174,0.48,100,0.0544232401691996,0.0566972266652588,0.999579022973637
snp-428,6,427,0.636697506229495,0.45,100,0.0544232401691996,0.0566347990417289,0.999579022973637
snp-191,5,190,0.638760913892806,0.485,100,0.0544232401691996,0.0566077931528967,0.999579022973637
snp-493,6,492,0.639541122296998,0.49,100,0.0544232401691996,0.0565976346537047,0.999579022973637
snp-420,6,419,0.643946025468256,0.44,100,0.0544232401691996,0.0565408228995227,0.999579022973637
snp-292,6,291,0.644713887600864,0.425,100,0.0544232401691996,0.0565310131407742,0.999579022973637
snp-47,3, 46,0.654198906876005,0.46,100,0.0544232401691996,0.0564121047974792,0.999579022973637
snp-251,5,250,0.657924456638085,0.495,100,0.0544232401691996,0.0563665344345394,0.999579022973637
snp-95,5, 94,0.658511919505653,0.475,100,0.0544232401691996,0.0563594064777595,0.999579022973637
snp-77,4, 76,0.658679863493203,0.485,100,0.0544232401691996,0.0563573716204764,0.999579022973637
snp-272,5,271,0.661719922110428,0.485,100,0.0544232401691996,0.0563207584872232,0.999579022973637
snp-390,6,389,0.667906112738593,0.5,100,0.0544232401691996,0.0562475395109789,0.999579022973637
snp-289,6,288,0.670450588266327,0.46,100,0.0544232401691996,0.0562179191325182,0.999579022973637
snp-33,2, 32,0.670829788867049,0.48,100,0.0544232401691996,0.0562135294113874,0.999579022973637
snp-228,5,227,0.677291218608479,0.455,100,0.0544232401691996,0.0561397033457406,0.999579022973637
snp-338,6,337,0.681875604216503,0.495,100,0.0544232401691996,0.0560884294399542,0.999579022973637
snp-476,6,475,0.682507227540119,0.49,100,0.0544232401691996,0.0560814364130375,0.999579022973637
snp-280,6,279,0.682789521270298,0.49,100,0.0544232401691996,0.0560783165590656,0.999579022973637
snp-257,5,256,0.684590481481161,0.5,100,0.0544232401691996,0.0560584934848503,0.999579022973637
snp-94,5, 93,0.687708326856284,0.445,100,0.0544232401691996,0.0560245045244617,0.999579022973637
snp-59,3, 58,0.689056792787043,0.49,100,0.0544232401691996,0.0560099329667449,0.999579022973637
snp-141,5,140,0.690871286012829,0.465,100,0.0544232401691996,0.0559904475668082,0.999579022973637
snp-373,6,372,0.691376811320789,0.485,100,0.0544232401691996,0.0559850437352779,0.999579022973637
snp-498,6,497,0.695357853195136,0.49,100,0.0544232401691996,0.0559428655495167,0.999579022973637
snp-351,6,350,0.697849788186493,0.485,100,0.0544232401691996,0.0559168032430886,0.999579022973637
snp-246,5,245,0.698058125319318,0.43,100,0.0544232401691996,0.0559146360909829,0.999579022973637
snp-212,5,211,0.70024957270029,0.495,100,0.0544232401691996,0.0558919500721806,0.999579022973637
snp-21,1,  2,0.701041225650288,0.49,100,0.0544232401691996,0.0558838039933973,0.999579022973637
snp-185,5,184,0.701613600543493,0.485,100,0.0544232401691996,0.0558779304946536,0.999579022973637
snp-303,6,302,0.703372351388084,0.485,100,0.0544232401691996,0.0558599678334589,0.999579022973637
snp-242,5,241,0.704318149823273,0.48,100,0.0544232401691996,0.0558503610157627,0.999579022973637
snp-237,5,236,0.709499702564583,0.49,100,0.0544232401691996,0.055798383499349,0.999579022973637
snp-146,5,145,0.711218148328156,0.5,100,0.0544232401691996,0.0557813881152147,0.999579022973637
snp-162,5,161,0.711861359477184,0.495,100,0.0544232401691996,0.0557750577294314,0.999579022973637
snp-240,5,239,0.71265465635828,0.41,100,0.0544232401691996,0.055767273399479,0.999579022973637
snp-290,6,289,0.7136140217912,0.445,100,0.0544232401691996,0.0557578936456403,0.999579022973637
snp-437,6,436,0.714017960835246,0.455,100,0.0544232401691996,0.0557539554855683,0.999579022973637
snp-410,6,409,0.714151960485409,0.425,100,0.0544232401691996,0.0557526505309304,0.999579022973637
snp-310,6,309,0.715601767093054,0.48,100,0.0544232401691996,0.0557385780651992,0.999579022973637
snp-378,6,377,0.716013739483599,0.48,100,0.0544232401691996,0.0557345947800919,0.999579022973637
snp-457,6,456,0.717533653733368,0.495,100,0.0544232401691996,0.0557199582293773,0.999579022973637
snp-315,6,314,0.718578019911904,0.475,100,0.0544232401691996,0.055709955048856,0.999579022973637
snp-41,2, 40,0.720950840072509,0.48,100,0.0544232401691996,0.0556873903651823,0.999579022973637
snp-267,5,266,0.72100879378922,0.5,100,0.0544232401691996,0.0556868420670719,0.999579022973637
snp-317,6,316,0.722315107978866,0.42,100,0.0544232401691996,0.0556745186846999,0.999579022973637
snp-421,6,420,0.722469912539501,0.455,100,0.0544232401691996,0.0556730628196791,0.999579022973637
snp-416,6,415,0.722547753377133,0.495,100,0.0544232401691996,0.0556723311239263,0.999579022973637
snp-374,6,373,0.725317433752441,0.495,100,0.0544232401691996,0.0556464534322473,0.999579022973637
snp-353,6,352,0.729199415941441,0.435,100,0.0544232401691996,0.055610695283755,0.999579022973637
snp-490,6,489,0.729551312394991,0.47,100,0.0544232401691996,0.0556074832751413,0.999579022973637
snp-332,6,331,0.729749504566051,0.45,100,0.0544232401691996,0.0556056763817069,0.999579022973637
snp-396,6,395,0.731321282777512,0.445,100,0.0544232401691996,0.0555914013960389,0.999579022973637
snp-168,5,167,0.732028454377327,0.45,100,0.0544232401691996,0.055585010474326,0.999579022973637
snp-430,6,429,0.733447883773794,0.48,100,0.0544232401691996,0.0555722418255996,0.999579022973637
snp-472,6,471,0.733911158049868,0.435,100,0.0544232401691996,0.0555680914543508,0.999579022973637
snp-53,3, 52,0.742218163313893,0.465,100,0.0544232401691996,0.0554950882291436,0.999579022973637
snp-130,5,129,0.743472063084301,0.5,100,0.0544232401691996,0.0554843006754456,0.999579022973637
snp-43,2, 42,0.744192681720561,0.495,100,0.0544232401691996,0.0554781284129544,0.999579022973637
snp-387,6,386,0.744571046950578,0.49,100,0.0544232401691996,0.0554748956154995,0.999579022973637
snp-142,5,141,0.748303436709841,0.475,100,0.0544232401691996,0.0554432995462395,0.999579022973637
snp-110,5,109,0.749108792777378,0.5,100,0.0544232401691996,0.0554365517244321,0.999579022973637
snp-340,6,339,0.749796326413657,0.495,100,0.0544232401691996,0.0554308106522781,0.999579022973637
snp-464,6,463,0.750460155130654,0.49,100,0.0544232401691996,0.0554252845910689,0.999579022973637
snp-208,5,207,0.752418631320486,0.49,100,0.0544232401691996,0.0554090787453572,0.999579022973637
snp-160,5,159,0.753682583322122,0.49,100,0.0544232401691996,0.055398697092956,0.999579022973637
snp-279,6,278,0.762009724531584,0.48,100,0.0544232401691996,0.0553318054294629,1
snp-446,6,445,0.763580777477603,0.465,100,0.0544232401691996,0.0553194764414842,1
snp-407,6,406,0.768966709579004,0.45,100,0.0544232401691996,0.0552779060557541,1
snp-435,6,434,0.772948263768941,0.485,100,0.0544232401691996,0.0552478643299649,1
snp-144,5,143,0.77302412748412,0.48,100,0.0544232401691996,0.0552472975824108,1
snp-386,6,385,0.774001928869951,0.485,100,0.0544232401691996,0.0552400117204276,1
snp-349,6,348,0.778046274190079,0.49,100,0.0544232401691996,0.0552102479329148,1
snp-153,5,152,0.778078020091956,0.475,100,0.0544232401691996,0.0552100166658085,1
snp-87,5, 86,0.784272591811456,0.485,100,0.0544232401691996,0.0551655902535029,1
snp-119,5,118,0.784927719443673,0.48,100,0.0544232401691996,0.0551609730491043,1
snp-239,5,238,0.784983388753703,0.42,100,0.0544232401691996,0.0551605814175149,1
snp-473,6,472,0.787203398594598,0.465,100,0.0544232401691996,0.0551450547925546,1
snp-449,6,448,0.78731158548037,0.44,100,0.0544232401691996,0.0551443026747391,1
snp-485,6,484,0.787684930734886,0.49,100,0.0544232401691996,0.0551417104025802,1
snp-316,6,315,0.789986623661902,0.465,100,0.0544232401691996,0.0551258394934125,1
snp-326,6,325,0.793386163667911,0.465,100,0.0544232401691996,0.0551027457189482,1
snp-3,1,  2,0.793518222144062,0.485,100,0.0544232401691996,0.055101856949902,1
snp-140,5,139,0.793749404947371,0.445,100,0.0544232401691996,0.0551003025601076,1
snp-103,5,102,0.795856886299293,0.455,100,0.0544232401691996,0.0550862204173278,1
snp-93,5, 92,0.796311629571616,0.475,100,0.0544232401691996,0.0550832025640129,1
snp-151,5,150,0.797584986423781,0.425,100,0.0544232401691996,0.0550747911585596,1
snp-248,5,247,0.798580194830135,0.49,100,0.0544232401691996,0.0550682571711688,1
snp-99,5, 98,0.801057479010259,0.48,100,0.0544232401691996,0.0550521449983373,1
snp-23,1, 22,0.808039880908599,0.41,100,0.0544232401691996,0.0550078959105585,1
snp-136,5,135,0.812838481089724,0.46,100,0.0544232401691996,0.0549784765790612,1
snp-309,6,308,0.813060792457409,0.46,100,0.0544232401691996,0.054977133089818,1
snp-333,6,332,0.813909629087504,0.44,100,0.0544232401691996,0.0549720191492364,1
snp-65,4, 64,0.8150532537627,0.465,100,0.0544232401691996,0.0549651688128152,1
snp-346,6,345,0.815645480001043,0.42,100,0.0544232401691996,0.0549616392113306,1
snp-5,1,  4,0.81793857708257,0.44,100,0.0544232401691996,0.0549480872885314,1
snp-414,6,413,0.818979227360095,0.46,100,0.0544232401691996,0.0549419972108214,1
snp-64,4, 63,0.822748048320351,0.485,100,0.0544232401691996,0.0549202541919166,1
snp-254,5,253,0.82470569978166,0.495,100,0.0544232401691996,0.0549091531086237,1
snp-500,6,499,0.824951862160868,0.49,100,0.0544232401691996,0.0549077665339749,1
snp-247,5,246,0.827014884611586,0.425,100,0.0544232401691996,0.0548962276994287,1
snp-497,6,496,0.829034998887249,0.495,100,0.0544232401691996,0.0548850700616307,1
snp-15,1, 14,0.831319311499333,0.48,100,0.0544232401691996,0.0548726211150037,1
snp-128,5,127,0.832881730437266,0.475,100,0.0544232401691996,0.0548642087407865,1
snp-274,6,273,0.838777401596482,0.415,100,0.0544232401691996,0.0548332120258671,1
snp-454,6,453,0.840569327363221,0.455,100,0.0544232401691996,0.0548240240995399,1
snp-271,5,270,0.841435670152736,0.455,100,0.0544232401691996,0.054819620879589,1
snp-265,5,264,0.84478998972929,0.485,100,0.0544232401691996,0.054802810882386,1
snp-336,6,335,0.845427982213464,0.495,100,0.0544232401691996,0.054799656447479,1
snp-436,6,435,0.847831636546165,0.395,100,0.0544232401691996,0.0547878947076126,1
snp-29,2, 28,0.848995298039415,0.485,100,0.0544232401691996,0.0547822701536907,1
snp-49,3, 48,0.849972852910971,0.485,100,0.0544232401691996,0.0547775801687653,1
snp-404,6,403,0.850537828238059,0.495,100,0.0544232401691996,0.054774884173335,1
snp-109,5,108,0.851847823196748,0.475,100,0.0544232401691996,0.0547686740568341,1
snp-186,5,185,0.856571844273273,0.445,100,0.0544232401691996,0.054746754633944,1
snp-492,6,491,0.861084910499015,0.465,100,0.0544232401691996,0.0547265066031273,1
snp-443,6,442,0.86159018568435,0.44,100,0.0544232401691996,0.0547242816685637,1
snp-203,5,202,0.862376091080101,0.445,100,0.0544232401691996,0.0547208377828393,1
snp-44,2, 43,0.865253905153318,0.455,100,0.0544232401691996,0.0547084011514708,1
snp-233,5,232,0.867078490045458,0.455,100,0.0544232401691996,0.0547006575800632,1
snp-223,5,222,0.868440004054199,0.49,100,0.0544232401691996,0.0546949506924156,1
snp-419,6,418,0.868450478821841,0.485,100,0.0544232401691996,0.0546949070229836,1
snp-294,6,293,0.876724860679982,0.465,100,0.0544232401691996,0.054661535363929,1
snp-305,6,304,0.87864530956972,0.435,100,0.0544232401691996,0.0546541101703614,1
snp-475,6,474,0.880765555019458,0.48,100,0.0544232401691996,0.0546460521559609,1
snp-161,5,160,0.882086211491826,0.445,100,0.0544232401691996,0.0546411069690077,1
snp-26,2, 25,0.88251007555264,0.445,100,0.0544232401691996,0.0546395318400521,1
snp-433,6,432,0.887648502398591,0.47,100,0.0544232401691996,0.0546209008970777,1
snp-429,6,428,0.891387610254678,0.475,100,0.0544232401691996,0.0546078813461361,1
snp-300,6,299,0.89148048025915,0.44,100,0.0544232401691996,0.0546075637260774,1
snp-385,6,384,0.895837970186474,0.46,100,0.0544232401691996,0.0545929737774887,1
snp-458,6,457,0.896211540574659,0.495,100,0.0544232401691996,0.0545917514564214,1
snp-277,6,276,0.903115324143933,0.5,100,0.0544232401691996,0.054569969952645,1
snp-291,6,290,0.906032417966041,0.48,100,0.0544232401691996,0.0545612260336571,1
snp-227,5,226,0.908724269663938,0.475,100,0.0544232401691996,0.0545533988390974,1
snp-129,5,128,0.910029169538957,0.495,100,0.0544232401691996,0.054549687862946,1
snp-455,6,454,0.911643579998907,0.48,100,0.0544232401691996,0.0545451718959885,1
snp-273,6,272,0.913132801566473,0.485,100,0.0544232401691996,0.0545410798240197,1
snp-286,6,285,0.914405329405613,0.49,100,0.0544232401691996,0.0545376391790248,1
snp-356,6,355,0.916061287169936,0.44,100,0.0544232401691996,0.0545332390280792,1
snp-213,5,212,0.919652029009648,0.47,100,0.0544232401691996,0.0545239974291147,1
snp-70,4, 69,0.921220384415485,0.485,100,0.0544232401691996,0.0545200894221411,1
snp-175,5,174,0.923528974056047,0.445,100,0.0544232401691996,0.05451447888808,1
snp-363,6,362,0.926503226486208,0.465,100,0.0544232401691996,0.0545074995700285,1
snp-221,5,220,0.927721093122648,0.465,100,0.0544232401691996,0.0545047225621433,1
snp-380,6,379,0.930659504393312,0.43,100,0.0544232401691996,0.0544982154274151,1
snp-84,4, 83,0.931138143540974,0.45,100,0.0544232401691996,0.0544971813188164,1
snp-222,5,221,0.931840826530529,0.5,100,0.0544232401691996,0.054495676266949,1
snp-491,6,490,0.934141159835758,0.49,100,0.0544232401691996,0.0544908582884105,1
snp-201,5,200,0.935331051163795,0.495,100,0.0544232401691996,0.0544884316021363,1
snp-133,5,132,0.940186219401913,0.435,100,0.0544232401691996,0.0544789922856878,1
snp-229,5,228,0.940851168509659,0.45,100,0.0544232401691996,0.0544777572839381,1
snp-6,1,  5,0.940878001365438,0.485,100,0.0544232401691996,0.0544777077395876,1
snp-452,6,451,0.94305259394557,0.475,100,0.0544232401691996,0.0544737678321416,1
snp-195,5,194,0.943522349450558,0.495,100,0.0544232401691996,0.054472936259111,1
snp-249,5,248,0.943570350042833,0.495,100,0.0544232401691996,0.0544728516777793,1
snp-230,5,229,0.944986824590304,0.42,100,0.0544232401691996,0.0544703883116625,1
snp-71,4, 70,0.948810014933881,0.49,100,0.0544232401691996,0.0544640539800517,1
snp-288,6,287,0.949035318360221,0.495,100,0.0544232401691996,0.054463695005178,1
snp-78,4, 77,0.949078957937543,0.455,100,0.0544232401691996,0.0544636256585155,1
snp-125,5,124,0.949709529018185,0.49,100,0.0544232401691996,0.0544626302992959,1
snp-182,5,181,0.950403276264122,0.475,100,0.0544232401691996,0.0544615496217299,1
snp-184,5,183,0.950665789643387,0.49,100,0.0544232401691996,0.0544611446296399,1
snp-379,6,378,0.954226575480873,0.485,100,0.0544232401691996,0.0544558645581952,1
snp-425,6,424,0.956212419430209,0.44,100,0.0544232401691996,0.0544530923677179,1
snp-413,6,412,0.958539023992953,0.43,100,0.0544232401691996,0.0544500014920686,1
snp-444,6,443,0.958913773108397,0.405,100,0.0544232401691996,0.0544495194756379,1
snp-372,6,371,0.964845009302616,0.47,100,0.0544232401691996,0.0544424751060419,1
snp-364,6,363,0.967682166011425,0.48,100,0.0544232401691996,0.0544394940480347,1
snp-34,2, 33,0.969983443201551,0.455,100,0.0544232401691996,0.0544372605919226,1
snp-368,6,367,0.970938610112388,0.49,100,0.0544232401691996,0.0544363820970784,1
snp-466,6,465,0.972052487667493,0.455,100,0.0544232401691996,0.0544353935736674,1
snp-253,5,252,0.974228920336914,0.475,100,0.0544232401691996,0.0544335737262489,1
snp-159,5,158,0.980361884896483,0.475,100,0.0544232401691996,0.0544292397354869,1
snp-80,4, 79,0.98114941885455,0.495,100,0.0544232401691996,0.0544287681017684,1
snp-376,6,375,0.981668202286315,0.435,100,0.0544232401691996,0.0544284679684813,1
snp-299,6,298,0.9818410450961,0.445,100,0.0544232401691996,0.054428369834568,1
snp-398,6,397,0.982460505465281,0.495,100,0.0544232401691996,0.0544280257689379,1
snp-447,6,446,0.985252699635395,0.42,100,0.0544232401691996,0.0544266232038585,1
snp-124,5,123,0.986522931949987,0.475,100,0.0544232401691996,0.0544260654652001,1
snp-302,6,301,0.988690307044797,0.42,100,0.0544232401691996,0.0544252297534288,1
snp-486,6,485,0.989558832180178,0.495,100,0.0544232401691996,0.054424935890551,1
snp-334,6,333,0.990389239557369,0.45,100,0.0544232401691996,0.0544246768754916,1
snp-360,6,359,0.991870338586716,0.49,100,0.0544232401691996,0.0544242681649897,1
snp-92,5, 91,0.99361931143297,0.475,100,0.0544232401691996,0.0544238734198605,1
snp-75,4, 74,0.99639706228794,0.46,100,0.0544232401691996,0.0544234420744724,1
snp-219,5,218,0.999086298670377,0.46,100,0.0544232401691996,0.054423253154136,1
snp-1,1,  0,1,0.5,100,NA,NA,1
snp-2,1,  1,1,0,100,NA,NA,1
