ID,plant-1,plant-2,plant-3,plant-4,plant-5,plant-6,plant-7,plant-8,plant-9,plant-10,plant-11,plant-12,plant-13,plant-14,plant-15,plant-16,plant-17,plant-18,plant-19,plant-20,plant-21,plant-22,plant-23,plant-24,plant-25,plant-26,plant-27,plant-28,plant-29,plant-30,plant-31,plant-32,plant-33,plant-34,plant-35,plant-36,plant-37,plant-38,plant-39,plant-40,plant-41,plant-42,plant-43,plant-44,plant-45,plant-46,plant-47,plant-48,plant-49,plant-50,plant-51,plant-52,plant-53,plant-54,plant-55,plant-56,plant-57,plant-58,plant-59,plant-60,plant-61,plant-62,plant-63,plant-64,plant-65,plant-66,plant-67,plant-68,plant-69,plant-70,plant-71,plant-72,plant-73,plant-74,plant-75,plant-76,plant-77,plant-78,plant-79,plant-80,plant-81,plant-82,plant-83,plant-84,plant-85,plant-86,plant-87,plant-88,plant-89,plant-90,plant-91,plant-92,plant-93,plant-94,plant-95
snp-1,1,1,1,1,1,1,1,1,1,1,1,1,1,1,1,1,1,1,1,1,1,1,1,1,1,1,1,1,1,1,1,1,1,1,1,1,1,1,1,1,1,1,1,1,1,1,1,1,1,1,1,1,1,1,1,1,1,1,1,1,1,1,1,1,1,1,1,1,1,1,1,1,1,1,1,1,1,1,1,1,1,1,1,1,1,1,1,1,1,1,1,1,1,1,1
snp-2,2,2,2,2,2,2,2,2,2,2,2,2,2,2,2,2,2,2,2,2,2,2,2,2,2,2,2,2,2,2,2,2,2,2,2,2,2,2,2,2,2,2,2,2,2,2,2,2,2,2,2,2,2,2,2,2,2,2,2,2,2,2,2,2,2,2,2,2,2,2,2,2,2,2,2,2,2,2,2,2,2,2,2,2,2,2,2,2,2,2,2,2,2,2,2
snp-3,0,1,2,2,0,1,0,0,0,2,1,0,0,0,1,0,2,1,2,1,1,1,2,0,0,1,1,0,2,0,2,2,2,1,0,1,0,2,0,1,0,0,2,0,1,2,2,2,2,2,1,1,0,2,2,0,1,0,1,0,2,1,2,1,2,2,0,0,0,0,1,1,1,2,2,1,2,1,1,1,2,0,1,2,1,1,0,2,0,1,0,2,2,0,1
snp-4,2,0,0,0,1,0,2,1,1,2,2,1,0,1,0,0,0,1,0,1,0,1,2,1,1,0,1,0,1,2,2,2,0,1,2,1,1,1,1,0,1,2,0,1,1,1,0,0,2,1,0,2,0,2,0,0,0,1,2,2,2,0,1,0,0,2,0,1,2,2,0,2,1,1,2,0,1,1,2,1,2,0,0,2,2,0,2,1,1,2,2,0,2,0,0
snp-5,0,0,2,0,0,0,2,1,2,1,2,1,0,2,2,0,2,2,0,1,2,1,1,2,1,2,1,0,2,2,2,2,0,0,0,1,1,0,2,0,0,0,0,2,0,2,2,2,2,2,2,2,2,2,2,2,0,2,1,1,1,2,0,1,1,2,0,2,0,1,1,2,1,0,2,0,0,1,1,2,2,0,0,2,0,2,0,2,0,1,0,1,1,1,2
snp-6,1,0,0,1,1,0,2,0,0,0,0,2,1,0,2,2,2,2,1,0,0,2,1,0,2,1,0,1,1,2,2,2,1,1,1,1,2,1,2,2,0,1,2,1,1,2,0,2,0,1,0,1,1,0,0,0,1,2,1,1,0,1,1,2,2,1,0,2,0,1,1,2,1,1,2,0,2,1,1,1,2,1,1,1,0,1,0,2,0,0,0,0,0,2,0
snp-7,1,2,0,0,1,0,0,0,0,0,1,2,1,0,0,0,1,0,0,0,1,2,0,0,1,1,2,2,1,1,0,1,2,0,0,1,0,1,0,0,0,0,1,0,1,1,0,1,1,1,0,2,1,2,2,1,0,2,1,0,1,1,0,0,0,2,1,2,1,1,1,2,1,0,0,2,2,1,1,1,1,0,1,0,2,1,1,1,1,1,0,2,1,1,2
snp-8,2,2,1,2,1,2,0,0,2,1,1,1,1,1,1,1,0,2,0,1,0,2,1,0,0,1,1,2,1,0,0,1,0,0,0,1,1,1,2,0,2,2,2,1,1,0,2,2,1,1,1,2,1,0,1,0,0,1,2,1,0,0,2,1,1,2,2,0,0,0,1,0,0,0,1,2,1,2,1,1,1,1,0,2,0,0,2,0,2,1,2,2,0,0,1
snp-9,2,0,0,1,2,0,0,0,1,1,1,1,0,1,2,0,0,0,1,2,1,2,0,2,2,1,2,1,0,0,1,2,0,2,1,2,2,2,2,2,1,2,2,2,0,2,0,0,1,0,1,2,2,2,0,2,2,0,2,2,0,2,2,2,1,0,1,1,2,1,2,1,1,0,1,2,2,2,0,0,2,0,1,1,2,1,1,0,1,1,0,0,0,2,2
snp-10,1,0,2,0,2,1,1,0,2,0,1,2,1,0,1,1,2,2,1,0,2,1,1,1,2,1,2,1,2,2,0,2,2,0,0,2,2,0,0,2,0,2,2,2,0,1,1,1,2,2,0,1,0,1,1,0,2,2,1,2,1,0,2,0,2,1,2,2,2,0,0,1,0,0,2,1,0,2,2,0,2,1,1,0,2,2,0,1,2,1,0,2,2,2,1
snp-11,0,1,1,2,1,1,0,0,1,2,0,0,1,1,0,2,2,1,0,0,1,1,0,0,2,2,1,0,1,1,0,0,0,2,0,1,2,1,2,2,0,2,0,0,0,0,0,0,0,1,2,2,2,1,2,1,0,0,0,0,1,2,1,1,0,0,2,1,0,0,2,1,1,2,2,2,1,1,0,0,2,2,0,0,1,0,0,1,0,1,1,0,2,2,0
snp-12,0,1,0,0,2,1,1,2,0,1,0,1,0,2,2,2,1,0,0,2,2,1,1,1,0,0,0,2,2,2,1,2,1,0,2,1,2,1,1,2,0,2,1,0,1,2,1,1,1,0,0,1,2,2,1,1,1,1,0,2,0,0,0,2,2,1,2,1,2,0,1,1,0,0,1,0,0,0,2,1,1,1,0,1,1,0,1,2,2,1,1,0,1,1,1
snp-13,0,1,1,2,0,1,2,1,2,2,1,0,0,0,2,0,1,0,0,0,2,0,0,0,1,1,1,2,0,2,1,1,2,1,2,0,2,1,0,0,2,2,0,2,0,0,1,0,1,0,1,0,1,2,1,0,2,2,1,0,2,1,0,0,2,0,1,0,0,2,0,2,1,2,2,2,2,2,2,0,2,2,0,2,2,2,2,2,0,0,0,2,1,0,1
snp-14,0,0,1,0,1,0,2,0,2,2,1,2,1,1,0,0,2,1,1,0,1,2,1,2,2,2,1,0,0,2,0,2,1,0,2,1,0,1,2,2,0,2,1,1,2,2,0,0,1,2,1,1,1,1,1,2,0,2,0,0,1,1,2,0,2,1,1,0,1,1,2,0,2,2,0,0,2,0,1,2,0,0,2,1,1,1,1,2,0,1,0,1,0,0,2
snp-15,0,0,1,0,0,0,2,1,2,2,1,2,2,2,1,2,2,2,0,2,0,0,2,1,0,2,0,2,0,0,0,0,1,2,2,1,0,0,0,0,0,0,0,2,0,2,1,2,0,2,2,1,0,2,0,1,2,0,2,0,2,0,1,2,1,1,0,1,2,0,2,1,2,1,2,0,2,0,1,0,2,1,2,2,0,1,0,0,0,2,1,1,1,1,0
snp-16,1,2,0,2,2,1,2,0,2,0,0,2,2,0,1,0,0,2,0,1,0,0,1,2,1,1,0,2,2,1,2,1,0,2,0,2,1,2,1,2,2,0,0,2,2,2,1,1,0,1,0,2,2,1,2,1,2,1,0,0,0,0,1,1,2,1,0,0,2,2,2,0,0,2,0,0,1,2,1,1,1,0,0,2,0,2,0,2,2,1,1,1,2,1,1
snp-17,1,2,2,2,1,1,0,2,2,1,0,1,2,0,2,2,1,1,0,1,0,0,2,2,0,0,0,1,2,2,1,0,1,2,0,1,1,0,2,0,2,0,0,2,0,0,0,2,2,2,1,2,0,2,1,2,2,2,2,0,1,2,0,2,0,2,1,1,2,0,2,0,2,1,1,2,1,1,2,1,2,0,0,0,1,2,2,0,2,1,1,2,2,2,0
snp-18,0,1,0,0,1,2,0,2,0,1,1,0,0,1,1,0,0,2,1,0,0,1,2,1,1,1,0,2,0,1,2,1,0,2,1,2,2,2,2,1,2,2,1,1,2,2,0,0,0,2,1,0,2,1,2,0,2,0,0,2,0,1,0,0,0,0,2,2,2,0,0,2,2,2,0,0,2,2,0,0,2,2,0,1,1,0,2,1,1,2,1,1,1,0,2
snp-19,0,0,2,2,2,2,1,2,2,2,0,1,0,0,2,1,2,1,2,2,2,1,2,2,2,2,0,2,1,2,1,1,0,2,1,1,0,2,1,1,2,0,2,2,0,1,0,1,2,1,0,0,0,0,0,0,0,2,0,1,1,0,1,0,1,0,2,2,1,2,0,1,2,0,1,0,2,1,1,0,1,1,1,1,2,0,1,1,1,0,1,2,2,2,1
snp-20,0,1,1,1,1,2,2,2,0,2,1,0,1,1,1,0,2,1,0,2,2,2,0,2,0,1,1,2,0,0,0,2,2,1,1,1,2,0,0,2,2,1,1,2,0,0,2,2,1,1,2,0,2,1,0,0,2,1,2,2,2,1,1,1,1,1,0,1,0,1,2,2,0,0,0,0,0,2,0,0,0,1,0,1,1,2,2,1,1,2,0,0,1,2,0
snp-21,0,2,2,0,1,1,1,1,2,0,0,1,2,1,1,2,0,2,0,2,1,2,0,2,0,1,2,2,0,1,1,2,1,2,0,1,0,2,0,2,1,0,2,1,0,0,2,0,0,0,2,2,1,2,1,1,2,2,0,1,1,2,2,1,1,0,1,0,0,0,1,1,1,2,1,0,0,1,0,1,0,0,2,1,2,0,0,1,0,2,1,0,2,1,0
snp-22,0,1,1,0,1,1,1,1,1,2,1,0,1,0,1,2,2,2,1,2,0,2,2,1,2,0,2,0,0,0,2,0,1,0,2,2,2,0,1,2,1,0,1,1,2,2,0,1,2,2,2,2,0,2,1,0,0,0,0,2,1,0,1,2,0,1,0,1,0,0,2,2,2,2,2,0,0,1,0,0,2,0,0,0,0,2,1,0,1,2,0,2,0,0,1
snp-23,2,2,1,2,1,1,0,0,1,2,0,2,0,2,1,2,2,2,1,0,0,1,0,2,1,1,2,2,2,2,2,2,2,1,0,2,0,0,2,0,2,0,1,2,2,1,0,2,1,2,2,2,1,2,2,0,1,0,2,2,2,2,0,2,0,1,2,1,0,2,2,0,0,2,2,0,0,2,2,0,0,2,2,2,1,0,0,0,2,0,2,0,1,0,0
snp-24,2,0,0,1,1,0,2,0,0,2,1,1,2,0,2,2,1,1,1,2,0,0,2,2,2,0,0,0,1,0,1,2,0,2,0,1,1,2,1,2,0,0,2,0,1,0,2,2,1,0,0,1,0,0,0,1,0,1,1,0,2,2,1,1,1,2,0,1,1,0,1,0,2,2,1,1,2,2,0,2,2,2,0,0,0,2,2,2,2,2,2,2,1,0,2
snp-25,2,2,1,2,2,1,1,1,2,0,1,2,2,2,0,2,1,1,1,1,1,2,0,2,1,2,2,2,0,1,1,2,2,2,0,0,2,1,0,1,1,0,0,0,0,0,1,0,1,2,2,0,2,0,1,0,0,0,1,0,1,2,0,0,1,0,0,2,0,0,0,2,2,1,0,2,1,1,2,2,2,2,2,1,0,0,1,0,2,0,0,1,0,1,0
snp-26,2,0,2,0,1,2,1,2,0,1,0,2,2,0,1,2,0,1,2,2,1,0,2,0,0,2,0,2,2,2,2,2,1,2,0,0,1,2,1,2,0,1,0,2,1,2,1,1,1,0,1,1,1,1,1,0,1,2,1,0,2,0,1,1,1,2,1,0,1,1,2,0,2,2,2,1,0,1,0,1,1,0,2,2,1,1,0,0,2,2,0,2,1,2,1
snp-27,1,1,1,2,1,2,1,0,1,0,1,0,1,1,1,2,2,0,1,0,0,0,2,1,1,2,0,2,1,0,0,0,1,2,1,0,2,1,1,0,0,2,2,0,2,2,2,1,2,2,1,2,1,2,0,1,2,1,1,2,2,1,0,1,0,2,0,2,2,0,2,0,2,0,1,2,2,2,0,0,0,2,2,1,2,1,1,1,0,1,1,1,1,2,0
snp-28,1,0,1,1,0,2,2,0,1,0,2,1,0,1,2,1,1,2,1,1,1,1,0,1,0,1,1,2,2,2,2,0,2,1,0,0,0,2,1,2,0,1,0,1,2,0,2,1,1,1,0,0,2,0,2,0,0,2,2,2,2,2,2,1,1,2,0,1,0,0,2,0,2,1,2,0,1,0,0,0,2,1,0,2,2,1,1,1,0,0,0,1,2,2,1
snp-29,2,0,0,1,1,1,1,2,1,2,1,0,1,0,1,0,0,0,1,1,1,1,0,2,0,0,2,2,0,1,0,1,2,2,2,1,2,1,2,2,1,2,2,0,2,0,0,0,1,0,2,1,1,2,1,0,0,0,1,0,0,1,1,2,1,2,0,1,0,2,1,2,0,0,2,0,1,2,0,2,1,2,0,0,1,2,1,0,2,0,0,1,2,2,2
snp-30,1,0,0,2,0,0,0,1,1,1,2,1,2,2,1,1,2,2,1,1,0,0,2,2,0,0,1,0,2,2,2,2,2,2,0,1,2,2,2,1,0,1,0,1,2,1,2,2,1,0,2,2,0,1,2,0,1,1,0,0,0,1,2,1,0,1,1,1,0,0,2,0,1,2,1,0,1,0,0,0,0,0,0,1,0,1,1,0,2,2,1,1,0,2,1
snp-31,2,0,1,0,2,2,0,2,0,0,0,2,1,1,2,1,1,2,1,2,1,0,0,1,2,1,2,2,1,0,0,1,1,0,2,2,1,2,2,0,2,1,2,2,0,2,2,2,2,1,2,1,2,2,1,1,0,0,1,1,0,1,2,0,0,0,0,1,0,2,0,1,1,1,0,1,2,2,0,2,2,1,2,0,0,0,2,0,2,2,0,0,2,1,0
snp-32,2,1,0,2,2,1,2,1,2,0,2,2,2,2,0,2,0,0,1,1,2,1,2,0,2,2,1,0,1,0,0,1,2,0,2,0,0,2,0,2,0,1,2,2,2,2,2,0,0,2,1,0,0,1,2,0,0,0,0,0,1,0,1,1,1,1,0,1,1,1,1,1,0,2,1,1,1,2,0,2,1,1,2,2,0,0,1,2,1,2,2,2,2,0,1
snp-33,1,1,2,0,0,0,2,2,0,0,1,1,0,0,2,1,2,1,0,1,1,2,0,1,1,0,0,1,2,0,1,0,2,2,1,2,2,1,0,2,0,2,2,2,2,0,0,0,1,0,0,1,0,1,2,1,2,1,2,2,1,1,1,0,2,2,1,0,0,2,1,2,0,2,2,0,2,0,2,1,2,0,0,0,0,0,2,2,0,0,1,2,0,1,0
snp-34,2,2,0,1,1,2,1,0,1,0,1,1,2,1,2,1,0,0,0,1,0,0,0,0,0,2,1,2,1,1,1,1,0,2,1,2,0,1,2,2,2,1,1,1,1,2,0,2,1,2,0,2,1,0,1,0,2,1,2,0,0,2,1,0,2,0,0,1,2,0,2,0,0,2,2,0,0,2,2,0,0,0,1,1,1,1,0,0,2,0,1,0,2,0,0
snp-35,0,0,2,2,0,1,1,2,0,0,2,2,0,1,1,0,0,1,2,0,1,1,0,1,0,0,2,0,1,0,2,0,0,2,1,1,1,1,1,1,2,1,2,0,1,2,1,1,0,2,0,2,2,1,0,2,0,1,0,2,0,1,0,1,2,2,0,0,2,0,0,2,1,1,0,2,2,1,1,1,2,1,1,1,0,2,2,0,0,1,2,2,1,2,0
snp-36,1,0,2,1,1,1,2,2,0,1,1,1,1,0,2,2,1,1,1,0,1,2,0,0,0,0,2,1,0,1,0,1,1,1,2,1,1,2,2,2,2,1,1,2,0,0,1,0,0,2,2,0,2,2,2,0,0,2,0,0,1,0,1,0,2,1,1,1,0,0,0,2,0,0,1,0,2,1,0,1,2,0,2,2,1,1,0,0,1,0,2,2,2,1,1
snp-37,0,2,0,1,2,0,2,1,1,2,0,0,1,0,0,2,0,1,0,0,1,1,1,0,2,2,2,0,2,1,1,0,2,0,1,1,0,0,1,0,0,0,2,2,2,0,1,1,0,2,0,0,2,1,1,0,2,2,0,0,0,2,0,0,0,0,1,0,1,0,0,2,2,0,1,0,0,1,0,1,1,2,2,1,0,2,2,1,1,0,0,0,1,0,2
snp-38,0,1,2,0,1,2,2,2,1,2,0,1,2,1,2,0,2,0,1,0,0,1,1,0,1,2,1,0,0,1,2,0,1,1,2,2,0,0,0,0,0,1,1,2,1,1,2,2,2,1,2,2,0,0,1,0,1,2,1,2,1,2,0,0,1,1,0,2,2,2,0,1,1,0,2,2,1,1,1,1,2,1,0,0,2,1,1,0,2,0,1,2,2,1,2
snp-39,2,2,0,1,0,2,1,0,2,0,2,1,1,0,2,1,2,0,0,2,2,1,0,2,2,1,0,1,0,0,2,2,2,0,1,0,0,1,2,0,2,1,0,2,2,0,2,0,2,0,2,2,0,0,0,0,2,0,0,2,1,2,0,0,2,0,2,1,1,2,1,1,1,2,2,2,0,2,0,1,2,0,1,2,2,0,1,1,0,2,1,1,1,0,2
snp-40,1,2,0,0,0,2,1,1,2,1,0,2,0,1,0,0,0,2,1,0,2,0,0,2,1,1,1,2,2,0,1,2,0,1,1,2,0,1,2,1,0,1,0,2,0,2,0,0,1,0,0,1,2,2,2,2,1,1,2,2,2,2,2,0,2,2,0,0,2,0,2,2,1,2,2,0,2,1,2,2,1,1,2,2,2,2,0,0,2,2,1,1,0,1,2
snp-41,2,0,1,2,0,0,2,0,0,0,2,2,1,1,1,2,2,2,0,2,0,1,1,1,1,0,1,2,2,2,0,2,2,2,2,0,2,1,0,1,1,2,0,2,2,2,0,2,0,0,0,2,0,2,1,0,2,2,0,1,0,2,0,0,0,0,0,0,1,0,0,0,2,2,0,2,0,2,0,2,2,0,2,1,2,2,1,0,2,0,0,2,1,1,2
snp-42,2,2,2,1,2,2,2,2,0,2,0,2,0,2,0,2,0,0,0,2,2,0,0,2,1,2,2,2,0,2,1,2,0,2,0,2,0,1,2,0,2,2,1,1,0,0,2,2,2,1,2,0,2,1,2,2,1,1,0,1,2,1,1,0,0,2,2,1,1,0,0,1,1,1,2,1,1,1,1,1,2,1,1,2,1,0,0,2,1,2,0,2,0,2,1
snp-43,2,0,0,0,0,2,0,2,1,2,2,1,0,2,1,1,1,0,0,2,1,0,1,2,1,0,2,2,0,0,1,1,2,1,2,1,0,1,0,0,0,0,1,0,1,1,0,0,1,2,1,0,0,1,2,2,2,2,1,2,2,2,1,1,0,0,2,1,1,2,1,1,1,0,1,0,2,1,1,1,2,1,2,1,1,1,0,2,1,1,2,2,0,1,1
snp-44,1,2,0,2,2,0,2,0,0,0,1,0,0,0,2,0,0,2,0,1,0,0,1,2,2,2,1,0,2,2,1,0,1,0,0,1,2,1,2,2,1,0,0,0,1,1,0,0,0,2,0,2,1,2,2,1,1,2,0,1,1,1,0,1,1,2,0,1,0,2,1,2,2,2,2,2,1,0,2,2,0,0,0,0,1,2,0,2,0,2,2,0,1,1,0
snp-45,1,0,0,1,1,1,1,2,2,1,1,0,1,1,1,0,1,2,2,0,1,1,2,2,2,0,1,2,0,2,2,2,1,1,0,1,1,0,2,1,0,0,1,2,2,2,2,2,2,0,0,1,0,0,2,0,2,2,2,2,1,1,0,2,2,2,1,2,0,0,2,1,2,0,0,1,2,0,2,2,1,1,1,1,1,1,1,1,2,0,0,2,0,0,0
snp-46,0,0,0,0,0,2,0,1,1,1,0,1,2,0,0,1,2,1,2,2,2,1,2,0,0,0,2,2,0,0,1,1,0,2,0,1,0,0,2,2,2,2,0,0,2,1,0,1,0,2,2,2,1,0,0,0,2,1,1,0,1,0,2,1,2,2,2,1,2,0,1,0,1,0,1,0,1,0,0,2,2,1,1,2,0,2,1,1,1,1,2,1,0,0,0
snp-47,0,2,2,0,2,1,2,0,0,0,0,2,0,2,1,2,1,0,2,2,2,1,1,1,1,1,1,2,1,2,2,0,1,2,0,2,1,0,2,0,2,0,2,0,2,0,1,0,0,0,1,1,0,2,0,0,1,2,2,0,0,0,1,0,0,0,2,2,0,0,0,1,1,1,2,0,1,0,2,2,0,0,0,1,0,1,0,0,2,2,0,1,1,0,2
snp-48,2,0,1,1,0,2,2,1,2,0,2,2,1,2,0,2,1,1,2,0,2,2,1,2,1,1,1,0,2,2,1,2,2,0,1,2,1,2,0,0,0,1,2,0,1,1,1,0,2,0,1,2,0,2,2,1,0,1,1,1,0,0,2,0,1,2,1,2,1,0,0,1,1,1,2,0,1,2,0,0,1,0,2,2,2,0,1,1,0,0,1,1,0,0,0
snp-49,1,0,0,0,0,1,2,0,2,0,1,1,2,0,2,0,0,1,0,0,2,1,2,1,2,2,1,1,2,1,1,2,1,2,2,1,1,2,0,0,1,2,1,1,1,1,1,0,0,2,1,1,2,1,1,0,2,0,2,1,1,2,0,1,1,0,0,0,0,1,1,0,2,2,0,2,1,2,2,2,0,0,2,2,0,2,0,2,0,1,2,2,0,1,2
snp-50,1,1,1,0,0,0,0,1,1,2,1,0,2,2,1,2,1,2,0,2,0,0,2,0,1,1,1,1,1,2,1,1,0,1,2,0,2,2,2,1,2,1,2,2,1,0,0,1,1,1,0,0,1,1,0,1,1,2,1,0,0,1,2,1,0,0,0,2,0,0,1,1,2,1,0,1,0,1,1,2,0,0,1,2,2,0,1,1,0,1,2,1,1,2,0
snp-51,1,2,2,2,0,0,2,2,0,0,1,1,0,0,0,0,2,0,1,0,0,1,0,2,1,0,0,0,2,1,1,1,1,0,2,2,1,0,0,0,0,0,0,1,0,0,2,0,2,1,1,0,1,2,2,0,2,1,2,0,0,0,2,1,1,0,1,1,0,1,2,2,2,2,1,2,2,2,0,2,1,0,1,0,1,1,2,1,1,2,1,1,1,2,0
snp-52,1,2,1,1,2,2,2,0,2,0,0,1,0,0,0,1,1,0,0,1,2,2,0,1,0,1,1,1,2,0,2,0,1,0,1,0,0,1,2,1,0,1,2,1,2,2,1,0,2,1,2,0,2,1,2,0,1,0,2,2,0,2,2,1,0,1,0,1,1,0,2,2,0,1,0,0,0,0,2,0,2,1,1,1,2,2,2,0,0,1,2,1,2,2,2
snp-53,2,1,1,2,0,0,0,2,2,2,0,0,0,1,1,0,1,0,0,0,2,0,2,2,0,2,0,1,0,2,2,1,2,1,2,1,2,2,0,0,2,0,1,2,0,2,2,0,1,2,2,2,0,1,1,1,1,1,0,0,2,2,2,1,1,0,0,0,2,2,2,0,1,2,1,1,0,1,0,2,2,2,2,2,1,2,2,0,2,1,1,1,0,1,2
snp-54,2,1,1,1,1,1,2,0,0,1,2,2,0,1,2,2,1,0,2,2,0,2,1,0,1,2,1,0,2,2,0,2,2,2,0,2,2,2,0,0,1,1,2,2,2,1,2,1,0,0,2,0,1,1,2,2,0,2,1,1,1,1,2,1,0,0,0,0,2,1,0,1,1,1,2,2,1,0,0,1,2,2,1,2,1,1,2,2,1,0,2,1,0,1,1
snp-55,1,2,1,0,2,2,1,0,2,0,1,1,0,1,2,1,0,0,2,1,2,1,0,1,1,0,2,2,2,1,0,1,0,0,1,2,0,1,1,1,1,0,2,0,2,2,0,2,2,0,1,2,0,1,2,1,2,0,2,1,0,1,2,2,2,1,1,0,2,0,1,1,2,1,2,0,2,0,2,2,0,2,0,2,2,0,0,1,1,0,0,2,1,2,2
snp-56,0,1,1,2,0,2,1,1,1,0,1,2,2,1,1,2,1,0,2,1,1,0,1,0,1,1,0,0,2,0,2,2,0,2,2,0,1,0,0,0,2,0,1,1,2,2,0,1,2,0,0,1,0,2,1,2,2,0,1,2,2,1,0,1,1,0,0,2,2,2,2,1,1,0,1,1,0,2,1,2,1,0,1,0,0,2,1,2,2,2,2,1,2,2,1
snp-57,1,2,2,2,1,0,1,1,0,0,2,2,0,2,0,1,1,2,1,0,2,0,2,0,0,0,0,0,0,2,1,2,0,2,0,1,2,1,2,0,2,0,2,2,1,2,2,1,0,0,1,1,0,0,0,1,0,0,1,2,1,1,0,2,2,2,1,2,0,0,0,1,0,1,1,0,0,0,2,0,0,2,1,1,1,1,2,2,1,2,2,0,1,2,0
snp-58,1,0,0,0,0,1,0,1,0,0,1,1,1,2,2,0,0,0,1,2,1,0,0,1,1,2,0,1,0,2,1,0,2,2,1,2,0,0,1,2,1,0,2,1,1,2,0,2,0,2,0,1,2,1,0,2,2,0,2,0,1,2,0,0,1,1,0,1,2,0,0,0,2,2,2,0,2,0,1,2,2,2,1,2,1,2,0,1,1,2,1,1,2,2,1
snp-59,2,1,2,1,0,0,2,1,0,0,1,1,2,2,2,2,1,2,0,1,2,1,0,1,1,2,0,2,0,2,2,1,0,1,0,0,2,1,1,0,2,0,1,2,1,2,0,1,0,1,0,1,1,1,1,2,0,1,2,0,1,1,2,1,0,0,2,1,1,2,1,2,1,1,2,0,1,0,1,0,0,0,1,2,0,0,1,2,2,1,0,0,1,1,2
snp-60,2,1,1,0,2,1,0,1,2,0,2,0,1,2,2,2,0,2,1,0,0,1,0,0,2,1,2,0,2,1,1,0,1,2,1,0,0,0,0,0,1,0,0,0,1,2,0,0,1,0,2,2,2,1,2,0,2,1,2,1,1,1,2,2,1,1,2,1,2,1,2,1,1,0,2,1,1,0,1,1,0,2,1,2,2,0,0,1,2,1,2,2,2,2,0
snp-61,0,2,1,0,0,2,2,0,2,0,1,1,1,1,2,1,2,0,2,0,1,0,1,0,0,2,2,0,0,0,1,0,2,1,2,2,2,1,2,0,0,1,2,1,2,2,2,1,1,0,2,0,1,2,0,0,0,1,0,2,0,0,0,0,0,2,1,1,0,1,1,2,2,2,1,1,1,1,2,2,1,2,0,2,2,2,1,1,2,0,2,2,1,0,2
snp-62,2,0,1,0,2,0,0,0,0,0,0,1,2,1,2,1,1,2,1,0,1,1,0,0,1,0,1,1,0,1,0,2,1,1,2,1,1,0,0,0,0,2,2,2,1,1,0,1,2,1,2,2,1,0,0,0,0,0,1,1,0,1,1,2,1,0,2,1,2,1,1,2,0,2,1,2,2,1,1,2,2,2,2,2,1,0,1,1,1,1,1,0,0,1,2
snp-63,1,0,1,1,0,0,2,2,1,2,2,2,1,2,1,2,0,1,0,0,1,0,0,1,0,2,0,1,2,0,1,0,1,0,1,1,0,1,2,2,1,2,1,2,2,0,2,1,0,1,0,0,0,2,2,1,2,1,0,0,1,1,2,2,1,0,1,0,1,1,0,2,1,0,0,0,2,0,1,1,1,1,1,1,1,2,0,0,0,0,1,1,2,2,2
snp-64,1,0,1,1,1,0,1,2,0,1,0,2,0,2,0,1,2,2,2,2,0,1,1,0,1,1,1,0,0,2,2,2,0,0,2,1,1,1,2,2,2,0,2,1,1,2,2,1,0,0,2,1,0,1,0,1,2,0,0,1,2,1,2,0,0,0,1,1,2,2,1,0,1,1,2,0,1,1,0,2,2,1,0,1,0,0,0,0,2,2,0,1,1,0,0
snp-65,0,2,0,0,2,2,0,0,2,0,0,2,0,1,0,0,1,2,0,2,1,1,2,2,0,1,1,1,0,2,0,2,0,0,2,0,0,1,1,1,2,1,0,2,1,0,2,2,2,2,0,0,1,2,0,2,1,0,1,0,1,1,1,1,1,1,1,2,2,2,0,2,2,2,1,2,0,0,0,1,0,2,0,0,0,0,0,1,0,2,2,1,0,0,0
snp-66,0,2,2,0,1,0,0,1,1,1,1,2,0,0,2,0,0,0,1,0,0,2,0,0,2,0,2,0,1,1,2,0,0,1,2,2,1,1,1,1,1,1,1,0,0,0,1,0,0,1,1,2,2,2,0,1,2,1,0,0,0,1,0,0,0,0,2,0,0,1,0,2,1,1,1,2,1,0,2,1,2,0,1,1,0,2,1,0,0,2,0,2,0,0,0
snp-67,2,2,0,0,0,2,1,1,0,1,1,0,2,1,2,1,0,2,0,0,0,1,0,1,2,0,0,2,0,2,2,1,1,1,2,2,1,2,2,2,2,1,0,0,1,2,1,0,1,0,2,0,2,2,2,0,0,1,0,2,0,2,1,1,0,2,0,2,1,2,0,1,0,2,2,2,2,2,1,2,0,0,2,2,0,0,2,0,2,1,2,1,2,0,1
snp-68,2,2,0,1,1,0,1,1,2,0,1,1,1,2,1,2,1,1,1,2,1,0,0,2,2,1,0,2,0,1,0,0,0,1,1,1,2,2,1,1,1,1,1,0,0,1,2,2,2,1,1,2,2,1,0,0,1,1,2,0,2,1,0,0,2,2,0,1,1,2,0,0,2,1,1,0,1,2,2,2,2,1,1,0,0,0,0,1,0,0,0,0,0,0,1
snp-69,0,2,1,1,2,2,2,1,1,2,1,0,0,0,0,2,0,1,2,1,1,0,2,1,2,2,0,1,2,0,0,2,1,2,2,1,1,2,0,1,1,2,2,2,0,1,0,1,1,0,0,0,0,0,2,2,1,1,0,1,0,1,1,0,1,0,0,0,1,0,0,2,1,0,0,2,1,0,2,0,0,1,0,2,1,0,0,1,0,0,0,2,1,2,1
snp-70,1,1,0,2,2,0,2,1,0,1,1,1,1,1,0,2,2,2,0,0,2,0,0,2,1,0,1,1,1,2,1,1,2,0,1,1,1,0,0,1,1,1,2,2,2,1,0,2,0,2,0,2,0,1,1,2,2,2,2,1,1,1,0,2,2,0,2,1,2,1,1,2,0,0,2,0,2,1,2,1,0,0,2,1,0,2,1,0,0,0,2,2,0,2,2
snp-71,2,0,1,2,2,2,0,1,1,1,0,1,2,0,0,0,1,0,2,2,1,2,2,0,0,2,1,1,2,2,0,1,2,2,0,0,2,1,1,0,2,2,0,2,0,2,1,0,0,0,2,2,0,0,1,0,1,0,2,2,2,2,0,1,0,0,2,0,1,1,1,2,1,0,2,0,2,0,2,2,2,2,1,0,0,0,1,0,1,1,1,1,0,1,0
snp-72,1,0,1,1,2,0,0,2,0,0,1,2,2,0,1,1,1,1,2,1,1,2,2,0,1,1,2,0,0,1,2,1,1,2,1,1,1,2,2,0,2,1,0,1,0,2,1,1,2,0,1,0,1,1,0,1,1,2,2,0,2,0,1,1,1,1,1,0,1,1,0,2,2,0,0,0,2,0,0,1,2,1,1,2,1,2,1,0,1,2,2,2,0,2,2
snp-73,1,1,1,2,2,2,0,2,2,1,0,0,2,2,0,1,0,2,1,2,2,1,1,0,0,0,1,2,0,0,2,1,2,0,1,0,1,0,0,2,0,2,0,1,1,2,2,1,1,0,2,0,0,2,0,1,0,1,0,2,2,0,0,0,1,0,1,2,2,0,0,1,1,2,0,0,1,2,2,2,2,1,0,2,1,0,1,1,1,2,2,2,1,1,2
snp-74,0,1,1,0,2,2,1,1,1,2,0,0,0,0,0,1,0,0,0,1,0,2,2,2,0,0,0,0,2,1,2,0,2,2,0,1,2,2,2,0,0,2,2,2,2,1,2,0,2,1,1,0,2,0,1,2,0,2,1,2,1,2,2,1,0,0,2,2,1,1,2,0,1,0,1,1,2,2,1,0,2,0,1,2,1,0,2,0,0,0,2,0,2,2,2
snp-75,0,1,0,0,1,1,1,2,0,0,2,1,2,0,0,1,0,1,1,2,1,1,2,1,0,1,2,0,0,1,0,0,1,0,1,0,1,0,0,2,1,1,0,2,1,1,1,1,2,0,0,0,1,2,0,2,2,0,2,2,1,2,0,0,0,2,2,2,2,0,0,2,1,1,1,0,0,2,1,2,1,1,1,2,0,0,1,2,0,2,2,0,0,1,2
snp-76,1,0,0,1,0,1,2,2,2,0,0,0,0,0,0,2,0,0,2,1,1,2,0,1,0,2,1,0,0,2,0,1,1,1,2,2,0,2,2,0,0,1,1,1,2,2,0,2,0,0,2,0,2,2,1,0,1,2,2,2,0,2,0,1,1,1,0,0,2,1,0,2,2,1,0,1,2,2,2,2,0,1,0,0,2,1,0,2,0,2,1,1,1,2,1
snp-77,1,0,2,1,0,1,1,0,2,1,2,2,0,2,2,2,0,2,0,1,0,1,2,0,0,2,1,0,1,0,0,0,0,2,1,0,1,0,2,0,2,2,1,0,2,0,2,0,2,1,1,0,1,1,2,0,0,0,0,1,2,1,1,1,2,1,0,1,1,1,2,2,2,2,1,1,1,1,2,0,1,1,2,1,0,1,1,1,1,0,1,1,2,1,1
snp-78,2,2,1,0,1,2,2,1,0,0,2,0,2,2,2,1,0,1,2,2,1,1,1,2,1,1,2,0,2,2,2,1,0,0,1,1,1,2,0,2,2,2,0,1,0,0,2,1,0,0,1,0,2,2,1,0,1,2,0,0,1,2,1,1,2,2,2,2,0,1,0,1,0,0,1,2,2,1,2,1,0,1,2,2,1,1,1,1,1,1,0,2,1,2,0
snp-79,0,2,1,0,0,0,1,0,0,2,1,0,2,0,0,2,0,2,1,1,2,0,0,0,2,0,1,1,0,0,2,2,2,2,2,2,0,1,1,0,2,2,1,0,0,1,0,1,2,1,1,2,1,2,2,1,0,1,2,2,0,2,2,2,2,1,2,1,2,0,0,0,2,0,1,0,0,2,0,2,2,2,1,2,0,2,1,1,2,1,2,2,1,2,0
snp-80,2,1,0,1,2,1,2,2,1,1,2,1,0,0,0,1,0,1,2,1,1,0,1,0,2,0,1,1,2,2,2,1,1,1,1,1,2,1,1,0,1,0,2,1,0,0,0,2,0,2,0,1,1,1,1,1,1,2,1,2,2,2,2,2,0,0,0,0,2,2,2,0,1,1,1,1,1,0,0,1,0,2,1,0,0,0,1,1,2,1,0,1,2,1,1
snp-81,2,1,1,1,0,0,2,2,0,1,1,2,1,1,2,0,1,1,1,2,2,1,2,0,0,1,2,0,2,1,0,2,0,0,1,2,0,1,1,1,1,0,0,1,1,2,0,1,2,2,0,1,1,1,0,0,1,1,2,1,1,1,1,1,1,2,2,1,2,1,2,0,0,1,2,1,1,0,2,1,2,2,0,2,2,0,2,0,1,1,2,0,1,0,0
snp-82,1,0,1,2,2,0,1,2,2,0,1,0,2,2,2,2,0,2,1,0,2,0,0,1,2,0,0,0,2,0,0,1,0,2,1,1,2,1,1,2,0,0,2,0,1,2,2,1,0,0,1,2,1,0,0,0,1,1,1,2,0,0,0,0,1,1,1,2,1,2,1,0,0,2,2,1,2,2,1,1,2,2,2,2,1,1,2,2,0,1,0,2,1,2,2
snp-83,2,1,1,0,0,1,1,2,0,1,1,0,0,0,0,2,0,1,0,1,1,2,0,1,1,1,0,1,1,1,1,2,2,0,0,1,2,0,1,0,1,2,1,1,2,1,2,1,2,2,2,0,1,0,2,0,1,1,2,0,2,2,0,0,0,1,1,1,2,2,1,2,2,0,1,2,2,1,1,0,2,1,1,0,1,2,2,2,0,2,0,0,1,0,0
snp-84,2,1,2,0,1,0,2,2,1,1,0,0,2,1,0,1,0,1,0,0,2,1,1,1,1,0,0,2,1,2,0,1,1,0,1,0,0,2,1,1,2,2,1,0,0,1,0,0,1,1,2,0,0,2,0,0,1,1,1,1,1,2,1,1,0,0,1,1,0,1,1,0,0,0,2,1,0,2,1,1,1,0,0,2,2,2,2,1,2,2,0,1,1,2,0
snp-85,2,0,1,0,1,1,2,0,2,1,0,0,1,0,2,1,0,0,1,2,1,2,1,0,2,2,1,1,2,1,1,1,2,2,1,1,1,0,1,0,1,2,1,1,1,2,1,1,1,2,0,1,0,2,0,0,1,2,1,1,2,2,1,2,0,2,1,0,2,2,1,2,1,0,0,1,0,1,1,1,0,2,1,1,0,1,2,2,0,1,2,0,1,2,2
snp-86,0,0,1,2,0,1,0,2,1,0,1,2,1,1,2,1,1,2,2,1,2,1,2,0,0,1,2,1,1,0,1,1,0,1,0,1,0,0,0,2,0,0,1,2,2,0,2,2,2,1,1,2,1,0,0,0,1,0,0,0,1,2,2,0,2,1,0,0,2,0,0,2,2,1,2,0,0,2,0,0,0,2,1,2,0,2,0,0,2,0,0,0,0,0,0
snp-87,1,0,0,1,2,0,2,0,1,2,1,1,0,0,1,1,0,2,2,1,2,0,1,2,1,1,2,1,1,1,1,2,0,0,2,0,2,0,0,2,2,1,2,0,2,2,1,0,1,2,2,2,2,1,1,2,2,0,0,0,2,2,2,1,0,2,2,2,2,0,1,2,0,2,2,1,1,0,2,0,0,1,0,0,0,0,0,2,0,0,0,2,2,0,2
snp-88,2,2,1,1,0,1,1,2,0,1,0,1,0,2,2,1,2,2,1,0,0,2,1,1,2,0,1,1,2,1,1,2,1,1,0,1,0,2,1,2,2,0,0,2,0,1,0,2,1,0,0,0,2,1,0,2,2,1,0,0,0,2,1,1,0,0,2,1,1,1,0,2,2,2,1,1,0,0,2,1,2,0,0,0,2,0,0,1,0,1,2,1,0,0,2
snp-89,2,1,2,0,1,0,0,0,2,2,1,0,0,0,0,0,0,1,1,0,2,1,1,0,0,0,1,2,0,2,1,0,2,1,0,0,1,0,0,2,2,2,1,0,0,0,2,1,0,0,0,2,2,0,1,1,2,0,1,1,1,0,1,2,2,2,1,2,0,1,1,1,0,2,2,1,0,1,0,2,0,1,0,0,2,1,0,0,1,2,0,0,0,1,0
snp-90,1,2,2,2,0,2,0,0,2,1,2,2,2,1,0,0,0,2,1,2,1,1,1,1,0,0,1,2,1,1,0,0,1,0,1,2,1,1,1,2,0,2,0,0,2,1,0,0,0,2,1,1,2,0,1,2,0,1,2,2,0,1,0,0,0,1,0,0,0,1,1,1,2,2,1,0,0,0,1,2,2,2,1,1,0,0,0,0,2,1,1,2,2,1,1
snp-91,2,1,1,0,2,0,0,1,0,1,1,2,2,0,0,1,1,0,2,1,0,2,1,1,2,2,0,2,1,0,2,2,1,0,1,1,1,0,1,0,1,0,0,0,2,0,1,0,1,1,1,0,1,0,2,2,0,1,2,0,0,2,1,2,0,0,0,2,1,2,1,1,2,0,0,2,2,1,0,2,0,1,1,0,2,1,1,2,0,0,2,0,1,1,0
snp-92,0,2,1,0,0,2,0,2,1,1,2,2,0,2,0,1,1,2,2,0,0,0,2,0,0,1,0,2,1,0,2,2,0,2,2,1,1,2,2,0,2,2,1,2,0,2,0,1,1,1,1,0,2,2,2,2,2,0,1,0,1,0,2,0,2,2,2,0,0,0,1,0,2,1,0,1,2,2,0,2,0,1,0,2,1,2,2,1,0,2,0,1,2,1,1
snp-93,0,1,0,1,1,1,2,1,0,1,1,1,2,1,2,2,2,0,2,1,2,1,1,1,0,1,0,1,2,1,1,2,0,1,0,1,1,2,0,1,0,1,2,2,1,2,1,2,1,1,2,2,1,0,0,0,1,1,1,1,1,0,2,2,2,1,1,1,1,2,0,2,0,2,1,0,2,2,0,0,0,2,2,0,2,1,2,0,0,1,2,0,2,1,0
snp-94,1,2,1,0,0,0,1,0,2,1,0,2,1,2,1,0,2,1,0,1,1,2,1,2,2,0,1,2,1,2,1,2,2,1,2,1,2,2,1,2,2,2,1,1,0,1,0,2,1,1,0,1,1,0,2,2,2,2,1,0,1,0,1,0,2,1,0,2,0,2,2,0,1,0,2,2,0,0,1,2,1,1,1,1,0,0,0,2,2,2,2,0,2,1,1
snp-95,2,0,0,1,2,1,2,2,1,2,1,0,1,2,0,1,0,2,1,1,1,0,0,1,2,2,2,0,0,0,1,0,1,0,0,1,2,2,1,0,0,1,2,0,1,2,1,2,2,2,0,2,2,2,0,2,2,1,1,1,1,1,0,1,0,1,2,2,1,2,1,1,0,1,0,2,2,2,0,0,1,2,0,0,1,2,2,2,0,2,1,0,1,1,2
snp-96,1,2,1,2,1,0,0,0,2,1,1,1,1,2,2,0,2,1,0,2,2,0,0,0,1,1,2,0,2,2,2,1,1,2,2,2,1,2,1,1,1,2,0,2,1,0,1,2,1,1,0,2,2,0,0,1,1,2,2,1,0,2,1,1,1,0,1,0,1,0,2,0,2,1,1,1,2,2,1,1,1,2,0,2,1,0,2,1,0,0,1,1,2,1,0
snp-97,1,2,2,1,1,0,1,1,2,2,1,1,1,0,1,0,1,2,0,0,2,2,2,1,2,0,1,1,1,1,2,2,2,1,1,0,1,2,0,0,0,2,1,1,0,2,0,1,2,0,0,1,2,0,2,1,0,1,2,2,0,2,2,2,1,0,0,0,2,2,0,1,1,0,0,0,1,2,0,0,0,2,0,1,0,1,2,1,1,1,2,2,1,0,0
snp-98,0,2,0,1,2,1,1,2,1,2,1,2,2,2,1,2,0,1,0,2,2,1,0,2,1,0,1,2,1,0,2,0,0,2,1,0,2,2,1,1,2,0,1,1,1,1,0,0,2,1,0,1,1,1,0,1,1,2,2,0,1,1,2,2,1,1,2,2,1,2,2,0,2,2,0,1,2,0,0,0,2,0,2,0,0,1,2,2,1,0,2,0,0,1,2
snp-99,0,0,0,0,1,1,1,1,1,0,0,0,1,2,2,0,1,2,0,2,2,0,0,2,2,0,1,1,1,2,0,2,2,2,0,0,0,2,1,0,1,1,2,0,2,2,1,1,2,1,2,2,1,1,1,2,1,0,2,1,1,0,0,0,1,0,0,1,2,1,2,1,1,1,1,1,2,1,2,0,1,0,2,1,1,0,1,2,1,0,0,0,2,2,0
snp-100,0,2,1,1,1,2,1,0,1,1,0,0,2,0,1,2,1,0,0,2,1,0,1,1,1,1,2,2,0,1,1,1,2,1,2,0,1,2,0,1,1,0,2,2,1,1,2,0,1,1,0,1,2,0,0,0,0,1,0,2,1,1,0,1,1,2,0,2,0,2,1,0,2,2,1,2,0,2,2,2,1,1,1,0,1,1,0,0,2,1,2,1,1,1,1
snp-101,0,0,2,0,1,2,1,2,2,0,0,0,1,2,2,0,0,1,2,2,1,0,1,2,2,2,0,2,0,1,0,2,1,1,2,2,0,2,0,2,0,0,0,2,0,1,0,2,2,2,2,1,0,1,0,1,1,1,1,1,1,0,2,1,1,2,1,0,1,0,2,0,0,1,0,2,2,0,2,0,1,1,1,0,1,1,1,2,2,1,0,0,0,1,2
snp-102,1,1,2,1,0,2,1,1,1,1,0,2,0,1,1,0,0,2,2,0,2,2,2,2,0,1,2,0,0,2,2,2,1,0,0,0,1,2,2,2,1,2,2,0,1,1,2,0,2,1,0,0,1,1,0,0,2,1,1,0,2,2,0,0,0,2,0,2,0,1,2,2,2,2,1,1,2,0,0,0,0,1,0,2,0,1,2,2,2,2,1,1,0,2,2
snp-103,2,0,2,1,2,1,0,2,0,0,2,2,1,2,1,0,1,1,2,2,1,2,2,0,0,2,1,1,2,1,0,2,0,2,2,0,2,2,2,0,2,1,0,0,0,1,0,0,2,0,0,0,0,2,0,1,2,1,0,1,2,0,1,1,1,2,0,0,0,1,2,0,1,0,2,2,2,2,1,2,2,2,0,1,1,2,2,2,1,2,0,2,1,0,2
snp-104,2,0,0,0,0,0,0,1,0,2,0,1,0,0,2,1,0,2,0,0,2,2,2,2,0,2,1,1,1,1,0,1,2,0,1,1,1,2,0,1,2,2,2,2,2,0,2,0,1,0,1,1,0,2,0,1,2,0,1,1,0,1,0,2,2,0,2,0,1,2,2,0,1,0,0,0,2,1,1,0,1,2,2,0,1,1,0,0,2,0,0,0,2,2,0
snp-105,2,2,2,2,2,2,2,1,0,0,2,1,2,2,1,0,0,1,1,1,0,0,1,2,2,1,2,1,2,2,2,1,0,0,1,1,1,2,2,2,2,1,0,1,1,1,0,2,2,2,0,0,1,1,1,0,0,0,2,0,0,2,2,1,0,2,0,0,0,0,0,0,1,2,1,1,0,0,2,0,0,2,2,0,1,0,2,1,2,0,1,2,1,1,1
snp-106,1,1,2,2,1,0,0,2,1,1,2,1,1,2,1,2,2,1,2,0,2,1,2,0,2,2,0,1,2,0,0,0,0,0,2,0,0,2,2,2,0,2,0,1,0,1,1,1,2,1,1,1,0,1,1,0,0,2,0,2,2,1,0,0,2,2,1,2,1,0,2,2,1,1,0,0,2,1,0,0,1,0,1,0,2,0,1,2,2,1,1,0,0,0,1
snp-107,0,1,0,2,1,2,1,2,1,1,0,1,2,1,2,2,0,1,2,1,1,2,1,2,0,2,0,1,1,1,1,0,2,2,0,1,1,0,1,0,2,1,2,2,2,2,1,0,2,1,1,2,0,1,0,2,0,0,2,0,0,1,2,2,1,1,1,0,0,2,1,1,0,2,0,0,0,2,2,2,2,0,0,0,0,1,2,0,0,0,0,1,0,0,1
snp-108,1,0,2,0,1,1,1,1,0,2,2,0,1,1,1,2,1,1,1,2,1,0,2,1,0,2,0,2,0,2,2,1,2,1,1,2,2,2,1,1,0,0,2,1,0,0,0,0,2,0,2,1,2,2,1,1,2,0,0,2,2,1,1,1,2,1,2,0,1,0,0,2,1,1,1,0,0,1,0,0,2,2,1,0,0,0,1,0,0,0,1,2,1,1,2
snp-109,1,2,1,1,2,1,0,1,1,2,2,0,2,2,0,2,0,0,2,0,1,2,1,0,2,1,0,1,1,1,0,0,1,2,1,2,0,2,2,0,2,0,1,1,1,1,0,1,1,2,0,2,2,2,0,2,2,2,1,1,0,0,0,0,1,2,2,0,0,1,1,2,0,0,0,2,2,2,0,1,1,2,0,0,2,1,1,0,2,1,0,2,1,2,2
snp-110,2,1,2,0,2,0,2,2,2,0,1,0,2,1,1,2,1,1,1,2,1,0,0,0,1,1,0,0,0,1,2,1,1,2,1,2,1,1,0,0,2,2,0,2,0,2,2,1,1,1,0,0,1,0,2,0,1,2,2,1,1,1,1,2,0,1,1,2,1,2,1,0,1,0,0,2,2,1,1,1,2,2,0,0,1,1,1,0,0,0,1,1,0,2,1
snp-111,0,0,0,1,1,1,0,1,1,0,1,1,0,2,1,1,0,0,1,2,0,2,2,2,2,0,0,0,0,1,2,1,0,2,2,0,0,0,2,1,2,0,0,1,1,2,0,2,1,2,2,2,1,2,2,1,1,1,1,1,2,1,1,0,1,0,0,0,1,1,1,0,2,1,1,1,1,0,1,2,2,0,1,1,2,1,1,2,0,0,0,1,0,0,2
snp-112,1,2,1,1,2,1,2,2,0,2,0,2,2,0,0,2,0,2,2,0,2,0,1,1,1,2,0,0,1,1,1,0,1,1,0,0,2,0,0,1,2,2,1,2,0,1,0,0,2,0,0,2,0,1,1,2,2,0,1,0,1,2,2,0,0,2,1,0,0,2,0,2,0,0,0,1,1,0,0,1,2,1,1,0,2,0,2,0,1,0,1,2,2,1,0
snp-113,1,2,1,0,0,2,0,2,2,2,0,1,0,0,0,0,1,1,2,2,1,0,2,1,2,1,0,1,0,1,2,1,0,0,1,2,1,1,2,0,0,2,0,0,2,0,1,0,0,0,1,1,2,1,0,1,1,2,2,0,1,1,1,1,0,0,0,2,0,2,1,0,0,1,2,2,0,0,1,2,1,0,1,1,2,2,0,2,2,2,2,1,0,1,1
snp-114,0,0,2,0,1,2,1,0,1,0,1,0,2,0,0,0,2,1,2,2,0,0,0,1,1,2,1,0,2,1,1,2,1,2,1,0,1,0,0,0,0,0,2,0,2,1,0,1,1,0,2,2,2,1,1,0,1,2,0,0,0,1,1,0,0,0,1,1,0,1,1,0,2,0,0,0,2,2,1,1,0,2,0,1,1,1,0,1,1,1,0,0,0,2,2
snp-115,0,2,2,0,0,0,0,2,2,0,0,2,1,0,2,0,0,0,1,1,2,0,0,1,1,2,1,2,0,2,1,2,0,1,0,1,1,0,1,1,1,0,2,1,1,1,1,0,2,2,1,2,1,2,0,0,1,2,1,2,0,1,1,0,0,2,0,2,0,0,0,2,2,1,2,0,1,2,2,0,2,2,2,0,2,2,2,0,0,1,0,1,0,1,1
snp-116,1,0,1,0,1,1,2,2,1,0,0,1,1,0,1,0,1,2,0,2,2,1,0,1,1,2,0,2,2,0,0,0,2,0,2,0,0,0,2,2,0,0,0,0,2,1,1,1,1,1,1,1,2,0,2,2,1,1,2,2,0,1,2,1,2,2,0,0,0,1,0,2,2,2,0,2,2,0,0,2,2,1,2,2,0,0,0,2,0,1,0,1,1,1,1
snp-117,1,0,0,2,0,1,1,0,0,0,1,0,0,1,2,1,0,2,0,2,0,0,2,0,2,0,0,1,0,2,0,1,0,1,1,0,0,1,0,1,2,1,1,2,1,0,1,1,2,0,2,1,1,1,0,1,0,1,2,1,2,0,1,1,1,0,2,1,2,2,2,2,1,0,1,0,0,0,2,1,1,2,1,2,0,0,1,2,2,2,0,0,0,1,1
snp-118,2,1,1,1,0,2,2,2,0,0,0,1,0,0,2,1,1,0,2,0,1,0,1,1,0,0,1,1,2,1,2,1,1,0,2,0,1,0,0,0,2,1,1,2,2,2,0,1,1,2,0,2,2,1,2,0,1,0,2,1,2,1,2,2,2,1,1,0,2,0,1,0,1,1,2,2,1,1,2,2,1,0,2,2,1,1,2,1,0,2,1,1,1,2,2
snp-119,2,0,1,0,1,2,0,2,1,2,2,2,0,0,2,1,0,1,2,1,2,1,2,0,0,0,2,1,0,2,2,2,1,2,1,0,0,2,0,2,0,1,0,2,0,1,2,0,1,1,1,0,2,0,1,1,0,0,0,0,0,2,0,1,1,1,0,2,2,2,2,2,2,2,0,0,1,1,0,1,0,0,1,2,0,2,0,1,0,0,0,2,2,0,0
snp-120,0,2,0,1,2,1,0,2,2,2,0,0,1,2,2,0,2,0,1,0,0,1,0,0,1,1,0,1,1,1,0,1,0,1,1,2,1,1,0,0,2,0,1,2,1,1,1,0,0,0,0,2,1,0,1,0,1,2,1,2,1,0,1,1,2,2,1,0,0,0,1,0,0,0,2,1,1,1,0,0,2,1,1,2,0,1,2,1,0,2,2,0,1,0,2
snp-121,1,2,2,2,0,0,0,1,0,0,2,2,2,2,0,0,2,1,1,1,0,2,2,0,0,0,0,1,0,0,2,2,1,1,1,0,0,0,0,2,1,2,0,2,1,2,2,0,2,1,0,1,2,1,2,2,2,2,2,0,1,1,0,2,2,1,0,1,0,1,1,1,1,1,2,1,2,1,1,1,2,1,1,2,2,2,1,2,2,1,2,0,0,1,2
snp-122,1,2,0,1,1,2,1,2,0,2,0,2,2,2,1,1,2,2,2,0,0,0,2,2,1,0,0,0,0,1,2,2,1,2,1,1,2,1,1,2,0,2,1,1,2,2,1,0,0,0,1,0,0,1,2,1,2,2,1,0,0,0,0,2,1,1,2,2,0,1,2,0,2,2,1,0,2,0,1,0,2,1,2,1,1,1,1,1,1,2,0,0,0,2,0
snp-123,2,1,2,2,1,2,1,0,0,2,1,1,0,2,0,0,2,2,1,1,2,0,2,1,2,0,0,0,1,2,1,0,2,1,1,0,1,2,0,0,2,1,2,1,2,2,1,2,0,2,0,1,0,0,0,1,0,1,2,0,1,2,1,1,1,2,2,2,2,1,1,0,1,2,1,0,1,2,2,1,1,2,1,2,1,2,2,0,1,0,1,0,1,1,0
snp-124,2,0,2,0,0,0,1,0,2,2,0,1,0,1,1,0,2,0,1,2,1,2,0,0,2,0,1,0,0,2,1,1,2,2,0,1,2,0,2,2,1,2,2,2,2,1,1,1,1,0,2,1,0,0,1,0,1,1,2,1,0,2,0,2,0,1,2,2,2,0,1,0,2,2,1,0,0,0,0,1,1,0,0,1,2,0,1,0,1,1,0,1,1,0,0
snp-125,1,1,1,0,2,2,2,0,1,1,1,0,2,0,0,2,0,2,0,0,1,1,0,0,1,0,0,1,1,1,0,0,1,2,2,2,1,2,2,0,2,0,2,2,2,0,2,0,2,2,2,2,0,2,0,2,0,2,1,1,0,1,0,2,2,2,0,1,0,1,1,1,0,0,2,2,1,1,1,1,2,0,1,1,2,2,1,0,2,0,1,2,0,1,0
snp-126,1,1,0,2,0,1,2,0,2,2,1,2,2,2,1,1,1,2,1,1,0,2,0,2,2,2,1,0,0,2,0,0,2,1,1,2,2,2,0,0,0,1,0,2,2,0,1,1,1,1,0,1,0,1,2,2,0,2,0,0,0,2,1,2,0,2,0,0,2,1,0,2,1,0,2,1,2,0,2,2,0,1,1,2,1,0,0,1,1,0,0,1,0,0,2
snp-127,0,0,2,1,1,1,2,0,2,0,1,1,2,1,1,2,2,0,1,1,0,2,2,2,1,0,0,0,2,1,0,0,0,0,2,0,2,0,2,0,1,1,2,1,2,1,2,0,2,0,1,1,2,0,2,0,2,2,1,2,0,0,0,1,1,1,2,1,2,1,0,0,0,2,1,1,2,1,0,1,0,2,2,2,2,0,0,1,0,2,2,0,2,0,0
snp-128,1,0,2,0,2,2,2,2,0,1,0,2,2,2,0,2,1,1,1,1,1,0,2,0,1,2,0,1,1,0,2,1,0,0,0,1,2,0,0,0,1,2,0,2,0,1,0,0,1,2,1,2,1,1,2,2,2,0,0,2,2,0,0,2,0,0,2,1,0,2,1,1,2,1,0,2,0,0,2,0,0,0,1,2,1,2,0,0,2,0,1,2,0,1,0
snp-129,2,2,0,2,1,1,2,2,2,0,2,0,0,0,1,0,2,1,2,0,0,0,2,0,0,1,1,2,0,0,2,2,2,0,2,0,1,0,1,1,0,0,1,0,2,2,2,2,2,0,0,1,0,2,2,2,2,0,1,1,0,2,1,2,0,0,1,1,1,2,1,0,0,2,2,1,1,1,2,2,2,2,2,2,1,1,0,0,0,1,0,0,2,0,0
snp-130,2,2,0,1,2,2,2,0,1,2,1,2,0,1,1,2,2,1,1,1,1,0,2,0,1,0,1,2,0,2,1,2,2,2,0,0,0,2,0,0,2,2,2,1,1,0,2,1,1,2,0,0,0,1,1,0,0,1,1,2,2,1,0,0,1,2,2,0,0,0,2,1,1,0,1,0,1,0,0,2,0,1,2,0,0,2,0,1,2,1,0,1,1,2,1
snp-131,2,1,1,0,2,2,1,1,1,0,2,1,1,2,2,1,0,2,2,0,2,0,1,0,1,2,1,1,2,2,0,0,2,1,1,2,1,1,0,0,2,2,1,1,2,2,0,2,1,0,2,2,0,1,1,1,0,2,0,0,0,2,0,2,0,2,1,1,0,2,1,1,2,1,0,0,0,1,2,2,0,0,0,0,2,2,0,2,1,2,2,1,2,0,2
snp-132,0,2,2,1,2,0,2,2,0,2,2,1,0,1,2,2,2,1,2,0,0,1,0,0,0,0,0,2,2,0,2,0,2,0,1,0,1,0,0,2,2,2,1,0,1,2,0,1,0,2,2,2,0,0,0,2,1,0,0,1,1,0,0,2,0,1,1,0,2,0,1,1,2,2,0,2,2,1,2,0,0,2,1,1,0,1,2,2,0,2,0,0,2,2,2
snp-133,2,1,1,0,2,1,1,0,2,2,0,1,0,1,0,0,1,2,1,1,2,0,1,1,2,1,1,1,2,2,2,0,0,2,0,1,2,1,1,2,2,1,2,1,1,2,2,2,1,2,1,1,2,0,2,2,2,2,0,2,2,2,0,1,0,0,2,1,2,0,0,2,1,1,2,1,1,2,1,2,2,0,0,2,0,0,0,2,2,2,0,2,0,2,0
snp-134,2,1,0,2,1,2,0,1,2,0,2,0,2,1,1,0,0,2,0,2,1,0,1,0,0,2,2,1,0,0,1,0,2,1,2,2,1,2,2,0,1,1,1,2,1,1,1,1,1,0,1,2,0,0,2,2,2,0,0,0,1,0,0,0,0,0,1,2,0,0,2,0,2,2,2,2,2,2,1,2,1,0,1,1,2,2,0,1,1,0,2,1,2,2,2
snp-135,0,2,1,1,0,1,2,0,2,2,1,2,2,2,1,1,2,1,2,2,0,0,1,0,1,1,2,0,2,0,1,2,2,2,2,0,1,2,1,1,0,0,2,1,1,0,2,0,1,1,0,0,0,2,1,1,0,2,0,0,1,0,2,1,2,2,0,2,0,0,2,1,0,1,2,2,2,2,2,0,2,2,0,2,0,2,2,0,1,2,2,2,0,1,1
snp-136,2,0,2,1,0,1,1,1,0,1,2,2,2,0,0,1,2,0,2,0,0,2,2,2,0,0,0,0,1,0,2,2,2,1,2,1,1,2,1,1,0,2,1,0,2,0,2,1,0,2,0,2,2,0,0,2,0,1,1,0,0,0,2,1,1,1,0,0,0,2,1,1,0,2,1,2,0,1,2,1,2,1,2,0,0,0,1,0,0,0,2,1,0,1,0
snp-137,1,0,0,0,0,1,2,1,1,1,2,1,1,0,0,1,1,1,0,2,2,1,1,1,1,0,1,0,1,0,0,0,1,2,1,1,2,1,0,2,0,0,0,1,1,1,2,1,0,1,1,0,2,0,0,1,0,1,0,1,1,2,0,1,2,1,1,0,2,2,1,1,2,1,2,1,1,2,0,2,2,2,0,2,1,2,1,1,0,1,2,1,0,1,1
snp-138,2,2,1,0,1,0,1,2,0,0,0,1,0,0,0,1,2,2,1,0,0,0,1,1,2,1,0,1,0,1,1,2,2,0,1,2,1,1,0,2,2,2,1,1,0,0,1,1,1,2,1,2,1,2,2,0,1,1,2,1,1,2,2,1,2,2,0,2,1,2,0,1,1,0,1,1,2,0,2,2,0,1,0,2,2,1,0,0,0,1,0,0,1,0,2
snp-139,1,0,2,0,0,0,2,1,1,0,2,0,0,1,1,1,2,1,0,2,0,0,0,1,0,1,2,1,2,1,1,0,0,2,0,1,2,1,0,2,0,0,2,1,0,2,0,1,0,0,2,0,0,2,1,0,0,1,0,1,2,1,0,1,1,0,1,0,1,2,0,0,0,2,2,1,1,2,1,2,1,2,1,0,1,1,1,2,0,0,0,0,0,0,1
snp-140,2,1,0,2,0,0,0,0,0,1,2,1,1,1,2,1,1,1,1,2,1,2,0,2,0,0,0,0,0,0,1,1,2,0,0,0,2,2,0,2,2,0,2,1,0,1,2,0,1,1,2,2,1,2,2,1,1,1,2,2,2,0,2,1,0,2,0,1,0,0,0,2,0,1,0,2,2,0,1,1,0,0,0,1,1,0,0,1,0,1,0,1,2,0,1
snp-141,0,1,1,0,1,0,1,0,2,2,0,2,1,0,0,2,0,1,0,0,1,2,1,0,2,2,1,2,0,0,1,1,2,2,0,0,2,1,1,1,2,0,1,2,2,2,1,2,0,0,1,1,1,2,0,0,2,1,1,2,0,0,0,1,1,0,2,1,1,0,0,1,1,1,1,1,2,0,0,2,0,2,1,0,2,1,0,0,1,1,1,1,2,0,1
snp-142,0,1,0,1,1,0,1,1,2,0,2,1,0,2,0,1,1,1,0,0,2,1,2,0,1,2,1,2,0,2,1,0,0,1,2,1,1,2,2,1,0,2,1,2,2,0,1,0,1,0,1,1,2,1,0,1,2,0,1,2,0,0,0,2,0,2,1,0,0,0,0,1,2,2,2,0,0,1,2,1,2,2,0,2,2,2,1,0,1,1,0,1,1,0,0
snp-143,2,2,1,0,0,0,1,1,1,2,1,0,2,0,0,1,2,1,1,1,0,1,2,1,0,1,0,2,0,1,0,2,2,1,2,0,2,1,1,1,2,1,0,1,2,1,2,0,2,0,0,1,1,1,0,1,0,0,1,1,0,1,0,2,0,2,0,0,2,0,1,2,1,0,0,1,2,1,2,2,2,0,2,2,2,2,2,1,0,1,1,2,1,0,0
snp-144,0,0,2,0,1,2,2,1,0,2,1,0,2,2,2,2,2,0,1,1,2,1,2,1,1,0,2,0,0,2,2,0,0,1,2,0,0,2,0,1,1,1,1,0,2,0,2,0,1,2,1,0,0,2,0,1,1,2,2,2,1,0,2,0,0,1,1,2,0,0,0,1,0,2,2,2,0,1,2,2,2,2,0,2,1,1,1,0,1,0,2,1,0,1,1
snp-145,0,1,2,0,0,0,1,2,1,0,2,0,1,0,0,1,2,1,0,0,1,1,0,1,1,2,2,0,0,0,0,2,2,1,0,2,0,1,0,0,2,1,0,0,0,0,2,1,1,2,0,1,1,0,1,2,0,0,0,0,0,2,1,0,2,0,2,1,0,2,2,0,1,2,2,0,0,0,2,1,1,0,1,2,2,1,0,2,2,0,2,0,0,2,2
snp-146,1,2,0,1,0,1,2,2,2,2,2,2,0,2,1,0,1,0,0,1,0,0,1,2,0,0,2,0,1,0,0,1,1,2,2,2,1,1,2,2,0,0,1,1,0,1,0,1,2,2,1,0,2,0,1,0,1,2,0,2,2,1,0,1,0,0,2,0,0,1,0,0,0,2,0,1,1,2,2,2,0,1,2,2,2,2,0,0,0,2,0,2,1,2,1
snp-147,1,1,1,0,0,1,0,0,1,1,1,0,0,2,0,2,0,1,0,0,1,0,1,2,0,1,1,2,1,2,0,1,2,1,1,2,0,0,0,1,1,1,2,2,2,2,2,1,2,2,1,0,0,2,0,0,0,1,1,0,0,1,2,1,1,1,0,2,2,2,2,0,1,0,0,1,1,0,2,2,0,0,2,0,2,1,2,2,0,0,1,1,1,1,2
snp-148,2,0,0,0,1,1,2,1,2,2,0,0,1,2,2,2,2,1,1,1,2,0,2,2,0,1,0,2,0,0,0,1,1,0,2,1,0,2,2,0,0,0,0,1,0,2,1,1,2,2,2,1,2,1,1,2,0,1,0,1,2,2,2,0,2,2,1,2,1,0,2,0,2,1,2,0,2,2,1,0,2,0,1,2,0,2,0,1,0,1,1,1,0,0,0
snp-149,1,2,1,1,1,0,2,1,0,2,0,0,1,0,0,2,0,1,0,0,2,1,2,0,1,0,0,0,2,1,1,1,2,0,1,0,2,0,1,1,2,2,1,0,0,1,2,1,0,2,0,0,1,2,2,1,1,1,0,1,1,1,1,0,2,0,0,0,0,0,1,1,1,0,2,0,2,0,1,1,0,1,0,0,0,2,0,0,0,1,1,2,0,2,2
snp-150,2,2,1,1,2,2,0,1,0,1,1,0,2,1,2,1,0,1,0,1,0,2,0,1,2,2,0,2,2,2,0,2,1,0,1,0,2,1,0,1,0,1,1,2,0,0,1,0,1,0,0,0,0,1,2,1,0,2,2,2,0,0,2,2,0,2,0,2,2,0,1,0,1,1,2,0,1,0,0,0,1,1,2,0,0,1,2,0,2,0,0,1,0,1,1
snp-151,1,1,1,2,1,1,2,2,0,1,0,0,0,0,0,2,2,0,1,2,0,1,2,0,1,0,0,1,0,1,0,0,2,0,2,2,0,0,1,0,0,0,0,0,0,0,1,2,1,2,0,2,2,0,1,1,1,0,1,2,0,2,2,1,0,1,1,1,0,0,2,0,0,1,1,2,1,2,0,1,1,1,1,0,2,2,1,0,1,0,0,1,0,2,0
snp-152,0,2,0,2,1,2,1,1,0,1,2,1,1,1,1,0,2,1,0,0,0,0,0,1,0,1,0,0,0,2,1,1,2,1,2,1,1,2,0,0,0,1,0,1,2,1,2,1,1,1,2,0,2,1,2,0,2,0,2,0,2,1,2,1,1,2,1,2,1,1,0,2,0,1,1,0,0,1,1,2,2,0,1,0,0,1,0,1,2,2,2,0,1,0,1
snp-153,1,1,2,2,1,0,1,0,2,0,1,0,0,2,1,1,1,1,0,2,1,1,2,2,2,0,0,1,1,1,2,2,1,2,0,1,0,2,0,1,1,1,1,1,2,2,2,1,2,2,1,1,2,1,0,2,0,2,0,1,1,0,1,0,1,0,1,1,0,1,0,1,2,0,1,1,2,2,1,2,0,0,1,1,2,2,2,1,0,2,2,1,1,0,2
snp-154,0,2,2,2,0,0,0,0,1,0,1,0,2,2,2,0,1,0,2,1,2,0,1,1,0,0,2,2,2,1,1,0,1,2,2,1,1,0,1,1,0,2,2,2,1,2,0,0,0,0,2,2,0,1,0,1,2,1,2,1,2,0,0,0,0,1,1,0,0,1,0,0,2,0,2,2,0,1,1,2,2,0,2,1,1,1,0,2,1,1,0,2,2,1,2
snp-155,0,2,1,0,0,1,0,2,2,2,1,1,2,0,1,1,1,2,0,0,1,1,0,2,0,0,1,2,0,2,2,0,0,1,2,1,1,2,2,2,1,1,2,0,0,2,0,0,2,1,1,1,2,0,1,0,0,2,2,1,0,1,2,1,2,1,0,1,2,0,2,0,1,2,0,0,1,0,2,1,0,1,2,1,0,0,2,2,0,1,1,2,2,0,2
snp-156,1,0,1,0,1,0,1,2,1,1,2,2,1,0,0,0,2,0,0,2,2,0,1,0,2,1,1,0,0,2,0,2,0,0,1,1,0,1,2,0,1,0,0,1,1,1,0,1,1,0,1,2,0,2,1,0,2,2,0,1,0,2,1,0,0,0,2,0,0,1,1,1,2,1,1,0,1,0,2,1,2,0,2,2,1,1,2,0,2,0,0,0,2,0,2
snp-157,1,2,0,1,1,1,0,2,2,0,1,0,1,2,0,1,2,2,1,1,2,1,2,1,0,2,1,0,2,1,0,1,0,0,1,1,2,0,1,2,1,2,1,1,2,0,1,1,2,2,0,2,0,1,1,2,1,2,0,0,0,1,0,2,1,1,2,2,2,2,0,1,0,0,2,2,0,1,1,2,2,2,0,2,2,1,0,2,0,2,0,1,1,0,1
snp-158,1,1,2,1,1,2,0,2,1,1,2,1,0,0,1,1,1,2,0,2,0,0,1,0,2,0,2,1,0,1,2,2,2,1,0,2,1,0,0,0,2,2,1,0,0,1,0,1,1,0,1,2,2,1,2,2,2,1,1,2,1,2,1,1,0,0,1,2,1,0,0,1,2,2,2,2,1,0,1,0,0,0,2,0,0,2,1,0,0,0,2,2,0,0,0
snp-159,1,2,0,0,2,1,1,1,0,0,2,1,0,0,0,0,1,0,1,1,0,0,2,0,1,0,2,2,2,2,2,1,2,2,0,0,1,0,0,2,2,0,1,2,0,2,1,2,1,1,1,2,1,2,1,0,0,1,0,2,2,2,1,0,0,0,0,2,1,1,0,1,2,1,0,1,0,2,1,0,0,2,2,0,0,1,0,1,0,1,2,1,2,2,1
snp-160,0,2,0,0,1,0,2,1,2,2,2,0,0,1,0,1,0,0,2,0,0,0,0,1,2,0,2,0,2,2,0,2,1,0,2,1,1,1,0,2,1,2,0,0,1,1,1,0,2,0,1,0,2,2,0,1,0,1,2,1,0,2,2,2,2,0,1,1,1,1,1,2,2,1,0,2,0,2,1,0,2,1,0,2,0,0,2,0,2,2,1,1,1,2,2
snp-161,2,2,1,0,0,0,2,0,0,1,1,2,1,0,2,0,1,0,0,1,0,0,0,1,1,2,2,1,0,2,2,2,1,0,0,0,0,1,0,0,2,2,0,2,1,0,0,2,0,0,2,2,1,2,2,1,2,0,0,1,2,2,2,0,0,1,2,1,2,0,0,0,0,1,0,1,0,2,2,2,2,2,0,1,1,0,2,0,0,1,2,0,0,0,1
snp-162,1,1,0,1,0,1,2,2,1,2,1,0,1,1,0,2,1,2,1,1,1,0,2,2,0,0,2,1,0,1,0,1,1,0,0,1,0,2,2,0,1,0,0,2,2,1,0,0,0,1,2,2,2,2,0,2,1,1,1,1,1,1,1,1,2,1,0,2,2,1,2,1,1,1,0,0,2,1,2,1,1,2,1,0,1,0,1,1,1,0,2,1,0,0,2
snp-163,2,0,0,1,1,0,1,0,2,1,1,0,1,2,1,2,0,0,1,2,2,2,2,0,0,0,0,1,2,1,2,1,2,1,2,1,0,2,0,0,2,2,1,0,0,0,0,2,2,2,2,0,2,1,2,1,2,2,0,0,0,2,2,1,0,2,1,1,0,0,0,1,1,1,0,1,0,1,0,1,1,2,0,0,2,0,0,2,1,0,0,1,2,2,2
snp-164,2,0,0,0,0,0,2,2,2,2,2,1,0,0,0,1,2,1,2,2,0,0,1,2,2,2,1,1,0,1,1,1,1,2,1,2,0,2,0,2,2,1,0,1,1,2,0,2,2,1,2,1,0,0,1,1,0,0,1,2,1,2,2,2,1,1,2,0,2,0,2,2,2,2,1,0,1,0,2,1,1,0,1,1,0,1,1,1,1,1,2,0,0,2,0
snp-165,2,2,0,2,1,2,0,1,0,1,1,2,1,1,2,1,1,2,2,1,2,1,2,2,0,1,2,0,2,1,2,0,1,1,2,0,1,1,1,2,2,2,2,1,1,0,1,2,1,2,1,2,0,0,2,2,1,2,1,0,1,2,1,1,2,0,1,2,2,1,1,1,0,0,2,0,0,1,0,0,0,0,0,2,2,1,0,2,1,2,0,0,0,0,1
snp-166,0,1,1,0,2,0,0,1,0,1,0,1,2,2,0,1,0,0,1,2,0,2,1,2,1,2,1,0,2,2,0,0,0,2,1,2,1,1,2,0,2,2,0,0,1,2,2,1,0,1,2,0,2,1,2,1,2,2,2,0,1,1,0,2,1,2,1,0,1,0,0,2,0,0,2,0,2,0,0,0,1,1,2,1,1,1,1,0,0,1,2,2,2,0,1
snp-167,2,1,2,2,0,1,1,2,2,1,0,0,2,1,0,2,1,1,0,0,2,1,0,0,2,1,0,1,0,1,2,0,0,0,0,2,2,1,2,0,1,2,1,2,0,0,1,2,0,1,1,0,2,0,2,1,2,1,2,2,1,1,0,1,0,1,0,2,0,0,2,1,2,2,0,0,1,2,0,0,0,1,2,1,1,0,2,0,0,0,2,0,1,1,1
snp-168,2,0,1,1,1,1,1,0,2,2,2,0,1,0,1,1,0,0,1,0,1,0,0,0,0,2,0,1,1,1,2,1,2,2,0,2,1,0,1,2,2,1,2,0,1,0,2,0,1,0,0,0,0,1,0,1,1,1,0,1,2,2,1,0,1,2,0,1,0,0,2,1,0,2,0,0,1,2,2,2,2,2,1,1,2,2,1,2,0,1,0,0,2,0,0
snp-169,1,0,0,1,2,1,0,2,0,0,0,2,2,1,0,1,0,2,0,2,1,0,2,2,0,2,2,0,0,1,0,2,0,0,1,1,1,0,1,0,0,0,1,1,2,0,2,1,1,0,0,1,2,1,1,1,1,0,0,1,1,0,0,1,1,0,0,1,2,0,2,1,1,2,1,0,1,0,1,2,1,0,1,0,2,1,0,1,1,0,0,1,1,1,0
snp-170,1,0,0,1,1,1,0,1,1,0,1,0,0,0,1,1,0,2,1,1,0,2,0,1,0,0,1,0,2,2,0,0,1,2,2,2,2,1,0,1,0,0,1,2,0,1,0,1,2,1,1,0,1,1,1,0,2,1,2,1,0,2,1,2,0,0,1,0,2,0,1,0,0,0,2,0,2,2,1,2,1,0,1,2,1,1,2,1,1,1,0,2,2,0,1
snp-171,1,0,0,1,2,1,1,0,2,2,0,2,2,2,2,2,2,0,1,0,0,2,1,2,0,1,1,1,1,0,1,1,0,2,1,1,0,2,2,1,0,2,1,0,2,1,0,2,1,1,1,0,0,2,0,2,0,1,1,0,2,0,2,0,1,2,0,0,2,0,0,1,1,0,2,0,0,0,0,1,2,2,1,0,0,1,0,1,0,0,1,0,2,1,0
snp-172,2,2,0,1,0,1,0,2,0,2,2,0,1,2,2,2,2,1,1,2,1,0,0,0,1,1,1,1,0,2,1,1,2,1,0,1,0,0,2,0,0,1,0,2,0,2,1,2,2,0,1,0,2,2,1,1,0,0,1,1,1,0,0,1,2,2,0,2,0,0,2,2,2,1,0,1,2,2,1,1,0,1,0,2,1,1,2,1,0,2,2,2,2,0,1
snp-173,1,0,0,1,1,0,0,1,2,0,1,0,1,0,2,2,1,2,0,2,1,2,2,2,0,2,2,1,2,2,2,2,1,2,1,0,1,2,1,1,2,2,0,0,2,0,0,1,2,2,2,1,2,0,1,1,1,0,0,2,0,1,1,1,2,2,2,2,1,0,2,0,0,0,2,2,0,2,0,1,2,1,1,2,1,0,0,0,2,0,1,0,0,0,2
snp-174,1,2,1,2,1,2,1,1,0,2,0,2,2,0,2,1,1,2,1,0,2,0,0,2,0,0,2,0,1,0,2,2,2,2,2,0,2,0,2,0,1,2,2,2,1,1,2,1,2,0,2,2,2,1,0,2,2,0,2,2,1,2,2,0,0,0,0,2,1,0,2,1,0,2,0,1,2,1,1,2,2,2,2,1,2,0,1,0,1,1,1,2,0,0,2
snp-175,0,2,1,0,2,1,2,2,0,1,0,2,2,1,1,0,0,2,1,2,2,0,1,2,1,1,2,2,0,1,2,2,0,2,0,1,2,0,2,0,2,0,1,0,0,2,0,1,1,1,2,1,2,2,2,0,2,0,1,0,2,2,0,0,1,2,1,0,2,2,1,1,2,2,1,2,1,2,1,2,2,1,2,0,0,2,0,1,2,0,1,2,1,1,0
snp-176,2,1,2,0,1,0,1,0,0,0,0,2,1,1,1,1,2,1,1,0,0,2,2,2,0,0,2,0,1,1,0,0,1,2,0,1,1,0,0,2,0,2,1,2,0,2,1,2,0,1,2,2,2,2,2,2,0,0,0,2,1,2,2,0,1,1,2,0,2,2,2,2,1,1,2,0,2,1,0,1,1,0,0,2,0,1,1,2,0,0,1,1,0,0,0
snp-177,2,0,0,1,1,2,1,2,2,1,1,0,2,2,2,0,1,2,0,1,1,0,0,1,0,0,2,2,2,0,1,2,2,1,2,2,1,2,2,2,1,1,1,1,0,0,0,2,1,0,0,0,2,2,0,0,2,1,1,0,0,2,2,2,1,1,2,1,0,1,1,1,1,2,2,1,0,2,2,0,2,0,2,1,2,0,0,2,1,2,1,2,2,1,2
snp-178,2,0,0,1,1,0,2,1,1,2,0,2,0,1,2,0,1,2,1,1,0,1,2,1,1,2,0,0,0,0,0,1,1,0,0,1,0,2,0,2,2,1,0,2,1,1,2,1,0,2,0,1,2,0,0,1,2,0,0,2,0,1,1,2,2,0,0,2,0,0,1,1,1,0,2,1,1,1,0,1,1,1,0,1,1,1,2,2,1,2,2,2,2,0,2
snp-179,0,1,2,2,0,2,2,1,2,2,2,0,0,0,0,2,0,0,0,2,1,0,1,0,2,1,1,1,2,0,2,0,0,1,0,1,1,2,0,2,1,0,1,2,1,1,2,0,0,1,2,1,2,2,0,0,2,0,0,2,0,2,1,0,1,2,2,1,2,2,0,2,2,1,2,1,2,1,1,0,0,1,2,2,0,1,1,2,1,2,1,2,1,1,1
snp-180,1,0,1,2,0,2,1,2,2,1,2,2,2,1,1,1,0,2,0,2,2,1,2,2,1,1,2,0,0,1,0,1,1,0,2,2,2,2,2,2,2,2,2,2,0,1,0,0,1,2,2,0,2,0,1,2,1,1,1,1,0,0,2,1,0,0,0,2,2,0,0,1,1,1,1,0,0,1,0,1,0,0,0,2,2,2,1,2,1,2,1,0,0,0,2
snp-181,1,2,1,2,0,2,1,1,2,0,1,1,0,1,2,0,1,0,1,1,1,0,1,0,2,0,2,0,0,2,2,1,1,2,2,2,1,0,1,0,2,2,2,0,1,2,1,0,1,1,1,0,0,0,0,2,0,0,2,1,2,1,0,1,1,2,2,0,0,2,2,1,0,2,2,0,1,0,0,2,2,2,0,2,2,1,2,2,0,0,2,1,2,2,0
snp-182,1,0,1,2,2,2,1,1,0,1,1,1,0,1,1,1,1,1,0,2,0,2,0,0,1,0,1,0,1,2,1,0,2,2,1,2,2,0,2,0,0,2,0,0,0,0,1,1,1,0,0,2,2,2,2,2,1,1,2,1,2,0,0,0,2,1,1,0,0,2,1,0,0,1,0,1,2,1,2,0,2,2,1,0,2,0,1,0,1,1,1,0,2,1,2
snp-183,2,1,2,1,0,1,1,2,2,0,2,0,1,1,1,2,0,1,1,2,1,1,1,2,2,2,0,2,0,2,0,1,2,2,0,1,0,0,2,2,1,2,2,1,1,1,1,0,1,1,0,1,1,2,1,2,1,2,1,1,2,1,1,0,1,2,0,1,2,1,0,2,2,2,2,2,0,1,0,1,1,2,2,0,0,2,1,2,0,1,2,2,1,2,1
snp-184,2,1,2,0,0,2,1,2,2,2,1,1,0,2,2,1,1,2,0,2,2,2,0,0,2,2,0,1,1,2,1,0,1,1,0,0,0,0,0,0,0,0,1,2,2,0,2,0,1,0,0,2,2,1,1,0,0,2,0,2,1,0,2,2,2,0,0,0,2,0,2,2,0,2,2,0,1,0,0,0,1,1,1,0,2,0,2,2,0,2,1,0,2,1,0
snp-185,0,2,2,2,2,2,0,0,2,2,0,1,0,0,2,2,1,1,1,2,2,1,0,0,2,0,0,0,2,1,0,0,1,1,2,2,1,0,0,1,0,1,0,1,0,0,2,0,2,0,2,2,0,1,1,1,0,2,0,1,2,2,1,1,2,0,1,2,0,1,0,1,2,2,0,2,1,2,0,1,0,0,1,0,1,2,1,1,2,0,2,1,2,1,1
snp-186,2,1,1,1,2,2,2,2,0,1,2,0,2,1,1,1,1,1,2,0,0,1,0,2,1,1,1,2,2,0,1,2,1,1,2,1,2,1,1,1,1,2,1,1,0,2,1,1,1,0,2,1,1,2,1,1,2,1,1,1,2,1,1,2,2,1,0,0,0,0,1,2,0,1,0,1,0,2,2,2,0,0,2,2,0,0,1,0,0,1,1,0,2,2,2
snp-187,0,1,2,1,1,2,1,1,0,1,2,1,0,1,1,1,0,0,1,2,2,0,2,1,0,2,2,0,1,2,1,1,0,2,2,0,2,1,0,1,1,1,0,1,0,1,1,1,1,2,0,2,2,1,2,1,0,1,2,2,1,1,0,0,0,1,0,1,0,0,2,1,0,0,0,1,0,2,1,0,2,0,2,2,1,1,1,1,1,2,2,0,0,0,2
snp-188,0,0,1,1,2,2,0,2,2,0,1,2,1,1,0,1,2,0,0,0,0,1,2,0,2,2,1,1,2,2,1,0,0,2,1,0,2,1,0,0,0,0,2,1,0,2,1,1,0,1,2,0,2,2,2,0,2,2,2,2,1,1,0,0,0,0,1,2,1,1,0,2,1,1,2,2,0,1,0,2,0,2,0,2,0,2,1,1,1,1,0,1,0,2,0
snp-189,1,1,0,2,0,2,0,0,2,1,1,0,0,0,2,0,0,2,0,0,1,0,2,2,1,2,1,2,0,2,1,1,0,1,2,0,2,2,0,1,2,1,2,2,1,0,0,0,2,2,2,2,1,1,2,0,1,0,0,1,2,0,1,0,1,2,1,0,1,1,2,0,1,1,2,1,2,2,1,1,1,1,2,2,0,2,2,2,0,0,1,2,1,2,2
snp-190,1,2,2,2,1,0,2,0,1,2,1,0,1,0,1,2,0,2,2,2,2,1,1,0,2,1,2,1,2,0,1,1,1,0,0,0,0,1,1,1,0,2,2,1,1,0,0,0,2,0,2,2,0,2,0,2,0,0,2,0,1,2,1,2,0,1,0,2,1,2,2,0,1,1,1,0,2,0,0,0,1,0,2,0,0,2,0,2,2,0,0,0,0,2,1
snp-191,1,2,1,1,0,0,0,0,0,0,2,1,0,2,1,0,2,1,0,1,1,0,1,2,2,1,1,2,1,1,1,0,1,2,1,1,0,2,0,1,1,2,2,2,0,2,2,2,0,2,2,2,1,0,2,1,2,1,0,0,2,2,0,2,0,2,2,2,0,2,0,1,0,1,1,1,0,0,2,1,2,0,1,2,2,1,2,0,0,1,0,2,2,0,2
snp-192,2,2,2,2,1,0,2,1,0,0,0,2,0,0,1,0,1,1,1,2,1,1,0,2,0,0,0,0,0,1,1,0,2,0,1,2,1,0,0,2,1,0,1,0,0,1,2,2,0,1,0,2,1,2,1,2,2,1,0,2,0,0,1,1,1,0,0,0,2,1,0,1,0,2,0,1,1,1,1,2,2,0,1,0,1,0,0,1,1,2,0,2,1,0,0
snp-193,0,0,1,1,1,2,1,2,2,0,0,2,2,1,2,1,0,1,1,0,1,0,1,0,0,2,2,2,1,1,1,2,2,2,0,0,0,1,2,0,1,2,0,1,2,0,1,0,0,0,2,1,2,2,2,0,2,0,0,1,2,0,2,0,2,0,1,1,1,0,0,0,0,0,1,2,0,2,1,1,0,2,0,1,1,0,2,0,1,0,0,2,0,0,1
snp-194,2,2,1,0,2,1,0,2,2,0,2,0,0,1,0,0,1,0,0,2,2,2,2,1,2,1,0,2,0,2,0,2,1,1,0,2,1,0,0,1,0,0,0,2,1,1,1,1,0,1,2,2,0,0,0,1,1,0,0,2,1,1,2,2,2,2,1,2,1,0,2,0,2,1,2,0,2,2,2,1,1,0,2,1,1,2,0,0,0,0,2,2,0,2,1
snp-195,1,0,0,1,0,2,1,1,2,0,2,0,0,0,1,2,2,2,0,0,1,2,0,0,2,0,2,2,1,2,2,1,0,1,0,2,0,1,2,2,2,1,2,2,1,0,0,2,0,0,1,1,1,0,1,2,1,1,1,1,0,2,1,1,2,2,1,1,2,0,1,1,2,0,2,0,1,0,2,1,0,2,0,1,1,1,0,2,1,2,2,0,1,0,1
snp-196,2,1,0,0,0,0,2,1,0,1,2,0,2,0,2,0,1,2,1,1,2,1,1,1,2,0,2,1,2,1,0,2,1,0,0,2,1,0,0,2,0,2,1,2,2,2,0,2,0,0,2,1,1,0,1,0,2,1,0,2,1,0,2,1,0,0,2,2,2,1,2,1,0,2,2,0,0,0,1,0,0,0,2,1,1,2,1,2,1,1,1,0,0,2,0
snp-197,1,0,1,0,2,1,2,0,1,1,1,2,1,2,0,2,1,1,0,2,1,0,2,0,1,2,0,0,2,0,2,2,2,0,1,0,0,2,1,0,1,1,1,0,2,2,1,2,0,2,1,1,2,2,0,1,2,1,1,2,2,2,2,2,0,0,1,0,0,0,1,1,1,2,1,1,2,1,0,1,1,1,2,0,1,2,1,2,1,0,2,1,2,1,2
snp-198,2,2,2,2,1,2,1,1,0,2,2,0,1,2,1,0,0,2,0,2,1,0,2,2,0,0,0,0,0,0,0,1,2,2,1,1,2,1,1,0,0,1,2,2,0,2,1,2,2,0,0,2,1,2,0,1,1,2,0,1,2,2,0,2,2,1,0,0,2,1,1,2,0,1,0,1,1,1,2,2,2,0,2,0,1,1,1,0,0,2,0,2,0,1,1
snp-199,2,2,1,0,0,0,0,0,0,0,1,1,0,0,0,0,2,2,0,0,0,2,2,2,1,1,0,2,2,2,1,1,0,0,1,0,1,0,1,0,2,2,1,0,0,2,0,1,1,0,2,2,2,1,1,0,1,1,2,0,1,1,1,2,0,2,1,2,0,0,2,0,0,0,1,1,1,1,1,1,1,1,2,0,1,2,2,2,1,0,2,1,2,2,0
snp-200,1,2,2,2,1,0,1,2,2,2,0,1,1,2,1,2,2,2,0,2,2,1,2,1,2,1,1,0,0,0,1,2,2,0,2,1,2,1,2,0,0,0,2,1,1,1,0,1,1,2,2,1,0,2,0,2,1,2,2,1,0,1,2,0,1,0,2,2,1,2,2,1,0,1,2,0,2,2,1,0,1,1,1,1,0,0,1,0,1,1,0,2,0,2,1
snp-201,0,2,1,2,1,0,2,1,2,0,0,2,0,2,0,0,1,2,1,0,1,2,2,1,0,0,2,0,2,1,2,2,0,0,0,1,1,1,2,0,2,2,2,1,0,2,0,1,2,0,0,0,0,1,2,2,1,1,1,0,2,0,2,2,2,0,2,2,1,2,2,1,1,2,0,1,1,1,1,0,1,1,0,1,0,1,1,1,0,0,0,2,0,0,2
snp-202,0,0,2,1,1,1,1,2,2,1,1,2,2,1,1,1,0,1,2,0,0,2,1,2,0,1,2,1,1,0,1,0,1,0,2,0,0,2,2,1,2,1,0,2,2,1,2,1,2,1,0,2,0,2,1,2,0,0,1,2,0,0,0,1,1,0,1,2,2,0,0,0,0,1,0,1,0,0,2,0,0,0,1,2,1,1,2,2,1,2,0,2,1,2,1
snp-203,0,0,0,1,0,1,0,2,2,1,0,1,2,0,0,0,2,1,1,0,2,0,2,2,1,1,0,1,1,2,0,2,0,0,1,0,0,2,2,2,0,2,2,1,0,0,0,2,2,1,0,2,2,0,2,0,0,2,0,2,1,0,1,0,0,1,1,1,2,1,1,1,0,1,0,0,0,2,0,1,2,2,1,1,1,0,2,0,0,2,1,0,0,2,2
snp-204,2,0,2,0,1,0,1,0,2,0,1,2,2,1,1,2,2,2,2,1,1,0,2,0,2,1,1,1,2,2,2,2,2,2,1,1,1,0,0,1,0,0,0,0,0,2,1,0,2,1,0,0,1,0,0,0,2,1,1,2,1,1,1,0,1,2,1,0,1,2,1,1,0,2,0,0,2,2,0,1,0,2,2,2,1,0,2,1,2,1,1,1,2,1,2
snp-205,2,1,1,0,2,2,2,1,0,0,1,1,1,1,0,0,0,1,1,0,0,2,2,0,0,1,0,0,1,2,1,1,0,2,0,1,2,2,1,0,2,2,2,0,2,2,1,2,2,1,1,0,0,1,0,2,0,2,2,2,1,0,1,1,0,2,0,0,0,1,1,1,2,1,0,1,1,2,0,0,1,0,2,0,0,2,1,2,0,0,2,1,2,2,0
snp-206,2,2,0,0,2,1,2,2,0,1,2,0,2,1,1,1,2,1,0,1,0,1,1,0,1,1,2,0,2,2,0,0,2,1,2,1,2,1,2,0,1,1,0,1,2,0,0,0,0,1,0,2,0,1,1,0,1,0,2,0,2,1,1,0,2,2,0,2,0,1,0,2,1,0,2,2,2,0,2,0,2,1,1,1,2,2,1,0,2,2,2,2,1,0,1
snp-207,0,1,0,1,2,2,2,0,2,1,0,1,0,0,1,2,1,1,2,1,0,1,1,2,1,2,0,1,1,1,2,0,1,0,1,1,1,1,1,2,2,1,2,2,2,1,2,0,2,1,1,2,2,0,0,1,1,0,2,1,0,2,2,0,2,0,0,0,1,1,1,0,1,1,2,1,0,0,2,2,2,1,0,1,2,1,0,1,0,0,2,1,0,2,0
snp-208,2,2,2,1,0,0,1,0,2,0,1,0,0,0,0,0,2,2,2,1,1,2,1,0,2,2,2,1,1,1,1,1,2,2,0,1,0,2,1,1,1,0,1,2,0,0,1,2,1,0,0,2,2,1,1,1,1,1,0,1,1,2,0,0,2,0,2,0,0,2,1,0,2,0,0,1,2,0,1,2,2,2,0,2,1,0,0,1,2,1,0,2,0,2,2
snp-209,2,2,2,1,1,2,1,0,1,1,2,2,1,0,1,1,1,0,0,0,1,2,0,1,0,0,2,1,0,0,1,2,0,2,1,1,1,0,2,1,0,2,1,2,1,1,2,0,0,1,0,2,2,2,0,2,1,1,2,0,0,1,0,1,1,0,1,2,1,2,0,0,1,0,2,1,0,1,0,0,2,0,1,0,2,2,2,1,1,1,0,1,2,2,2
snp-210,2,2,0,2,1,2,2,2,1,0,2,1,1,2,1,0,1,1,1,0,0,2,2,1,1,1,2,2,0,2,2,0,0,1,1,2,2,1,1,1,2,1,0,0,1,0,1,2,0,0,2,1,2,0,0,1,0,1,2,1,2,0,1,1,1,2,0,2,2,0,0,1,1,0,2,1,2,2,2,2,0,0,1,1,2,1,1,1,2,1,2,2,2,1,2
snp-211,2,0,2,2,2,0,1,1,2,2,2,2,2,0,1,1,0,2,1,1,2,0,0,0,0,0,1,2,0,0,0,1,2,2,2,0,2,0,0,0,2,0,0,2,0,2,1,2,1,0,2,1,2,0,2,2,1,0,0,0,0,2,0,1,1,2,1,0,1,0,1,0,0,1,1,2,0,2,0,1,0,2,0,0,0,2,1,0,0,1,2,2,1,0,0
snp-212,2,0,0,0,2,1,1,0,0,0,0,1,0,2,0,2,2,2,0,2,0,2,2,1,2,2,2,0,0,2,1,2,1,0,2,2,0,1,1,1,0,1,1,2,0,0,1,2,0,1,2,0,0,1,2,1,1,2,0,0,0,2,0,1,0,0,2,1,2,1,1,1,1,0,2,2,2,1,1,1,2,1,2,2,2,2,1,2,0,0,0,2,0,2,0
snp-213,1,0,1,0,0,2,0,2,2,1,0,0,1,1,2,0,2,1,0,0,2,0,2,1,1,1,1,2,2,0,0,2,1,0,2,1,0,2,1,1,1,1,1,0,2,0,2,0,1,1,0,1,1,1,2,0,0,2,2,2,1,1,0,2,1,2,2,0,2,2,2,2,2,1,2,2,1,0,1,1,1,1,2,2,2,2,0,1,0,0,0,2,1,0,2
snp-214,2,2,2,1,0,2,2,1,0,2,1,2,1,2,2,2,1,2,2,0,2,2,2,0,1,0,0,0,1,2,0,0,1,0,1,0,1,2,1,0,1,1,1,1,0,1,2,2,2,0,1,1,2,1,0,1,0,0,1,0,1,1,0,0,2,2,1,2,2,1,0,2,1,1,2,1,2,1,2,2,2,0,2,1,1,2,2,0,2,1,2,1,0,0,0
snp-215,1,1,0,2,1,1,0,2,0,1,0,0,1,2,1,2,0,0,2,1,0,0,1,2,0,2,0,0,0,2,2,1,2,2,1,1,2,0,2,0,0,2,2,1,2,0,2,2,0,0,1,1,2,0,2,2,0,1,0,1,0,1,2,2,0,1,2,1,0,0,0,0,2,2,1,0,2,1,2,0,1,2,0,1,1,0,2,0,2,0,2,2,2,0,1
snp-216,2,2,0,1,2,1,1,2,1,1,2,0,1,0,2,2,0,1,1,2,1,1,0,1,1,1,1,2,2,2,1,2,2,1,1,2,0,2,2,1,1,1,2,1,2,1,0,2,2,0,0,0,0,0,0,0,2,1,2,0,1,0,2,1,1,0,1,1,1,2,0,2,1,0,0,2,2,1,2,2,0,2,0,2,1,2,1,1,2,0,1,0,0,1,1
snp-217,2,1,2,1,1,2,1,2,2,0,2,0,2,1,2,1,1,0,1,2,1,2,1,1,1,1,2,1,1,1,0,1,2,0,0,2,0,2,1,0,0,2,1,1,0,0,1,2,1,0,1,2,0,1,0,0,1,0,0,1,0,1,2,0,0,0,1,1,0,0,1,1,2,2,1,2,2,2,0,0,0,1,1,2,0,0,2,0,1,1,2,1,0,2,2
snp-218,0,1,1,1,2,1,2,0,2,2,0,2,2,0,2,1,2,1,1,0,0,2,2,2,2,2,0,0,2,1,1,1,2,1,0,0,1,0,1,2,2,1,0,1,2,0,1,2,0,1,0,2,0,1,1,2,0,0,1,1,2,0,2,2,1,2,2,1,0,0,2,0,1,0,1,1,1,1,0,0,2,2,2,2,1,2,0,2,2,1,2,2,0,2,1
snp-219,1,2,2,0,2,1,1,0,0,0,1,1,1,2,1,1,2,1,0,0,1,1,2,0,1,1,0,1,0,2,2,0,0,2,2,0,0,0,0,2,2,2,0,0,0,0,2,2,2,0,0,0,0,1,2,2,1,1,0,2,2,0,0,1,0,2,0,0,2,1,0,2,2,2,1,0,1,1,1,2,0,0,1,1,1,2,0,0,1,0,1,0,0,2,1
snp-220,1,0,1,1,2,2,1,1,1,1,0,1,2,2,0,0,1,1,1,1,1,1,2,1,0,2,2,2,1,2,2,0,1,0,1,1,0,2,1,0,2,1,2,0,0,0,2,2,2,2,1,0,0,2,2,0,1,2,0,0,1,1,0,0,2,0,0,2,2,0,0,0,1,0,0,0,1,0,0,1,0,0,1,2,2,0,1,0,1,2,1,0,2,2,2
snp-221,1,1,1,2,2,1,0,1,1,0,1,1,0,0,2,0,0,1,0,1,1,1,2,2,2,1,0,1,0,2,1,1,1,2,1,2,1,2,0,2,2,1,2,1,0,2,2,1,0,1,2,2,0,2,0,1,2,2,0,0,2,2,0,1,1,2,1,0,1,1,0,0,2,1,1,0,0,1,2,2,2,1,2,0,1,2,1,2,2,0,1,0,2,0,2
snp-222,2,0,1,1,1,1,2,2,0,2,1,1,1,2,1,1,1,2,2,2,1,0,1,1,1,0,2,2,1,1,2,2,2,0,0,1,0,0,2,2,0,2,1,0,1,2,1,1,1,2,2,0,0,0,0,0,1,1,2,2,2,0,2,0,1,2,0,0,2,1,1,1,0,0,1,2,1,0,0,2,2,0,2,0,0,0,0,0,0,2,0,1,2,2,0
snp-223,2,1,2,0,1,1,1,1,0,1,0,2,1,2,2,0,0,1,2,0,1,1,1,2,0,2,0,0,0,1,2,2,2,2,0,1,2,1,2,1,1,0,2,1,1,0,1,2,2,0,1,0,0,1,0,0,0,1,1,2,0,2,2,1,2,2,1,1,2,1,2,0,0,1,0,2,0,0,2,0,1,1,2,1,1,0,0,1,1,1,0,2,2,1,0
snp-224,0,1,0,1,1,0,0,1,2,0,0,2,1,2,1,1,2,2,1,2,0,1,2,0,2,0,2,1,0,2,1,0,0,2,1,2,0,1,0,1,0,1,0,2,2,0,0,0,2,2,1,0,0,2,0,2,2,2,0,2,2,1,2,2,0,2,2,2,2,0,0,2,0,1,2,1,0,2,0,2,0,2,1,2,0,2,2,1,1,2,0,2,0,0,0
snp-225,1,0,0,0,1,1,1,1,1,0,1,1,2,0,0,1,2,1,2,0,0,1,2,0,1,0,2,0,0,1,1,2,2,1,0,0,1,2,2,0,1,0,2,0,0,0,0,1,0,2,2,0,2,0,0,1,2,2,0,1,0,2,0,2,0,0,2,0,2,1,0,0,1,1,0,0,0,1,0,0,0,2,2,0,0,1,1,2,2,0,2,0,0,0,2
snp-226,2,1,1,0,1,1,1,1,1,0,1,1,1,2,0,0,1,2,1,1,1,2,0,0,1,1,2,1,0,1,0,1,0,0,0,0,2,0,2,1,1,1,2,2,2,1,0,0,2,1,0,2,0,1,0,1,2,2,1,2,0,2,1,0,2,0,2,1,1,1,0,0,2,0,1,2,2,2,2,0,0,1,0,2,2,1,2,2,0,2,2,0,1,2,2
snp-227,2,0,2,0,2,1,0,0,1,0,0,0,0,1,1,2,0,0,0,0,0,1,1,1,2,0,0,1,1,2,2,1,2,0,2,2,1,2,0,0,2,1,2,0,1,1,2,0,1,0,0,0,2,2,2,1,1,2,1,2,2,0,1,0,0,0,1,0,0,2,0,1,2,2,2,2,2,1,0,1,0,2,2,1,0,0,2,0,1,2,2,1,0,2,0
snp-228,2,0,2,1,1,2,0,1,2,0,1,1,0,0,0,1,0,0,2,1,2,2,0,2,1,2,2,1,2,2,1,1,1,0,0,1,2,1,2,2,1,1,0,2,1,1,0,2,2,2,2,0,2,2,2,1,0,0,2,0,0,1,2,2,0,1,1,2,0,1,2,2,0,1,2,2,2,1,0,2,0,2,2,1,0,0,1,2,1,0,1,1,2,0,2
snp-229,1,1,0,0,1,0,0,2,2,1,0,0,2,2,1,1,2,1,0,2,0,1,2,0,1,2,1,0,1,0,1,1,2,1,1,0,1,2,0,2,0,0,0,0,1,2,2,1,2,0,0,1,2,1,1,1,0,0,0,1,0,1,1,2,0,0,0,1,0,0,1,2,2,0,0,1,0,0,2,2,2,2,2,0,2,0,1,2,2,2,0,0,1,2,0
snp-230,1,1,1,2,1,2,2,0,2,2,1,1,1,1,1,1,0,1,1,2,0,0,2,1,2,2,1,0,1,2,1,2,1,0,2,0,2,2,1,2,0,2,0,2,2,1,1,1,1,0,0,1,0,0,0,2,2,1,2,0,2,1,2,2,2,0,1,1,0,2,2,1,2,1,2,0,2,0,2,2,2,2,1,0,2,0,2,1,1,2,0,0,1,2,1
snp-231,0,0,0,1,2,0,0,2,1,1,2,0,0,0,2,0,0,2,1,1,2,1,2,0,1,1,2,0,2,0,0,0,1,2,2,1,2,0,0,0,1,0,2,1,2,1,2,2,2,0,0,1,0,0,0,2,2,0,2,0,2,0,2,1,0,1,1,2,2,1,2,0,2,2,2,2,2,1,2,2,0,0,2,1,0,0,0,0,1,1,2,0,1,1,1
snp-232,2,2,1,0,2,0,2,0,2,2,2,1,1,0,2,1,1,2,0,1,0,0,0,0,0,0,1,1,1,1,0,1,1,0,1,2,1,1,0,2,1,1,2,0,2,1,2,2,1,1,2,1,2,1,2,0,1,1,1,2,2,2,2,0,1,2,0,0,2,1,2,2,2,1,2,0,0,1,2,1,2,2,2,2,2,2,2,0,0,1,2,2,2,1,2
snp-233,2,1,2,0,2,0,1,0,1,0,2,1,2,1,1,1,2,0,2,0,0,2,1,0,0,0,0,2,1,0,1,0,0,2,0,2,2,2,0,0,2,0,0,0,1,1,2,1,2,1,0,1,2,0,0,0,2,2,2,2,0,0,1,1,0,1,0,1,2,0,0,1,0,0,0,0,2,2,0,1,0,1,0,1,0,2,2,2,1,2,1,1,2,2,2
snp-234,2,2,2,0,2,0,0,1,2,2,0,0,2,1,1,2,2,2,0,2,0,2,0,2,2,1,0,1,2,1,0,0,0,2,0,1,0,0,0,2,1,0,1,0,0,0,0,0,1,2,1,1,0,0,0,1,0,1,2,1,2,0,1,0,0,0,2,1,1,0,1,1,0,2,0,0,0,0,2,1,0,1,2,2,2,1,1,2,0,2,0,0,1,0,2
snp-235,2,2,2,2,0,1,0,1,0,2,0,1,1,2,1,0,1,1,0,1,0,1,1,2,1,2,1,0,0,2,1,2,1,1,0,1,1,1,1,1,1,2,1,1,1,1,0,0,1,1,0,1,1,2,0,2,2,1,1,0,0,1,2,0,0,2,1,0,1,1,1,0,1,0,2,1,1,0,1,2,2,0,2,0,2,0,0,1,1,1,2,2,2,1,2
snp-236,0,0,1,2,2,0,2,2,2,2,2,0,0,1,0,2,0,1,1,1,2,2,0,0,0,2,0,1,1,0,0,2,1,2,1,1,2,0,2,1,0,2,1,1,2,1,2,0,0,0,1,0,2,2,0,0,1,0,2,2,0,1,1,2,1,2,1,1,2,0,2,0,1,1,2,0,0,1,1,1,0,1,2,1,2,0,2,1,1,0,0,2,2,1,0
snp-237,0,0,0,1,1,1,1,1,0,2,1,0,0,1,0,0,2,1,0,0,1,0,2,0,2,0,1,2,2,2,2,2,0,0,1,0,0,2,0,1,0,0,2,1,1,2,2,1,1,2,0,2,2,2,2,1,2,2,0,2,0,2,2,2,0,2,0,1,1,2,0,1,0,0,0,0,2,2,0,2,2,2,0,2,0,2,0,0,2,0,1,2,1,2,0
snp-238,2,0,1,0,2,0,0,2,1,1,2,0,0,0,2,1,2,2,1,1,1,2,1,0,1,1,2,1,0,0,1,2,2,2,0,0,2,0,1,1,1,2,0,2,1,2,2,1,0,0,0,1,2,1,0,1,1,1,1,2,1,1,0,0,1,2,0,1,2,0,0,0,2,1,1,1,0,2,0,1,0,0,0,2,1,0,0,1,1,0,2,0,0,2,0
snp-239,1,0,1,0,1,0,0,2,0,0,1,2,2,0,0,0,0,2,0,2,0,1,2,1,1,1,0,1,1,1,0,2,0,2,2,1,1,0,2,1,1,1,0,0,1,0,1,2,0,0,1,1,1,1,1,1,0,0,0,0,2,0,1,2,0,1,0,1,1,1,1,1,0,0,1,2,0,1,1,0,1,2,2,2,0,0,0,1,2,2,0,2,1,0,2
snp-240,2,0,1,0,2,0,1,2,2,2,2,2,0,1,2,0,2,0,2,2,1,0,2,0,1,0,0,1,1,2,1,2,0,1,2,2,1,1,1,1,2,2,2,2,1,0,1,1,0,2,2,0,2,0,2,2,2,2,2,1,1,1,1,1,0,1,2,2,2,2,0,0,1,2,1,2,2,0,0,0,1,2,0,1,1,2,1,2,2,0,1,2,0,2,0
snp-241,2,2,2,2,2,2,0,1,0,1,2,0,2,0,0,2,0,0,2,2,2,0,1,2,1,1,2,2,1,2,2,1,1,0,1,1,0,1,1,1,2,1,0,2,2,1,1,2,2,1,1,2,0,0,0,1,1,1,1,0,1,1,1,0,0,2,0,2,2,2,2,2,1,1,0,2,0,2,2,0,0,2,2,2,1,0,1,2,1,1,1,2,1,0,2
snp-242,0,0,1,1,2,1,1,0,1,1,0,0,2,0,0,2,1,1,0,0,2,1,2,0,1,1,0,1,1,0,1,1,1,0,2,2,2,1,1,0,0,2,0,1,2,0,1,0,1,2,1,2,0,0,2,2,1,1,0,1,2,2,0,1,2,1,1,0,2,1,2,0,2,1,0,1,2,2,0,1,0,2,2,1,0,2,1,0,1,2,2,1,1,0,2
snp-243,2,0,1,0,0,0,1,1,2,0,1,0,1,2,0,1,0,1,2,1,2,1,2,0,0,0,1,2,1,1,1,2,1,1,0,0,0,0,0,0,0,2,2,1,0,0,0,0,2,0,2,2,2,2,2,1,1,2,1,0,2,1,1,0,0,2,1,2,2,2,2,2,1,1,1,2,1,1,0,2,2,1,0,0,2,1,2,2,1,2,2,0,2,0,2
snp-244,0,0,2,2,2,2,1,2,2,1,0,1,1,0,0,0,2,1,0,0,1,0,0,2,2,2,2,1,1,0,2,2,1,2,0,1,0,1,2,2,0,2,0,0,2,0,2,2,0,0,1,1,1,0,2,2,1,2,0,0,1,1,0,2,2,0,1,1,2,2,0,0,2,2,2,0,0,0,2,0,0,0,2,0,0,2,2,0,0,1,2,0,2,1,2
snp-245,2,2,1,1,1,0,2,2,0,1,2,0,0,1,2,1,1,1,1,1,2,0,2,0,0,2,2,2,1,2,0,2,2,0,0,1,0,0,2,0,1,1,0,2,2,2,2,2,2,2,0,2,0,0,1,2,1,2,1,0,1,2,0,1,2,0,0,1,1,2,1,0,0,1,1,2,1,2,1,2,2,0,0,0,1,0,2,1,2,2,0,2,2,0,0
snp-246,2,0,2,0,1,2,0,0,2,0,0,0,0,0,0,2,0,2,2,1,0,1,0,1,0,0,0,2,2,0,0,0,0,2,0,2,2,0,2,2,2,0,1,0,2,2,2,1,1,0,2,0,1,1,0,0,2,0,1,0,2,0,1,0,2,0,0,1,2,0,0,1,2,0,1,1,0,2,1,1,2,0,2,1,2,1,2,1,0,1,1,0,0,0,2
snp-247,1,2,2,1,1,0,2,1,0,2,0,2,2,1,1,1,2,0,0,1,2,1,0,1,2,2,2,2,1,2,2,2,2,2,0,2,0,1,0,0,1,1,1,2,1,1,0,0,2,2,2,2,1,1,1,1,0,0,0,0,0,2,0,1,1,2,0,2,2,1,2,2,2,0,2,1,2,0,2,0,2,0,1,2,0,1,2,1,1,1,2,2,0,2,0
snp-248,0,2,0,1,2,1,2,1,0,0,0,0,0,0,1,1,1,0,0,1,0,0,2,0,2,0,1,2,0,0,2,1,0,2,2,2,0,0,0,2,0,0,2,0,2,2,0,0,0,2,2,0,0,2,2,0,2,1,2,0,2,2,2,2,2,0,0,2,2,2,0,2,0,0,0,2,0,2,2,1,2,2,0,2,2,2,0,2,0,0,1,1,1,2,2
snp-249,2,0,1,2,0,2,1,1,1,2,1,2,0,2,2,1,1,0,2,2,2,1,0,0,0,0,2,2,1,0,2,1,1,1,0,2,2,2,1,2,1,1,1,2,1,1,0,0,0,1,1,2,2,2,1,0,2,0,0,0,2,0,2,0,1,1,0,0,0,1,0,1,0,1,0,2,1,2,2,2,1,0,0,1,2,0,2,2,1,2,0,0,2,0,2
snp-250,0,1,2,1,2,0,0,0,0,1,2,1,0,0,1,2,1,1,2,1,0,0,2,2,0,0,1,1,0,0,1,1,2,2,0,1,0,2,0,2,2,1,0,1,0,1,0,1,2,0,0,2,2,0,2,2,2,0,1,2,0,1,2,1,0,2,1,0,2,2,1,0,0,1,2,2,1,0,1,1,0,2,2,0,1,0,1,0,0,2,0,1,0,0,2
snp-251,0,2,2,2,0,2,2,2,2,1,0,2,0,2,0,2,1,1,1,1,1,0,2,0,0,0,0,0,2,2,0,2,1,2,1,1,0,1,0,1,1,0,1,1,2,2,2,1,1,1,1,0,1,0,0,0,0,0,0,2,1,2,2,2,2,2,2,2,1,1,0,1,0,2,0,0,2,1,1,2,1,0,1,2,0,0,0,0,2,0,2,1,0,1,1
snp-252,0,1,2,0,0,0,1,1,0,0,1,0,0,1,1,2,1,1,2,2,1,1,1,2,0,1,2,0,0,2,0,2,0,2,2,1,0,0,0,2,2,2,1,1,0,2,0,1,2,0,0,0,2,0,0,1,1,2,0,0,1,1,1,0,1,2,0,0,2,2,0,1,0,0,0,1,1,2,1,2,2,0,1,1,2,2,2,0,1,0,1,2,0,0,0
snp-253,2,0,2,2,2,2,0,0,0,0,0,0,2,0,1,0,0,2,1,2,2,2,0,0,2,0,2,0,1,2,2,0,0,2,0,0,1,1,2,1,1,2,1,2,1,1,1,1,1,2,1,0,1,2,0,0,0,2,2,0,0,0,1,2,0,2,0,0,2,2,2,2,0,2,0,0,1,2,0,1,0,0,2,0,0,0,0,2,0,2,0,0,0,2,2
snp-254,0,2,2,2,0,2,1,1,2,0,2,2,0,0,2,2,2,1,1,0,1,1,0,0,1,1,0,0,2,0,0,0,2,1,2,0,2,0,1,2,0,0,2,2,1,0,2,1,0,1,2,2,0,1,0,2,1,0,0,0,0,0,1,2,1,0,1,2,2,2,2,1,0,2,2,1,1,2,1,2,2,2,0,0,1,1,1,2,2,2,0,2,0,1,0
snp-255,1,1,2,1,1,0,0,1,0,2,1,1,1,0,1,2,1,0,1,2,0,1,1,1,1,1,1,2,0,2,1,1,1,2,1,1,2,1,1,2,0,1,0,0,0,2,2,1,1,0,2,1,1,1,0,2,2,2,1,1,2,2,2,0,0,2,1,2,0,2,0,0,1,0,2,0,2,2,1,0,2,2,0,0,0,2,0,0,0,2,1,1,1,1,0
snp-256,0,2,2,1,2,2,2,2,2,2,1,0,0,0,1,2,0,2,0,0,2,0,1,0,2,0,1,0,2,2,2,1,1,0,1,2,0,1,0,1,0,0,1,2,2,2,1,2,2,1,2,2,2,1,2,1,0,1,0,1,1,1,0,2,0,2,1,2,1,1,0,1,2,1,0,1,2,2,2,2,2,2,1,1,1,2,2,1,2,2,2,2,0,2,1
snp-257,1,0,1,2,0,1,0,2,2,1,2,1,1,0,2,2,1,1,0,2,1,0,1,0,1,2,2,2,1,1,0,2,0,0,0,2,1,0,2,0,1,0,1,0,1,1,0,0,2,2,2,0,2,1,0,1,2,1,2,2,2,0,1,1,0,2,2,2,1,1,0,0,0,1,1,2,1,1,2,2,0,1,1,0,1,0,2,2,2,0,1,1,0,0,1
snp-258,2,0,2,1,2,2,1,0,1,0,0,1,1,1,0,0,1,1,0,0,1,0,1,0,1,1,2,2,0,1,0,0,0,1,2,1,0,2,0,2,0,0,1,2,1,1,1,1,2,2,0,0,1,0,2,2,0,1,2,0,2,0,2,1,2,1,0,0,0,1,0,1,2,2,0,0,0,1,0,0,0,1,2,0,2,2,1,2,0,2,0,0,1,1,0
snp-259,2,1,2,1,1,1,1,1,1,0,0,0,1,2,2,2,1,0,2,1,1,2,2,2,1,0,2,2,1,0,0,1,0,2,1,1,1,2,1,2,2,2,1,2,1,1,2,1,0,0,1,2,2,0,2,1,1,2,0,2,0,1,0,1,0,1,1,0,0,0,2,1,1,0,0,0,1,2,1,1,2,2,2,2,2,2,0,0,0,0,1,2,2,0,2
snp-260,1,2,2,0,0,1,1,1,0,0,2,0,1,2,0,2,0,0,1,0,1,2,2,0,2,0,2,1,2,1,1,1,1,0,2,0,2,1,0,2,2,2,2,2,1,0,0,2,0,2,1,0,1,2,0,2,2,2,2,0,2,2,2,0,2,1,0,1,0,0,2,2,1,1,2,1,0,0,2,0,1,0,1,2,0,1,2,2,2,1,2,0,0,0,1
snp-261,1,1,2,2,1,2,2,1,1,0,0,0,0,1,2,2,2,0,0,2,0,0,2,0,0,2,0,0,0,1,2,0,0,1,0,2,2,2,0,0,0,2,0,1,0,0,0,1,1,1,1,2,1,1,2,2,2,0,2,2,2,2,0,0,0,1,1,0,2,0,1,1,0,1,2,0,1,2,0,0,2,2,1,0,1,2,2,1,1,2,2,0,2,0,0
snp-262,1,1,2,0,1,0,2,1,0,1,0,1,0,2,2,2,2,1,0,0,1,0,1,1,0,0,0,1,1,0,2,1,0,2,1,0,0,1,1,0,2,0,2,1,2,0,2,0,1,0,2,2,0,1,2,2,0,0,2,1,0,0,0,2,2,2,2,2,1,0,1,2,1,2,0,1,2,1,0,2,2,1,1,2,2,2,2,0,0,2,0,2,2,0,1
snp-263,1,2,0,2,1,0,2,1,1,0,2,0,2,1,0,0,0,2,1,0,1,2,1,1,0,1,1,0,1,1,2,1,0,1,0,2,0,0,2,2,1,2,0,2,0,0,0,1,0,2,1,1,0,0,1,0,2,2,0,0,1,1,1,0,1,2,1,2,0,1,0,1,0,1,2,2,0,2,1,1,2,1,1,1,1,2,2,2,2,0,2,1,2,1,1
snp-264,1,0,2,0,0,1,1,1,0,0,0,1,2,2,2,0,1,0,2,0,1,0,2,1,0,2,2,1,2,2,2,1,0,1,0,0,2,0,0,1,1,1,2,1,0,2,0,1,0,2,2,2,2,2,0,0,1,1,0,0,1,0,2,0,0,2,2,0,0,0,0,2,2,0,2,0,0,0,1,2,1,2,2,1,1,0,2,0,0,1,0,1,2,0,1
snp-265,1,1,0,0,2,2,1,0,2,0,2,2,1,0,2,1,0,2,0,0,1,1,0,1,2,1,2,1,1,0,1,2,0,1,1,0,1,1,1,1,0,2,2,1,2,1,2,2,0,1,1,2,0,0,1,2,1,2,1,2,1,1,0,1,0,0,2,2,2,2,2,2,0,2,1,2,1,0,0,1,1,1,1,1,2,2,2,2,0,0,0,2,0,0,1
snp-266,2,1,0,2,1,2,1,1,2,2,2,0,2,0,1,1,1,0,2,2,0,2,2,1,0,1,0,2,0,0,1,0,1,1,2,0,2,0,0,0,1,1,1,2,1,0,0,1,2,1,2,0,1,2,0,2,1,0,0,0,0,0,0,1,2,0,1,1,0,1,2,0,2,0,0,0,2,2,1,1,1,1,2,0,2,2,2,0,0,0,1,1,2,2,1
snp-267,0,0,0,0,2,2,2,1,1,2,2,2,0,1,0,2,2,2,2,1,2,1,0,1,0,2,1,1,0,2,0,0,1,1,2,1,0,0,2,2,1,2,0,2,1,1,0,1,2,1,0,0,0,2,1,0,1,1,1,0,1,1,1,0,0,2,1,1,1,2,1,1,1,1,2,1,2,2,1,0,0,0,0,2,0,2,2,2,2,0,1,0,0,2,1
snp-268,1,2,2,1,1,0,0,0,0,2,2,0,2,1,1,0,0,2,2,0,2,1,2,1,1,0,0,2,1,0,0,2,0,1,0,1,1,0,1,2,1,2,0,0,2,1,2,2,1,0,2,2,1,0,0,0,0,0,1,1,2,0,1,2,2,1,0,2,0,1,0,1,0,1,0,1,0,0,2,1,1,1,2,2,1,1,0,2,2,2,1,1,2,1,2
snp-269,2,1,2,0,2,1,0,2,0,0,1,1,0,2,2,1,2,0,2,0,2,1,2,1,1,1,0,2,1,2,0,1,2,0,2,2,1,1,1,1,0,2,0,2,0,0,1,0,0,1,2,0,0,2,2,1,1,0,0,1,0,2,2,1,0,0,2,0,1,1,2,2,2,0,0,0,2,1,1,1,2,2,1,1,0,0,2,1,2,0,0,1,2,2,1
snp-270,1,2,2,1,2,1,0,0,0,0,2,1,0,2,2,0,1,2,1,0,1,1,1,2,0,0,1,1,0,2,0,1,1,0,1,0,2,1,2,0,1,2,0,2,0,1,1,1,1,1,2,0,1,0,0,1,0,1,0,2,2,1,0,0,1,2,0,1,1,1,0,1,2,2,0,2,1,2,2,1,2,0,2,0,0,0,1,0,0,1,1,2,1,2,0
snp-271,2,2,1,1,2,0,0,1,1,0,0,1,1,1,1,1,0,1,1,1,0,0,2,0,1,2,1,0,2,1,0,2,0,1,1,0,2,1,2,0,0,1,2,0,1,2,1,2,0,0,1,0,2,1,0,1,2,2,0,1,2,0,1,0,2,0,2,2,1,2,0,1,2,1,0,0,1,0,2,1,1,1,0,2,0,0,1,0,2,0,0,2,1,2,0
snp-272,1,1,1,1,1,2,1,2,0,2,1,1,2,0,0,1,1,2,0,0,1,2,1,1,0,1,1,2,2,2,2,0,1,2,2,1,2,0,2,0,1,2,2,0,1,2,0,0,2,1,0,1,2,2,0,0,0,1,1,1,0,1,2,0,2,0,1,1,0,0,1,0,1,1,1,0,1,0,1,1,1,0,2,0,2,2,0,1,2,0,1,0,2,1,1
snp-273,0,2,2,0,1,1,1,1,1,0,2,2,0,1,1,0,0,1,0,2,2,1,1,0,1,0,1,2,2,2,0,0,2,2,2,1,0,2,0,1,0,1,0,0,0,1,0,2,2,1,1,2,2,1,2,2,2,2,1,0,2,0,2,0,0,2,0,1,0,1,2,1,2,1,0,1,2,1,0,2,1,0,1,1,0,2,2,2,2,1,2,1,1,0,2
snp-274,0,0,0,1,1,1,1,1,1,1,1,0,1,0,0,0,1,1,2,0,0,0,0,2,2,2,0,0,1,0,2,2,1,2,2,0,1,1,0,2,0,1,0,0,0,1,0,1,0,0,2,2,1,1,0,0,2,0,0,1,1,1,2,0,1,2,0,0,0,2,1,0,2,0,2,1,2,1,0,0,0,0,2,0,0,0,2,2,1,1,2,0,2,2,0
snp-275,2,1,0,2,1,1,1,1,2,0,1,2,1,0,2,0,2,0,0,1,1,1,2,2,2,1,2,0,1,1,1,1,2,0,2,0,2,2,0,1,0,1,1,1,1,0,0,0,1,0,2,2,2,1,1,0,0,1,0,2,1,1,1,2,1,0,0,1,2,1,0,0,0,2,0,1,1,1,1,0,2,2,1,1,2,1,0,0,1,0,0,0,2,0,0
snp-276,0,0,2,2,0,0,2,2,2,2,2,0,1,0,2,2,2,1,0,1,1,0,2,1,1,1,1,0,1,0,0,1,2,1,2,1,1,1,1,1,2,0,0,0,2,2,0,0,2,1,0,1,1,0,0,2,1,2,1,0,2,1,0,1,0,0,2,1,1,0,1,0,1,1,1,2,1,0,1,2,1,1,2,1,2,0,0,2,0,1,0,1,2,1,0
snp-277,0,2,0,1,2,1,2,2,1,1,0,1,2,2,1,0,2,0,1,1,2,1,0,2,0,1,0,0,0,0,0,1,1,2,2,0,1,2,2,1,2,2,1,0,2,0,1,0,2,1,0,1,0,2,1,2,0,2,1,0,0,2,1,0,0,0,2,0,2,0,1,1,1,0,2,1,0,2,2,0,1,0,2,0,2,1,1,2,0,2,2,1,2,1,2
snp-278,1,0,1,2,0,0,0,1,1,2,1,2,0,2,0,1,2,2,2,0,1,2,0,2,0,0,0,2,1,0,1,2,0,1,0,1,1,0,2,2,1,1,0,1,0,1,0,1,1,2,0,2,0,0,2,2,0,0,1,2,2,1,1,1,0,0,2,2,2,0,2,0,2,2,2,1,1,0,1,0,2,2,2,0,2,0,1,2,2,2,0,1,1,1,1
snp-279,1,1,0,2,1,0,0,0,2,0,2,1,2,1,2,0,0,0,1,2,1,0,0,1,1,0,1,2,2,0,0,0,0,2,0,1,1,2,1,0,0,1,1,0,1,1,1,0,2,2,2,1,0,2,2,1,2,1,2,0,2,0,0,2,1,2,1,1,0,0,1,0,2,1,2,0,2,1,2,0,0,2,0,0,1,1,2,2,0,1,2,0,1,0,0
snp-280,1,1,2,0,0,1,0,2,2,2,2,0,0,2,1,1,1,2,0,2,2,1,0,1,1,1,0,1,1,2,0,2,0,2,2,1,0,2,1,2,2,1,1,1,0,2,1,0,2,2,2,1,0,2,2,1,0,0,2,0,1,1,0,0,1,0,2,1,2,1,2,0,1,2,0,0,0,0,2,0,2,0,1,2,1,1,0,2,0,0,2,0,2,1,0
snp-281,1,0,1,1,0,0,0,2,0,1,0,2,2,1,0,2,0,2,2,2,2,2,0,2,2,0,0,0,2,0,2,0,0,1,1,1,0,0,2,1,2,0,1,0,1,2,1,2,2,0,2,1,1,1,2,1,0,2,2,0,2,1,1,0,1,2,0,1,0,2,1,0,2,0,1,1,0,2,2,1,0,2,0,1,1,0,2,2,0,2,1,0,2,1,2
snp-282,0,0,0,0,0,1,1,2,2,2,1,2,2,2,1,0,1,0,2,0,1,2,2,2,0,2,1,0,2,2,0,1,1,2,2,2,1,2,0,0,2,2,1,2,1,0,0,1,1,2,0,0,0,2,1,1,1,1,1,2,1,2,1,2,2,2,2,0,1,2,2,0,1,2,1,2,0,2,2,2,2,2,2,2,0,2,2,0,0,2,2,1,0,0,0
snp-283,2,0,1,0,1,0,1,0,0,0,2,0,2,2,0,1,0,2,0,0,1,2,0,0,0,1,1,0,1,2,2,0,0,2,0,1,0,0,0,2,1,0,1,0,0,0,1,2,2,1,2,1,2,1,1,2,2,1,1,2,1,0,1,2,2,1,0,1,0,0,1,0,2,0,0,2,2,0,1,0,0,1,0,2,1,1,2,0,1,0,2,2,1,2,0
snp-284,2,0,1,1,2,0,0,0,2,0,1,1,1,1,0,1,2,0,1,1,0,2,2,1,1,0,1,2,1,0,0,2,2,1,0,0,2,1,0,1,2,0,1,1,2,2,1,2,0,0,1,1,1,0,0,0,2,0,0,1,2,1,2,2,0,1,1,2,2,2,1,0,2,1,1,2,2,0,0,0,1,1,0,2,2,0,1,2,0,1,2,1,0,2,1
snp-285,2,0,2,0,2,2,0,1,2,2,0,1,1,1,2,0,2,0,0,2,2,1,1,2,0,2,0,0,1,0,0,1,2,0,1,1,2,2,0,1,0,2,2,0,0,2,0,1,1,0,1,0,0,0,0,2,1,1,2,2,2,0,1,1,1,2,0,1,0,1,2,1,1,0,2,0,2,1,2,1,1,2,1,0,2,2,1,0,0,2,0,0,0,2,1
snp-286,1,1,1,1,0,2,1,2,2,1,1,1,2,2,1,0,2,1,2,2,0,1,2,1,0,2,1,2,1,1,2,0,2,0,2,0,2,2,1,0,1,0,1,0,1,0,0,2,0,1,1,0,0,2,1,0,0,0,1,2,2,0,0,2,0,2,2,1,0,1,0,1,0,1,1,1,1,2,0,2,2,1,1,2,0,0,2,2,1,2,2,2,1,1,1
snp-287,1,0,1,2,1,1,0,2,1,0,2,2,2,2,0,2,0,1,0,2,2,1,2,2,1,2,2,0,2,2,1,2,1,1,0,1,2,2,1,0,1,0,2,1,2,0,1,2,0,1,0,0,2,2,0,2,2,1,0,2,1,0,0,2,0,1,2,0,2,2,1,1,1,2,2,2,1,0,0,2,0,1,1,1,1,0,2,2,0,1,1,1,1,0,1
snp-288,0,0,0,0,2,1,1,0,2,1,2,1,0,2,1,0,1,0,0,2,1,1,2,1,0,1,1,2,2,0,1,1,0,2,2,2,1,2,1,1,2,2,0,0,1,0,0,0,1,1,2,2,1,0,2,2,2,0,2,2,2,1,2,0,0,1,0,2,1,0,0,2,1,1,0,2,1,1,1,2,2,1,0,1,1,2,0,0,1,2,0,1,1,0,0
snp-289,0,2,0,0,0,0,2,0,0,1,0,0,2,0,0,2,0,2,1,0,0,1,0,2,1,2,2,0,0,1,2,1,1,1,0,2,1,2,1,2,1,2,0,1,2,2,1,1,1,2,0,0,0,0,2,2,1,2,0,1,2,1,0,2,1,0,2,2,0,2,1,1,2,0,1,0,2,0,1,0,0,0,2,1,2,1,1,1,0,0,0,1,1,1,1
snp-290,1,0,1,2,2,2,0,0,2,1,2,1,0,0,0,1,2,0,0,0,0,1,2,1,0,1,2,2,0,1,0,1,1,2,2,0,0,2,2,2,0,1,0,0,0,1,2,1,0,1,2,1,0,1,0,1,0,0,0,0,2,0,1,0,1,1,0,0,2,2,0,2,1,2,0,1,1,0,1,1,0,0,1,0,2,2,1,2,0,2,0,1,2,0,1
snp-291,2,0,2,0,0,0,1,2,0,1,2,0,1,0,0,0,1,1,2,1,0,1,2,1,2,2,2,2,2,1,2,1,0,0,1,2,2,1,1,2,1,2,0,1,0,0,2,0,0,1,0,1,0,2,0,1,1,2,0,0,1,1,2,1,0,0,1,0,1,1,0,0,2,0,0,1,1,2,1,2,0,2,2,1,1,1,1,1,1,1,2,0,2,0,1
snp-292,0,0,1,1,1,2,0,2,2,0,1,0,2,0,0,0,1,2,0,0,1,2,0,1,0,1,0,0,2,2,2,2,0,0,2,1,2,0,0,0,2,2,0,2,2,1,1,1,0,0,1,2,2,0,0,1,0,0,0,2,2,2,2,0,2,1,2,1,1,1,1,1,0,0,0,0,2,0,1,0,0,1,2,1,1,1,0,2,0,2,0,0,1,0,0
snp-293,2,1,1,2,1,1,2,2,1,0,1,1,0,1,0,0,2,2,2,1,0,0,0,1,2,2,2,1,0,2,1,2,0,1,1,1,0,2,1,2,2,0,2,2,1,1,0,2,1,0,1,0,0,2,0,1,1,2,0,2,0,2,2,2,2,2,0,0,2,1,0,1,2,1,0,0,1,0,2,2,2,2,2,0,0,0,1,2,0,0,0,1,0,2,2
snp-294,0,2,1,2,1,1,0,2,0,0,1,0,1,2,2,2,0,1,0,1,0,1,2,0,0,0,0,0,0,0,1,2,1,0,0,1,1,0,0,2,1,0,2,1,2,0,2,2,1,2,2,0,2,2,0,1,2,2,2,1,0,1,1,0,2,1,2,1,2,2,1,0,0,1,1,2,0,0,0,0,2,2,1,2,0,0,0,2,1,0,1,2,0,0,1
snp-295,2,2,1,1,1,1,0,2,1,2,2,2,2,2,2,1,1,0,0,2,1,2,0,1,2,2,0,1,0,0,2,1,0,0,1,1,1,2,1,1,1,1,0,1,0,2,0,0,1,2,2,0,0,1,2,1,2,1,2,0,2,1,1,1,2,2,1,0,0,2,0,2,1,2,2,2,0,1,1,0,0,2,0,2,0,1,1,2,1,1,2,1,2,0,1
snp-296,2,0,2,2,2,1,0,0,2,1,0,1,2,1,2,1,1,0,2,2,1,0,2,1,2,1,0,1,1,0,0,2,2,1,1,2,1,1,1,2,0,0,0,0,1,0,1,0,2,0,1,0,2,0,0,1,2,0,1,0,0,0,1,0,1,1,2,0,0,2,0,2,0,1,2,0,2,1,2,1,0,0,0,1,1,0,1,2,0,2,0,0,1,0,0
snp-297,2,1,1,1,0,2,2,2,1,1,0,0,0,1,2,0,2,2,2,1,1,1,2,2,1,2,0,2,2,0,2,0,0,0,2,0,0,2,2,2,1,1,0,2,2,1,0,1,2,0,0,0,2,1,1,2,0,2,2,1,0,0,0,2,2,2,1,2,2,2,2,2,1,2,2,1,2,2,1,2,2,1,0,1,2,0,0,0,1,1,2,0,1,0,0
snp-298,1,1,0,2,1,0,2,2,1,0,1,0,0,0,2,1,1,0,2,1,0,0,0,1,2,0,1,2,0,1,1,0,1,1,0,0,0,0,0,2,0,2,1,2,2,1,1,0,0,0,0,0,1,2,0,0,1,0,2,0,2,2,2,1,1,1,1,0,2,1,0,1,1,2,0,2,0,2,1,1,1,2,1,1,1,0,1,0,1,1,0,2,1,2,2
snp-299,0,1,1,1,1,0,0,0,1,1,2,0,0,2,2,2,1,2,2,0,0,0,2,0,2,1,1,0,0,1,2,1,2,2,0,0,1,0,0,2,2,2,1,1,2,2,2,1,1,2,2,0,2,2,2,0,1,2,2,2,1,2,1,2,1,0,2,0,1,1,1,1,2,0,1,0,2,0,2,0,2,2,1,1,1,0,2,2,0,0,1,2,2,2,1
snp-300,1,2,1,2,0,2,2,0,0,1,2,2,0,0,1,2,1,2,1,2,0,1,1,0,0,2,2,2,2,2,2,2,1,1,2,0,0,0,1,2,2,1,1,1,1,1,0,2,1,0,0,1,0,2,2,1,1,2,1,1,1,1,2,1,0,2,0,1,1,1,2,2,1,2,2,1,2,0,2,0,1,1,1,0,0,0,2,1,0,0,1,2,2,0,2
snp-301,2,1,0,0,1,1,2,1,2,2,1,0,1,1,2,2,2,1,2,1,0,2,1,1,2,2,0,0,2,0,0,2,2,1,0,2,2,0,2,0,1,2,0,2,2,0,0,1,0,2,1,2,1,2,1,0,1,2,2,1,2,0,1,0,1,2,2,1,2,2,1,2,0,0,2,1,2,2,1,0,2,1,1,2,1,2,0,0,2,0,2,2,1,1,1
snp-302,0,1,1,1,0,2,2,2,2,0,2,1,1,2,1,1,0,0,0,2,2,1,2,0,1,2,1,2,1,2,2,0,2,1,1,0,1,1,2,2,1,1,2,1,1,2,2,1,2,2,1,1,1,1,2,2,0,0,1,1,0,1,0,1,1,1,0,1,1,0,2,2,2,2,1,1,1,1,0,0,2,2,0,2,0,1,1,2,2,2,2,0,1,0,2
snp-303,0,0,1,2,1,2,1,1,1,2,2,2,1,2,2,2,0,2,2,2,2,1,0,1,1,0,0,2,2,0,0,2,1,1,1,0,0,2,2,2,2,2,0,0,1,2,1,0,1,1,1,0,2,2,0,0,0,1,2,0,1,1,0,0,2,2,2,1,1,0,1,1,0,0,1,2,0,2,1,0,2,2,1,1,0,0,0,1,2,0,0,1,0,2,2
snp-304,2,0,0,0,0,0,1,1,1,0,0,1,1,2,1,0,0,0,0,1,2,0,1,1,2,0,2,2,0,0,1,0,1,1,2,2,0,2,0,2,1,2,1,2,0,2,1,1,1,1,1,0,1,0,1,2,0,1,1,1,2,2,2,2,2,0,1,2,0,1,1,0,0,0,0,0,1,0,1,1,1,1,2,2,2,1,0,0,2,0,1,1,2,0,1
snp-305,1,0,0,1,2,0,2,2,1,0,1,1,0,1,0,2,0,1,0,1,1,1,0,1,1,2,2,0,2,0,0,0,1,2,2,0,1,1,1,2,2,2,1,1,2,2,1,0,0,0,0,0,0,1,1,0,0,1,0,0,0,0,1,1,1,2,0,2,2,0,1,0,2,2,1,1,0,1,1,2,1,1,0,2,0,2,0,0,2,1,0,2,0,0,1
snp-306,2,1,1,0,2,1,0,1,1,0,0,0,1,0,0,1,0,0,0,1,1,0,2,2,2,2,2,2,0,2,1,2,0,1,0,0,0,0,1,2,1,1,1,1,2,2,0,0,0,0,0,1,2,0,1,1,2,0,0,1,2,2,0,1,1,1,0,0,1,0,1,0,0,1,2,2,0,1,1,1,2,2,1,0,2,0,2,1,2,2,1,2,2,1,0
snp-307,1,1,2,2,0,2,0,2,1,0,2,1,0,2,2,2,0,2,1,1,0,1,1,0,2,0,1,2,2,2,2,1,1,0,1,1,1,2,2,1,1,0,0,0,2,1,0,0,1,0,2,1,0,1,0,2,0,2,1,2,0,2,1,0,0,0,1,0,0,0,0,0,2,1,1,2,1,0,1,1,0,0,0,0,2,1,0,0,2,2,0,2,0,0,1
snp-308,0,0,0,2,0,0,1,0,0,1,2,0,0,1,1,1,0,1,1,2,1,1,2,1,0,2,0,0,0,2,0,0,2,0,0,1,1,1,1,2,0,0,0,0,1,1,0,1,0,2,1,2,0,2,0,0,1,2,0,2,1,1,1,0,2,0,0,2,2,0,2,2,0,1,1,1,0,2,2,1,1,1,0,1,2,1,2,0,0,0,1,1,2,1,1
snp-309,2,1,0,0,0,1,1,0,0,2,1,2,1,1,0,0,1,2,2,0,1,0,0,2,2,2,0,2,2,0,0,2,1,2,2,2,2,2,0,2,0,1,2,0,1,1,0,2,1,1,1,2,0,0,0,1,0,1,1,1,1,2,1,1,1,2,0,1,1,1,0,2,1,0,1,0,1,1,1,0,2,1,0,0,0,2,2,0,0,0,1,2,2,1,0
snp-310,2,2,2,0,0,0,1,1,2,1,0,0,0,2,0,0,2,2,0,0,2,1,0,0,2,1,1,2,2,0,1,0,2,0,2,0,0,1,0,2,1,0,1,1,0,2,1,2,2,2,0,2,2,2,2,2,0,1,0,2,1,2,2,1,1,0,2,0,0,2,2,2,2,2,1,0,1,1,2,1,2,1,1,0,2,0,2,1,0,0,2,1,2,0,1
snp-311,0,1,0,0,2,0,0,2,2,0,0,1,0,2,2,2,2,0,1,2,1,0,0,0,1,0,2,2,2,2,0,1,2,2,1,2,0,1,0,0,2,2,1,1,0,0,2,0,2,0,0,1,1,2,1,1,2,2,0,1,2,1,2,1,1,1,0,0,1,1,1,2,1,1,2,2,0,0,1,2,2,0,2,1,2,0,2,1,2,0,2,1,1,2,2
snp-312,1,2,2,2,1,2,0,0,2,2,2,2,0,2,1,0,0,0,0,0,0,1,1,2,2,1,2,2,2,1,1,2,2,1,1,1,2,2,0,0,2,0,1,1,0,1,2,2,2,1,2,0,2,0,2,0,1,2,1,1,0,1,1,2,0,1,2,1,1,2,1,1,1,0,2,0,1,1,0,2,0,2,2,2,1,1,2,0,2,2,1,2,2,1,0
snp-313,0,0,0,0,1,0,1,0,1,0,0,0,2,0,0,0,1,0,0,2,0,0,0,2,0,2,1,0,0,1,2,1,0,1,0,1,1,2,2,1,1,2,1,2,0,0,2,2,0,2,1,1,0,2,2,1,2,1,0,2,1,2,1,2,0,1,0,1,2,0,1,1,0,0,2,1,2,2,0,2,0,0,1,0,2,2,2,1,0,2,1,2,2,1,2
snp-314,0,1,2,2,1,0,0,1,1,1,1,2,0,0,2,1,0,2,1,0,0,2,0,2,0,1,1,1,0,0,0,0,0,1,2,2,0,1,1,0,2,2,0,0,1,1,2,1,2,0,0,1,0,1,0,1,0,2,1,1,1,0,2,0,1,0,0,1,0,2,2,2,0,0,1,0,0,0,2,2,2,0,0,0,2,1,1,0,1,2,0,1,2,2,0
snp-315,0,0,2,1,1,1,2,0,0,0,2,0,2,0,1,0,1,0,0,2,0,2,1,0,2,2,0,0,0,0,0,2,2,0,0,2,1,0,1,2,2,1,1,2,2,0,1,1,1,1,1,1,0,2,0,1,2,1,0,1,0,1,2,1,0,1,0,0,2,1,0,0,2,0,1,2,0,2,2,2,2,0,0,2,2,2,1,2,0,0,2,0,1,2,1
snp-316,1,0,2,2,1,0,2,2,0,1,1,1,0,1,0,2,0,1,1,2,2,0,0,0,2,1,1,1,0,2,0,1,2,1,0,2,1,1,2,2,1,0,0,0,2,1,2,0,2,2,1,0,1,0,1,1,1,0,2,0,2,0,0,1,1,1,0,0,2,0,2,2,0,1,0,1,1,2,1,0,0,0,1,0,1,2,1,1,1,1,0,2,1,0,2
snp-317,2,0,1,1,1,1,1,0,0,1,2,1,1,0,2,2,1,0,0,2,2,2,1,2,2,2,1,0,2,2,2,2,1,2,0,0,0,0,0,2,2,0,1,1,2,2,1,2,1,0,2,2,2,1,2,2,1,0,0,1,1,2,2,2,2,1,0,2,2,1,0,2,1,1,1,2,0,2,2,0,1,0,0,2,2,0,2,1,0,2,0,2,1,1,2
snp-318,1,2,2,1,1,1,1,0,2,2,0,0,2,2,0,1,2,1,1,0,1,2,0,0,0,2,2,0,0,2,2,0,0,1,1,2,1,1,1,0,2,2,1,1,0,1,1,1,0,0,1,1,0,0,1,0,0,0,0,0,2,0,1,2,0,2,1,2,0,1,2,1,0,2,2,2,1,2,0,1,1,0,1,1,1,1,1,2,0,2,0,1,0,2,1
snp-319,2,1,2,0,2,1,1,1,0,2,2,0,2,0,1,2,0,0,2,2,0,0,0,2,0,2,1,1,0,2,0,0,1,0,1,0,2,0,2,0,1,0,2,2,1,2,2,1,2,2,1,1,0,2,1,2,0,0,0,1,0,2,0,1,0,2,1,0,1,0,0,0,2,0,1,2,2,0,0,1,0,0,0,2,0,2,2,0,1,1,0,0,1,1,2
snp-320,1,2,0,1,2,1,1,2,0,0,1,2,2,1,0,0,0,1,2,1,1,1,2,0,1,0,1,1,2,0,1,0,1,0,2,2,2,2,1,0,2,0,2,0,2,1,2,0,2,1,0,0,0,1,0,2,0,0,0,0,0,2,1,0,0,2,0,2,1,1,0,1,1,2,2,2,2,0,2,2,1,0,1,0,1,2,2,1,1,1,1,2,1,2,0
snp-321,2,2,0,2,0,1,1,2,1,1,0,2,1,0,1,0,1,1,1,2,0,0,0,1,1,2,0,2,0,0,0,1,2,2,0,2,2,2,0,0,0,2,2,0,2,1,0,1,2,2,2,2,2,1,2,2,2,1,1,1,0,1,0,0,0,0,0,2,1,0,0,1,0,1,1,0,1,2,0,2,2,2,1,2,2,2,0,1,0,0,0,1,2,2,0
snp-322,1,1,2,2,2,1,1,1,1,2,2,1,2,1,1,0,1,2,2,1,1,0,0,0,0,0,1,2,0,2,2,1,2,0,0,0,1,1,1,0,0,0,1,1,1,2,2,2,0,2,0,1,1,0,1,0,1,0,2,1,2,0,2,1,0,0,2,0,2,1,1,0,0,1,2,1,2,2,1,0,0,0,1,2,2,1,2,2,2,1,0,2,1,2,1
snp-323,0,1,1,2,0,1,2,2,2,2,2,0,2,0,2,1,1,1,2,0,0,0,1,1,2,2,2,0,0,2,2,2,0,2,0,2,1,0,2,0,0,0,2,0,2,0,2,0,0,1,0,1,0,2,2,0,2,1,2,1,2,1,1,2,0,0,0,0,0,2,1,1,0,0,0,1,2,2,1,1,1,0,0,0,2,1,1,1,1,1,0,2,2,1,0
snp-324,1,2,0,2,1,0,1,2,0,1,0,0,1,0,2,1,1,2,0,0,2,0,0,2,2,1,1,2,2,2,1,0,0,2,2,0,1,1,0,0,1,2,0,0,1,0,1,0,0,2,0,2,2,1,2,2,0,2,2,0,0,0,0,2,1,1,1,1,0,0,0,1,0,0,0,2,0,1,1,1,0,0,1,0,1,1,0,0,2,1,0,2,2,0,0
snp-325,0,1,2,2,0,0,1,1,2,2,0,1,0,1,1,1,2,1,0,1,0,0,0,2,2,1,0,2,1,0,1,1,0,2,0,2,2,0,2,2,2,2,2,2,2,2,2,1,1,2,0,1,1,2,1,1,2,0,2,1,0,0,1,1,1,2,0,1,2,2,0,2,1,0,1,2,2,0,2,2,1,2,0,2,2,0,1,0,2,1,0,1,0,1,2
snp-326,2,0,2,0,2,2,1,2,1,0,0,1,2,0,0,2,2,2,0,2,1,0,2,1,1,1,1,2,0,2,1,1,0,1,1,0,2,0,2,2,2,2,0,0,2,1,1,1,1,2,1,2,0,1,0,0,2,2,1,0,0,1,2,2,0,2,2,0,2,0,2,1,2,2,1,1,2,1,2,0,1,0,2,0,1,2,1,1,1,1,0,0,2,1,0
snp-327,1,1,1,2,0,0,0,0,0,1,0,2,2,2,1,1,1,1,2,1,0,0,1,1,1,1,0,2,2,1,1,1,2,1,1,1,1,1,1,0,2,1,0,2,2,0,0,2,2,1,1,1,1,1,2,0,2,0,0,2,1,2,1,2,1,2,0,1,1,2,2,0,0,2,2,1,0,1,0,2,2,1,2,1,0,2,2,2,0,0,2,2,1,1,1
snp-328,0,0,0,0,0,2,2,0,0,0,2,2,0,1,1,1,0,2,0,0,1,0,2,2,0,0,0,2,0,1,0,2,0,1,2,0,0,1,2,1,0,2,2,1,1,0,1,1,0,1,0,0,1,2,0,0,2,1,0,1,0,1,2,2,1,0,1,1,2,1,2,2,1,1,0,0,2,2,2,1,2,0,0,2,1,1,1,2,0,1,0,0,0,2,0
snp-329,0,0,2,2,0,0,2,0,0,0,1,0,1,1,2,0,2,2,2,0,0,1,2,2,0,0,2,1,2,1,1,2,1,2,1,0,1,2,1,2,1,2,0,1,0,0,2,0,1,0,1,1,2,1,0,1,2,2,2,0,0,2,2,2,1,2,0,2,0,1,2,2,0,0,2,1,0,0,2,1,2,2,2,0,0,1,0,2,2,2,2,1,1,0,1
snp-330,1,1,2,0,0,0,0,2,1,1,1,1,1,0,1,1,2,2,2,1,0,1,1,0,1,0,0,0,0,1,2,2,0,1,2,2,1,0,2,0,0,2,2,0,1,1,0,2,0,1,0,1,2,0,2,1,0,1,0,2,2,0,1,1,2,1,2,1,1,2,2,2,1,0,1,1,2,1,0,2,1,2,1,0,2,1,1,1,0,1,2,1,1,1,2
snp-331,1,0,0,0,1,2,2,2,0,2,2,1,1,1,2,2,0,1,2,1,0,0,1,2,1,1,0,0,1,0,1,2,0,0,1,0,1,1,0,1,2,0,2,1,2,1,1,2,2,0,2,1,0,2,1,2,2,2,0,1,0,0,2,2,0,0,0,2,2,2,2,2,1,0,2,0,1,2,2,1,2,2,2,0,0,1,1,0,2,0,2,2,2,1,2
snp-332,2,0,0,0,0,0,2,1,0,1,0,2,1,1,2,0,1,0,1,2,1,2,1,0,0,1,2,1,2,0,0,1,0,2,2,2,1,1,2,1,0,0,0,2,1,0,1,0,0,0,1,1,0,2,2,0,0,0,0,0,1,2,2,2,2,0,1,2,1,0,2,1,2,0,1,2,2,2,0,0,0,2,1,0,1,1,2,0,0,2,2,0,0,1,0
snp-333,0,0,0,1,0,0,1,1,1,0,1,0,1,2,2,1,1,1,2,0,0,1,0,2,1,0,0,1,0,0,0,1,0,0,1,1,2,0,1,0,0,0,0,0,2,0,1,0,1,1,2,2,1,0,1,2,0,2,2,2,1,2,1,0,2,1,1,0,2,0,2,0,0,2,2,0,0,2,0,2,2,2,1,2,0,0,2,2,1,2,1,2,0,2,1
snp-334,2,1,0,1,2,1,2,2,0,0,0,2,2,0,1,1,0,0,2,2,2,0,0,0,1,0,2,1,0,0,1,0,0,0,1,2,2,2,2,1,2,2,0,2,1,2,0,2,0,0,2,2,2,2,0,1,2,2,2,1,1,2,2,1,0,1,1,1,2,2,0,1,2,2,0,0,2,1,1,2,1,2,0,2,1,2,0,0,0,2,1,1,1,0,2
snp-335,0,2,2,0,0,1,0,1,2,1,2,2,1,0,1,2,2,1,2,2,2,0,2,2,2,2,0,0,1,2,0,0,2,1,1,2,2,1,1,2,2,1,2,2,1,2,1,2,1,0,2,2,0,0,1,1,2,2,2,1,1,0,2,0,0,1,0,0,1,2,2,1,1,2,0,1,0,2,2,0,0,0,0,2,1,0,1,0,1,0,2,1,2,1,2
snp-336,1,0,0,2,0,0,1,2,0,2,2,2,0,1,0,0,1,1,2,0,1,0,2,0,0,0,2,1,0,2,0,0,1,1,0,0,2,0,1,2,2,2,1,2,0,1,0,1,2,1,2,2,2,2,0,0,1,1,2,1,2,1,2,1,2,2,0,1,1,1,0,2,2,1,1,2,0,1,0,2,2,0,2,1,2,0,0,0,1,2,2,0,1,0,1
snp-337,1,2,2,2,0,0,1,0,0,1,2,0,0,0,2,1,0,2,2,0,1,1,1,2,0,2,0,2,0,1,1,1,1,2,0,1,2,2,2,1,2,0,0,0,0,2,2,2,0,0,1,1,1,0,2,0,2,1,2,0,0,2,0,2,2,0,2,0,1,1,1,0,2,1,2,0,0,1,0,2,0,2,1,2,1,1,0,2,2,1,2,1,0,0,1
snp-338,1,2,0,0,1,2,2,2,0,1,1,2,0,1,0,2,0,2,2,2,0,0,2,1,0,1,0,1,0,1,1,1,2,0,0,0,2,1,1,0,1,2,0,0,2,0,2,1,1,1,1,0,1,1,0,1,0,2,1,2,1,2,0,1,1,0,1,2,2,1,0,2,2,1,1,1,2,2,0,2,0,1,0,2,1,0,1,1,1,2,0,2,1,0,0
snp-339,0,1,0,0,2,2,2,2,1,2,1,2,0,0,1,1,2,0,1,0,1,0,1,1,1,2,1,2,1,1,1,0,0,0,1,1,0,2,2,0,1,1,0,1,1,0,0,2,1,1,0,2,0,2,1,0,0,0,0,0,1,0,0,2,1,0,1,0,0,0,1,1,2,0,0,0,0,2,1,2,1,0,1,1,0,1,0,0,0,1,0,0,1,1,0
snp-340,1,1,1,1,0,0,0,1,1,2,0,1,2,1,1,1,2,1,1,2,0,2,2,1,1,2,2,2,1,0,2,2,1,1,0,2,2,0,2,1,0,0,0,1,0,0,0,0,1,1,0,1,1,1,1,2,0,2,1,1,1,0,1,1,0,0,1,2,0,2,2,2,1,0,2,1,2,2,0,1,0,0,2,2,0,1,2,0,2,0,2,1,1,2,2
snp-341,1,0,1,2,0,2,0,2,2,2,1,0,2,2,1,0,0,1,2,2,2,0,2,2,0,1,2,0,0,2,0,0,1,2,0,2,0,1,1,0,2,0,1,2,1,1,2,0,0,1,1,1,2,1,0,0,1,1,1,2,2,1,0,1,0,2,2,1,1,2,2,0,1,0,0,0,2,0,2,0,1,0,1,2,0,1,2,2,0,1,0,0,2,2,2
snp-342,0,2,2,1,0,1,1,0,1,0,0,0,0,0,2,1,2,1,2,0,2,0,2,2,1,1,0,0,1,1,1,1,2,1,1,1,0,2,0,2,1,1,0,1,0,2,2,2,0,0,0,0,0,0,1,1,2,2,2,2,1,2,1,2,2,2,1,1,0,0,0,2,2,0,2,2,0,1,0,0,1,0,0,0,2,0,1,0,0,2,1,1,0,0,0
snp-343,1,1,0,0,0,0,1,2,0,1,1,2,1,1,2,1,0,1,0,0,1,1,0,2,1,1,2,1,1,0,0,1,0,1,0,1,1,1,2,0,2,2,1,0,0,0,2,1,0,1,0,0,0,1,2,2,1,0,2,1,1,0,1,0,1,0,1,0,1,0,0,1,0,2,2,1,0,2,1,1,1,0,0,1,2,1,1,0,2,1,0,0,2,2,0
snp-344,2,2,2,0,1,2,1,0,2,1,0,2,2,1,2,1,1,2,2,0,2,0,1,0,1,2,1,2,0,1,1,1,1,0,1,1,0,0,0,1,0,2,0,2,1,0,1,2,2,0,2,2,1,0,1,0,2,1,1,0,0,0,0,2,1,2,0,2,0,0,1,1,1,0,2,0,1,1,0,0,0,2,0,1,1,1,1,0,1,1,2,0,2,1,1
snp-345,0,2,1,2,2,0,0,0,1,0,1,1,0,0,0,2,0,1,1,1,0,1,0,0,0,1,2,0,1,0,2,0,1,2,1,0,1,2,0,0,2,2,1,2,2,1,1,2,0,2,2,2,2,1,1,0,0,1,1,0,2,2,1,0,2,2,2,2,0,1,2,1,0,2,2,1,1,1,2,1,2,2,1,0,1,2,1,0,0,2,1,2,1,0,2
snp-346,1,2,2,1,2,2,2,2,1,1,2,2,0,1,1,0,2,2,1,2,1,0,0,0,0,2,0,2,2,0,2,1,0,2,2,0,2,0,0,2,2,0,2,2,1,2,1,1,0,2,0,2,0,2,2,2,2,0,2,1,0,0,0,0,1,1,1,0,2,1,2,0,2,0,2,2,2,1,2,0,1,0,2,2,2,0,2,1,1,1,2,2,1,0,1
snp-347,1,2,1,2,2,1,0,1,0,2,1,0,1,0,2,0,0,0,2,2,1,1,1,1,1,2,0,2,0,2,0,0,2,0,1,1,2,0,2,1,0,0,1,0,2,2,2,2,1,1,0,0,0,2,0,0,0,2,0,1,2,0,1,2,1,1,0,1,0,1,2,0,2,2,0,2,2,0,2,2,2,0,0,0,1,1,1,1,2,1,1,0,0,0,2
snp-348,0,2,2,1,1,0,1,2,0,0,2,0,2,1,0,2,1,2,2,0,1,0,2,2,1,1,2,2,2,0,1,0,1,2,2,0,1,0,0,1,2,1,1,2,2,0,2,2,0,0,1,2,0,2,2,1,2,2,0,2,0,1,2,1,0,1,2,1,1,2,0,1,1,2,0,2,1,2,0,2,0,1,1,2,2,1,1,2,0,2,2,1,0,0,2
snp-349,0,2,0,2,0,0,1,1,0,0,1,1,1,1,2,2,0,1,2,2,1,1,1,1,0,2,2,1,0,2,0,0,2,2,0,2,2,1,2,2,0,1,1,0,1,2,0,2,2,1,0,2,2,2,0,1,0,1,2,0,0,0,1,0,1,1,0,0,1,1,1,2,1,0,2,1,2,1,0,0,0,0,2,2,0,1,1,0,1,1,0,0,2,0,2
snp-350,0,2,1,0,2,2,2,1,0,1,0,1,0,0,1,0,2,0,1,1,0,0,1,0,1,0,2,2,0,1,2,0,0,2,0,0,2,0,0,0,1,0,0,1,2,1,0,1,2,0,0,0,0,2,0,1,2,1,0,2,1,0,2,2,1,0,1,2,2,0,1,2,1,2,1,0,1,2,1,1,1,2,1,2,0,1,0,1,1,1,2,2,2,0,2
snp-351,0,2,0,0,0,0,1,1,0,2,2,2,2,1,1,2,2,0,0,2,1,1,2,2,1,0,1,0,1,0,1,0,1,1,2,2,2,1,1,0,1,1,1,2,2,0,0,2,0,1,1,0,0,1,1,1,2,0,1,1,1,0,0,1,1,1,2,2,0,1,1,1,2,1,1,1,1,2,0,2,0,2,0,1,2,2,1,0,0,0,0,0,2,2,2
snp-352,1,1,2,2,0,1,1,2,1,2,1,0,2,1,0,1,1,2,1,1,2,1,1,0,1,1,2,0,1,2,1,0,2,1,0,1,2,2,1,1,2,0,0,1,2,1,1,2,0,1,2,2,0,2,2,1,0,2,0,2,0,2,0,2,1,2,2,2,2,2,0,0,0,2,0,2,0,2,0,2,0,2,0,2,0,2,2,2,0,0,2,2,1,1,0
snp-353,2,0,2,1,2,2,1,2,0,2,0,1,0,1,2,0,1,2,2,2,0,2,1,0,1,2,2,2,1,2,1,2,1,2,2,2,0,1,2,1,2,2,1,1,2,1,1,0,0,2,2,2,0,2,1,0,1,1,2,0,0,1,2,2,1,0,1,1,0,1,2,1,2,2,0,1,1,2,1,2,2,1,1,0,2,0,1,0,0,0,1,1,1,0,0
snp-354,2,1,2,2,0,0,0,1,0,1,1,0,2,2,0,1,1,1,2,2,1,0,2,1,1,2,0,1,0,0,0,0,1,0,2,2,1,0,2,2,0,0,0,2,2,1,0,2,1,0,0,2,0,2,0,2,0,2,1,0,0,0,0,1,0,2,2,1,2,0,1,0,0,2,2,0,1,0,0,0,2,0,1,1,2,2,2,0,2,0,0,2,2,0,2
snp-355,0,0,2,0,1,0,2,1,1,0,2,0,1,0,0,1,0,0,1,1,1,2,2,1,2,0,2,2,0,1,2,1,2,0,1,1,0,2,0,1,1,1,2,1,0,2,2,2,1,0,2,1,1,2,2,1,1,0,1,2,2,0,0,1,0,0,2,1,1,0,0,1,2,0,0,1,0,2,2,2,0,1,2,0,2,2,0,0,1,0,0,0,0,2,1
snp-356,0,2,2,2,0,2,1,1,1,1,2,1,1,2,0,1,2,2,0,0,0,2,0,2,1,0,2,1,2,2,0,2,0,0,1,2,1,2,0,0,0,2,1,0,0,2,0,2,2,1,1,0,0,1,0,0,2,2,2,2,2,0,1,2,2,2,1,2,2,0,0,2,2,1,2,2,2,2,1,1,1,1,0,1,2,1,2,0,1,2,1,0,2,1,2
snp-357,2,1,0,2,2,1,1,0,2,0,2,2,2,1,0,1,0,1,0,0,2,2,0,1,1,1,0,1,1,0,1,0,2,1,2,1,1,1,1,0,1,2,2,1,1,1,2,1,1,1,0,1,1,2,2,0,0,1,0,2,1,1,1,2,0,1,1,1,1,1,1,1,0,2,2,0,1,2,2,1,1,0,0,1,1,2,2,1,1,0,2,2,2,1,1
snp-358,2,2,0,1,1,1,0,0,1,1,0,1,1,1,1,1,2,2,1,0,0,0,1,0,1,2,2,2,1,2,1,0,2,2,0,1,1,2,1,1,0,2,2,0,0,0,0,2,1,2,1,0,2,1,2,0,2,2,2,0,2,2,2,1,0,1,0,0,1,0,1,0,1,1,1,2,2,2,1,1,0,0,0,2,2,2,2,0,0,1,0,0,0,0,2
snp-359,0,2,1,0,1,0,0,0,0,1,1,1,1,0,0,2,2,2,0,1,0,0,0,1,0,2,2,2,0,0,0,1,0,0,1,2,1,0,0,0,0,1,2,0,2,2,0,1,1,1,0,1,1,2,1,0,2,1,0,2,0,2,0,1,0,0,1,0,0,1,2,2,1,1,0,1,2,0,2,2,2,2,0,2,2,1,1,1,2,1,2,2,1,0,0
snp-360,0,1,2,0,0,1,2,2,1,2,1,2,2,2,1,0,0,0,2,1,1,1,1,0,1,2,2,2,0,0,2,1,2,1,1,1,2,2,2,1,0,1,2,0,0,2,0,1,0,1,2,0,1,0,1,1,1,0,1,0,2,1,2,0,2,0,2,0,1,2,0,2,1,0,0,2,2,2,2,1,2,0,1,1,1,1,0,2,0,0,2,1,1,0,1
snp-361,2,1,2,0,2,0,2,2,1,0,2,2,1,0,2,0,0,0,2,1,0,0,1,2,1,0,1,2,2,0,2,0,2,1,2,2,2,1,0,1,2,0,2,0,0,0,1,1,0,0,2,0,2,2,1,1,2,1,2,0,0,1,0,0,1,0,2,2,0,2,2,0,0,0,1,0,1,1,0,1,2,2,2,1,1,1,0,1,2,0,1,0,0,0,0
snp-362,2,1,2,0,0,0,2,0,0,1,0,2,2,0,0,2,0,2,2,1,2,0,1,2,1,1,1,2,0,0,2,1,0,2,1,0,2,0,1,1,2,0,1,2,0,1,2,2,1,0,0,0,2,2,0,0,2,2,1,1,2,0,2,0,0,1,1,1,0,2,0,0,2,2,0,1,0,2,1,1,1,0,2,1,1,1,0,0,0,0,1,0,1,1,2
snp-363,1,2,0,2,0,0,2,1,1,2,0,1,2,0,0,1,2,0,1,2,1,2,0,0,2,0,0,2,1,0,1,2,1,0,0,0,0,2,2,2,1,0,2,2,0,0,2,0,0,2,1,2,0,2,0,1,1,0,1,0,1,2,2,0,0,1,0,2,1,0,2,1,2,0,1,0,2,0,1,1,0,2,0,2,0,1,2,1,1,2,1,1,0,2,0
snp-364,0,2,1,2,0,1,2,0,2,2,1,1,0,0,1,1,2,2,1,2,0,0,0,0,1,1,2,2,0,0,1,0,1,1,2,2,0,1,0,1,2,1,1,1,2,2,0,2,0,0,2,0,1,0,2,1,0,2,2,1,0,1,2,0,0,1,1,1,2,0,1,0,2,0,0,1,0,1,2,0,2,2,0,0,0,2,1,0,0,1,2,2,1,1,0
snp-365,0,0,1,0,1,1,1,2,2,0,2,2,0,2,2,0,0,0,1,2,0,1,1,2,1,2,2,2,0,1,1,2,0,0,0,1,2,0,1,2,0,0,1,2,1,0,2,0,2,1,0,0,1,2,0,0,0,1,2,2,2,0,0,2,1,1,0,0,1,1,1,0,2,2,2,2,2,2,1,1,2,1,0,2,2,2,2,0,1,2,0,0,2,0,0
snp-366,2,1,1,1,2,1,0,0,1,0,0,1,2,1,1,2,0,0,1,0,1,0,1,0,1,2,0,0,2,1,0,1,2,1,1,1,0,2,1,1,2,2,0,2,2,0,0,0,1,0,0,2,1,1,2,1,1,1,0,2,2,2,0,0,1,1,1,0,0,0,1,1,0,0,1,1,0,0,2,2,1,1,2,1,2,1,2,1,2,2,0,2,1,2,2
snp-367,2,2,2,1,1,0,0,2,0,2,1,0,0,0,2,2,0,2,1,0,2,1,1,1,2,1,1,0,0,2,1,1,0,1,1,0,0,2,1,0,2,1,0,2,1,1,1,1,2,2,2,2,1,1,2,2,2,1,1,2,1,1,1,1,0,0,2,0,2,0,0,1,1,1,2,2,2,2,0,2,2,0,0,0,2,0,1,0,2,2,1,2,0,2,1
snp-368,2,0,2,1,2,2,1,1,1,2,0,0,1,0,1,2,1,2,2,0,1,0,2,2,1,1,2,1,2,0,0,2,0,2,1,0,1,1,2,0,2,1,1,0,0,2,1,2,1,1,0,0,0,0,0,2,1,0,1,2,0,2,2,2,2,2,2,0,0,1,1,2,0,1,0,0,1,1,1,1,0,0,0,1,1,2,0,2,0,1,2,2,1,0,0
snp-369,0,1,2,0,0,0,0,0,0,0,1,1,0,0,1,0,1,1,1,2,0,0,2,1,1,0,2,0,0,0,1,1,1,1,1,1,2,0,0,2,1,2,0,0,0,0,1,2,2,0,2,2,0,0,0,0,1,0,2,2,2,2,2,0,2,1,2,0,1,0,0,0,0,2,0,1,1,0,0,1,0,2,0,2,0,0,1,2,2,2,1,2,2,1,0
snp-370,0,1,2,1,0,0,0,1,0,2,2,1,0,2,1,1,1,2,1,2,1,1,1,2,2,1,1,2,2,1,0,1,2,0,2,0,0,1,0,0,2,1,1,0,2,0,0,0,0,1,2,1,1,2,2,1,1,2,2,2,0,1,0,2,0,2,2,2,0,1,0,1,2,0,2,1,2,1,1,1,1,1,1,0,0,1,1,1,1,2,2,2,2,2,1
snp-371,1,1,2,2,2,1,0,1,0,0,1,1,0,2,1,1,1,2,1,2,0,1,2,2,2,2,2,1,1,2,0,0,1,0,1,0,1,0,0,0,0,0,1,2,0,1,2,1,2,2,1,1,2,2,1,1,2,0,2,0,0,2,0,2,0,0,2,0,0,1,2,0,0,1,1,1,1,2,1,1,2,2,0,2,2,1,0,0,0,0,2,2,2,0,2
snp-372,0,2,0,1,1,1,0,1,2,1,0,1,0,2,1,2,1,0,2,1,0,1,2,1,1,2,1,1,0,0,2,2,1,2,0,1,0,2,1,1,0,0,1,1,2,0,1,1,0,0,1,2,2,1,0,0,2,2,1,2,1,0,2,2,0,2,0,2,0,1,0,1,1,1,1,1,0,1,1,1,1,2,0,0,1,2,1,0,0,0,1,1,0,0,1
snp-373,2,0,0,2,1,0,1,0,1,2,0,1,1,0,1,1,1,1,1,0,2,0,1,1,2,1,2,2,2,2,0,0,2,0,1,1,1,2,0,1,0,2,1,0,0,2,2,0,0,0,0,1,1,0,1,1,0,1,2,1,1,1,1,0,1,0,1,1,2,0,0,2,1,1,1,0,1,2,2,1,1,2,2,2,1,0,1,0,2,2,2,1,0,1,0
snp-374,2,2,0,1,2,2,0,1,2,2,0,0,2,0,0,0,1,2,1,0,2,2,2,0,0,1,0,0,1,0,2,2,2,0,2,2,2,1,1,1,0,1,2,2,2,0,0,1,1,0,0,0,0,0,2,0,2,0,2,0,0,1,2,0,2,1,1,2,0,2,2,1,1,2,1,2,2,0,2,0,1,1,1,2,0,2,0,0,1,1,2,0,1,0,2
snp-375,2,2,2,0,0,2,1,2,1,2,0,1,1,0,1,2,2,2,2,0,0,2,0,0,0,0,1,2,0,2,0,2,1,2,0,0,0,1,0,0,1,0,1,0,0,1,2,0,0,0,2,0,0,0,1,1,1,0,0,1,0,2,1,0,1,2,1,2,1,2,2,0,1,1,2,2,2,2,0,0,0,2,2,0,2,1,1,1,1,1,1,1,0,0,1
snp-376,0,1,0,2,2,2,2,2,0,0,2,2,2,0,2,1,2,1,2,2,1,2,2,0,2,0,1,0,0,1,2,2,0,0,0,2,2,2,1,0,2,2,1,1,0,1,1,0,1,2,2,0,0,2,2,2,2,1,1,2,0,2,0,0,0,0,2,2,2,0,1,1,2,1,1,1,0,0,2,1,1,0,2,1,2,2,1,1,2,0,2,0,1,2,0
snp-377,0,0,2,0,1,0,2,1,0,0,2,2,1,0,1,2,2,1,0,0,1,2,1,1,2,2,1,0,2,1,2,2,1,0,1,2,1,2,1,1,1,0,0,0,1,1,1,1,0,1,1,1,1,0,1,1,1,1,0,0,2,0,1,1,2,0,0,2,2,0,2,1,1,0,0,2,0,1,1,0,0,0,2,0,2,2,0,0,2,0,1,0,2,0,1
snp-378,2,2,1,2,0,2,0,2,0,1,1,0,0,1,1,0,0,1,0,2,1,0,1,1,2,0,2,0,1,2,0,2,0,2,2,2,1,0,2,0,2,1,0,2,1,0,2,2,1,1,2,1,0,1,0,0,0,2,0,0,0,2,2,0,0,0,0,1,2,2,1,2,0,1,2,2,2,1,1,1,0,2,0,0,2,0,2,2,0,0,1,1,1,1,0
snp-379,1,0,2,0,1,0,2,1,0,1,2,2,1,1,2,1,0,0,1,2,0,2,0,2,2,2,0,0,0,1,1,1,0,2,2,2,1,2,0,1,2,1,0,0,2,2,0,0,2,0,0,2,2,2,2,2,0,0,1,1,1,0,0,1,2,2,2,2,1,1,2,0,0,0,0,1,2,2,1,1,0,2,1,1,0,2,1,0,0,0,0,2,2,1,2
snp-380,1,2,2,0,2,2,1,0,2,1,0,2,2,2,0,0,2,0,0,2,1,2,1,2,0,0,0,0,1,1,2,1,2,2,1,2,1,0,0,0,1,1,0,2,1,0,0,1,2,2,2,2,1,2,2,0,1,1,2,1,0,1,2,2,2,0,0,2,0,1,2,2,1,2,1,0,2,0,1,1,2,1,0,1,2,1,1,2,0,2,1,2,1,2,2
snp-381,0,2,0,1,2,0,1,0,2,2,2,0,1,0,0,0,0,2,2,2,0,1,2,1,0,1,0,0,1,0,2,2,1,1,0,2,0,2,0,2,1,1,1,2,1,1,2,0,1,2,1,1,0,1,2,2,2,2,1,1,0,1,0,2,0,1,1,0,1,0,0,2,2,0,2,1,0,1,2,0,0,2,1,1,1,0,1,1,2,2,2,2,0,2,0
snp-382,2,1,2,1,0,0,2,1,2,2,0,2,1,1,0,2,0,2,0,1,0,2,1,2,2,2,0,1,2,1,1,0,2,0,0,0,2,1,0,0,0,1,2,0,1,0,2,0,1,1,2,1,0,0,0,0,1,0,0,2,2,0,0,1,2,2,0,2,2,1,0,2,1,0,0,2,2,2,0,0,1,0,1,2,0,2,2,0,2,1,1,1,0,0,1
snp-383,1,1,1,1,0,1,2,2,1,1,0,0,0,2,2,0,1,1,2,2,2,0,0,0,1,1,2,1,1,0,1,2,2,1,1,1,2,2,1,0,2,0,0,1,0,2,2,1,2,1,0,0,0,2,0,2,1,1,1,1,0,1,2,0,0,1,2,0,2,1,1,0,2,2,2,0,2,2,0,1,2,1,0,0,2,0,0,0,1,1,2,2,2,1,1
snp-384,1,0,2,2,0,0,1,1,0,1,0,1,2,0,1,0,2,2,2,1,2,0,2,2,2,1,0,1,1,2,2,0,2,1,2,2,1,2,1,0,2,1,2,2,2,0,0,0,1,0,1,2,1,0,2,0,2,1,2,1,2,0,1,0,1,2,1,2,2,2,2,1,0,0,2,2,0,1,1,1,1,1,2,1,0,0,1,0,2,0,2,2,0,2,1
snp-385,2,1,2,2,1,0,1,1,2,0,2,1,2,1,0,1,2,1,2,0,1,1,0,2,1,1,1,1,0,0,1,0,2,0,2,2,2,0,2,2,1,0,2,0,0,0,0,2,1,0,2,1,2,0,1,1,0,2,1,1,0,2,2,2,1,2,0,0,2,2,1,0,0,1,2,1,2,1,1,1,1,1,1,2,1,2,0,2,1,2,2,0,0,0,1
snp-386,0,0,1,2,0,1,2,2,0,0,1,1,0,2,0,2,1,0,1,1,1,2,0,2,2,0,2,0,0,2,1,1,0,1,2,2,2,1,2,0,1,0,1,1,1,1,1,1,1,0,0,2,1,0,2,0,1,2,0,0,1,2,2,0,2,1,1,1,1,2,2,0,2,1,2,1,1,2,2,0,0,1,0,0,2,2,2,2,1,2,0,2,1,1,1
snp-387,2,0,2,0,0,2,0,0,1,2,2,2,0,2,2,0,2,0,2,0,2,1,2,2,0,0,1,2,2,2,2,1,0,0,2,0,2,0,0,2,0,2,1,0,2,2,2,2,1,0,0,1,2,1,0,1,1,1,2,2,0,0,1,0,1,1,0,1,2,1,2,1,0,1,0,2,0,2,1,2,0,2,1,0,1,0,1,1,0,2,2,0,1,1,0
snp-388,1,1,2,0,2,0,1,2,0,0,0,1,1,1,0,2,2,2,2,2,0,1,0,2,0,0,1,0,1,1,0,0,0,0,1,0,0,0,0,0,1,1,1,0,2,1,0,1,2,0,2,0,0,2,1,0,1,2,2,0,0,2,1,2,0,1,2,2,1,0,1,0,2,0,0,2,1,0,2,1,0,2,1,1,2,1,1,2,2,0,2,0,2,2,1
snp-389,2,0,1,2,0,1,1,1,1,2,0,0,0,0,0,1,1,2,1,2,1,1,0,2,2,2,0,1,1,1,0,1,1,1,1,0,0,2,0,2,2,2,2,1,0,1,2,1,2,2,1,2,0,2,1,2,0,2,0,1,2,0,1,0,0,2,0,1,2,1,1,1,1,2,0,1,1,0,0,0,2,0,2,2,1,0,0,0,2,2,2,2,0,1,2
snp-390,0,0,2,0,2,1,2,0,2,1,2,2,2,2,0,1,2,0,2,1,0,1,0,1,2,1,1,2,0,1,1,2,2,0,0,0,0,2,2,1,0,2,2,2,0,0,1,2,0,0,1,1,1,0,0,2,1,2,0,0,0,0,1,1,2,1,1,0,0,1,0,1,2,0,2,2,1,2,1,0,2,1,1,2,0,1,2,0,1,2,0,1,0,2,2
snp-391,1,2,1,2,1,0,1,1,1,2,0,0,1,0,1,1,0,0,1,0,2,0,2,1,2,1,1,1,2,1,2,0,0,1,2,2,2,1,0,1,1,1,2,0,1,2,2,0,2,0,1,0,0,0,2,2,2,2,2,1,0,0,2,2,2,2,0,0,2,1,0,1,1,1,2,1,2,1,2,1,0,1,0,2,1,2,1,1,0,0,0,2,1,0,1
snp-392,1,2,1,0,1,2,0,1,2,1,1,0,2,2,1,2,2,1,1,2,0,1,2,0,1,0,1,2,0,0,2,1,2,1,1,0,2,2,0,2,2,0,0,0,0,2,2,2,0,1,2,1,0,2,2,1,2,1,0,0,2,1,1,2,1,0,0,0,2,0,2,2,0,2,1,2,1,2,2,0,2,1,1,2,0,0,1,1,1,0,0,0,2,0,0
snp-393,1,2,1,1,1,0,2,2,2,2,1,2,1,1,0,1,0,0,1,2,0,0,2,0,1,1,0,1,0,2,0,2,2,2,0,1,0,1,1,0,1,0,0,1,1,1,0,2,1,2,2,1,1,1,0,2,1,1,2,2,2,2,2,2,0,0,0,2,0,0,1,0,0,0,2,0,0,0,0,2,0,2,1,0,0,1,1,2,0,1,2,2,2,2,1
snp-394,1,2,2,1,2,0,1,2,2,2,0,0,0,0,2,2,2,1,0,2,2,2,0,1,0,1,0,1,0,2,2,0,1,0,2,1,2,0,0,2,0,1,1,0,1,2,0,0,0,0,1,0,0,2,2,0,0,1,1,0,2,0,1,2,0,1,1,2,2,1,1,2,1,0,1,0,2,1,2,2,0,0,2,1,0,1,0,2,1,0,1,1,0,1,0
snp-395,0,2,2,2,1,0,1,1,0,1,1,2,1,0,2,1,2,2,1,0,1,2,1,2,0,1,1,2,2,1,2,2,1,0,0,1,0,0,2,2,0,2,2,0,0,2,1,2,2,0,0,2,2,1,1,1,1,1,2,2,1,0,0,0,0,1,1,1,1,0,0,1,0,0,2,2,2,2,2,1,0,0,2,0,1,2,0,0,2,1,0,0,2,2,1
snp-396,2,1,0,0,0,0,2,1,0,0,0,2,2,1,0,0,0,0,0,2,1,0,0,1,0,0,2,1,2,0,0,0,1,1,1,0,2,2,1,2,1,2,2,0,1,0,1,1,1,0,1,0,1,2,1,2,1,0,2,1,1,2,2,0,2,0,2,2,1,1,0,2,2,2,2,1,2,0,0,0,0,0,1,0,0,2,0,2,0,0,0,2,0,1,1
snp-397,1,2,1,0,1,1,0,0,2,0,0,0,1,0,0,2,0,1,2,2,2,2,0,1,1,2,2,0,2,0,1,1,0,2,1,0,2,1,2,2,2,0,0,2,1,0,2,2,0,0,0,0,0,2,0,2,0,2,2,1,1,0,2,0,0,0,1,1,2,0,1,0,0,0,0,1,0,1,1,2,1,1,0,0,1,0,2,1,2,2,0,0,1,2,0
snp-398,2,2,2,1,1,1,2,1,1,2,2,0,1,0,2,0,2,2,1,2,0,1,0,1,2,0,1,1,0,2,0,0,0,1,1,0,1,1,2,0,0,1,1,0,2,2,0,0,0,0,2,1,2,1,1,0,2,2,0,0,1,0,2,2,1,0,2,2,2,2,2,0,1,0,0,0,0,1,1,1,1,0,1,2,2,2,0,2,0,2,1,1,1,0,1
snp-399,2,2,0,2,2,0,0,2,1,1,2,2,0,2,0,0,2,2,2,2,2,2,1,1,2,0,1,2,1,2,0,2,0,2,0,0,0,1,2,0,2,1,0,0,0,0,0,2,0,2,0,0,0,1,1,0,2,2,1,2,1,1,2,0,1,1,1,1,2,1,0,2,2,2,1,2,1,2,0,1,1,2,1,1,2,0,2,2,0,2,2,1,2,2,2
snp-400,2,1,2,0,2,0,2,2,1,0,1,0,0,2,0,2,2,2,1,0,2,0,2,2,0,2,1,2,1,1,2,2,2,1,1,0,0,0,0,1,0,0,1,2,0,0,0,1,1,2,2,1,1,1,1,1,0,0,2,1,2,0,2,0,1,2,1,0,0,1,1,1,2,0,0,2,1,1,2,0,0,2,0,1,2,0,0,0,0,2,0,0,0,1,0
snp-401,2,0,0,2,2,1,1,1,2,2,1,1,2,1,1,0,0,0,1,2,0,1,0,1,2,0,0,2,2,2,1,1,2,0,2,2,0,0,1,1,1,2,2,1,1,2,0,1,0,1,1,1,1,1,2,2,2,2,0,2,0,1,2,1,1,1,2,0,1,1,1,1,2,0,1,0,2,1,0,1,2,2,0,1,1,2,0,0,2,0,1,1,2,0,1
snp-402,0,0,0,0,1,2,2,2,1,1,1,0,0,0,1,2,0,0,1,0,0,2,1,2,2,1,0,1,0,2,2,0,1,2,1,1,2,2,0,1,2,2,0,1,1,0,1,1,0,0,1,0,0,0,0,1,0,1,0,1,1,1,2,1,1,1,2,1,2,2,2,0,2,2,1,0,0,1,0,1,2,2,1,2,0,1,1,0,1,0,2,0,0,0,0
snp-403,2,0,1,2,0,1,0,2,1,1,0,0,0,1,2,0,1,0,1,0,1,1,2,2,2,1,2,2,2,2,2,2,2,1,2,2,2,1,2,2,2,2,0,0,2,1,2,1,0,2,1,2,1,1,1,1,1,2,1,1,2,1,0,1,2,0,2,1,2,2,0,0,0,1,2,2,1,0,1,0,2,2,2,2,0,2,1,2,2,2,2,0,0,0,1
snp-404,0,2,0,0,0,2,0,0,1,0,2,0,2,2,2,2,1,0,0,2,1,1,1,0,2,1,0,0,0,2,1,2,1,0,1,2,1,2,1,1,1,0,2,2,0,1,1,0,2,1,1,1,0,0,2,0,0,1,1,0,1,2,2,1,2,0,2,1,0,1,0,0,1,2,0,2,1,1,1,0,2,2,2,2,0,1,1,1,2,1,2,2,2,0,2
snp-405,1,2,0,0,2,1,2,2,2,0,0,2,0,2,1,1,0,0,1,1,1,0,0,1,1,2,0,1,1,2,2,0,1,0,0,0,0,1,2,1,2,0,0,0,2,2,1,2,0,0,0,0,1,1,0,1,0,0,1,2,2,0,2,1,0,2,2,1,0,0,1,1,1,2,1,2,0,2,0,2,1,1,1,0,2,2,1,1,0,2,1,2,1,1,2
snp-406,2,1,1,2,2,2,2,2,1,0,0,1,0,1,1,1,2,2,2,0,0,1,0,1,0,2,2,0,2,0,0,2,2,1,1,0,0,1,0,2,0,0,0,1,1,2,1,0,2,0,1,0,2,0,1,2,1,2,0,1,1,0,2,1,2,2,1,0,2,1,0,1,0,1,0,1,1,2,2,2,1,2,1,0,1,1,1,2,2,0,1,1,1,1,0
snp-407,2,0,0,0,0,2,0,2,1,2,2,2,0,2,2,0,0,2,0,2,1,2,2,2,1,1,1,1,1,1,0,0,1,2,2,0,2,1,0,2,1,2,1,1,2,0,1,1,1,2,1,1,1,1,0,2,2,1,0,0,0,1,2,2,1,1,0,2,0,2,2,0,1,1,2,0,2,0,2,0,2,2,2,0,1,1,0,2,1,1,0,2,1,1,2
snp-408,1,0,2,1,0,2,1,2,0,2,1,1,0,2,2,1,2,1,2,1,2,1,1,1,0,1,1,1,0,2,2,1,0,0,0,1,1,2,0,2,2,1,1,0,2,0,1,1,1,2,2,2,0,2,1,2,2,0,1,1,1,1,0,2,0,1,1,2,2,1,2,1,1,1,0,0,0,0,2,2,1,1,2,2,0,0,2,1,1,2,2,2,0,0,1
snp-409,2,0,2,1,1,1,1,0,0,0,2,1,0,0,2,0,2,2,2,0,2,0,0,1,1,0,1,0,1,2,0,0,0,2,1,0,1,1,0,0,2,0,1,0,1,1,0,0,1,1,1,0,0,1,1,2,1,0,1,2,0,2,1,1,0,1,0,0,0,0,1,0,1,1,1,2,1,1,0,1,0,1,0,2,2,2,1,0,0,1,0,0,0,0,1
snp-410,0,1,0,0,2,2,0,1,2,0,2,1,2,2,2,2,0,2,0,2,1,1,2,2,1,2,0,2,0,1,2,2,1,1,1,0,0,0,0,2,2,2,2,0,0,2,2,2,1,2,1,2,1,1,1,2,2,2,1,1,1,0,2,0,0,1,1,0,1,0,2,2,2,0,0,0,1,1,1,1,0,1,0,2,2,1,0,1,2,1,2,2,2,2,1
snp-411,1,1,2,1,0,0,0,1,1,1,0,0,2,2,1,1,2,2,2,0,1,2,2,0,1,1,1,0,0,0,2,1,2,2,0,2,1,2,2,2,1,0,0,2,2,2,1,2,0,2,0,0,2,1,2,0,1,2,0,1,1,2,1,0,0,2,0,1,1,0,1,0,0,0,1,2,2,1,2,1,2,0,2,1,1,2,0,2,1,2,0,0,1,0,2
snp-412,2,1,2,2,2,0,2,0,0,0,0,1,1,2,0,1,2,2,1,0,0,2,1,2,1,2,0,2,0,1,0,2,2,0,0,1,0,0,2,0,0,0,0,0,1,2,0,1,2,1,0,2,0,0,2,0,0,1,0,2,1,2,2,2,1,1,0,1,1,1,1,2,1,1,2,2,1,1,1,1,1,0,1,1,0,2,2,0,1,2,2,1,0,2,1
snp-413,1,0,1,0,0,2,2,2,0,2,0,2,2,2,2,2,1,2,0,2,0,1,2,0,1,2,0,2,2,1,2,0,0,1,2,2,0,0,1,1,2,1,1,2,0,1,0,0,0,1,2,2,2,1,2,2,1,1,0,1,1,1,1,1,2,2,2,2,2,1,0,2,0,0,1,2,1,0,2,2,2,1,1,0,2,0,2,1,2,2,0,2,2,0,2
snp-414,0,1,0,1,2,1,1,0,2,2,0,2,2,2,2,2,1,1,2,2,1,2,0,2,2,1,2,2,0,0,2,1,0,0,2,1,2,2,2,0,0,2,0,0,0,0,1,0,2,0,2,1,2,0,1,0,2,0,1,0,0,2,0,0,2,0,0,2,2,1,1,1,2,1,1,0,2,0,0,1,2,1,1,2,1,0,1,0,2,0,2,2,1,0,1
snp-415,2,0,2,1,0,1,1,1,2,2,1,0,2,1,0,0,1,1,2,0,0,0,1,2,1,0,2,2,2,2,1,1,0,2,0,0,2,1,1,2,2,1,0,2,1,1,1,0,1,1,2,0,2,2,1,1,1,2,2,2,0,1,0,2,0,1,2,2,0,1,0,0,0,1,1,1,1,0,2,2,1,2,2,1,1,1,0,1,1,1,2,1,2,2,0
snp-416,2,2,0,2,1,2,1,0,2,1,0,0,0,2,1,2,1,2,2,0,0,0,1,1,2,1,2,2,1,0,2,1,2,0,0,0,1,0,2,0,2,2,0,2,2,1,2,1,2,0,0,0,0,2,0,2,1,1,0,2,2,1,0,1,0,1,0,2,0,0,2,0,0,0,1,2,1,1,2,0,0,2,1,2,1,0,1,0,0,2,1,1,2,2,2
snp-417,2,0,0,0,0,0,0,0,0,0,0,0,0,2,2,2,1,0,0,2,0,1,1,0,0,1,1,1,0,1,0,1,1,0,1,0,0,0,1,0,2,1,2,0,2,2,1,0,2,1,0,2,1,1,1,1,2,1,1,1,0,0,2,1,2,1,2,2,0,0,2,2,2,2,1,0,1,1,1,0,0,2,1,1,0,2,0,2,1,1,1,1,1,0,2
snp-418,2,1,1,1,2,2,1,2,1,0,2,1,0,2,0,2,0,2,2,1,1,0,1,1,0,2,1,0,2,1,1,2,0,2,1,2,2,1,0,1,0,0,0,2,1,0,1,2,0,2,0,0,2,1,0,1,1,1,2,0,2,1,0,2,0,2,2,1,1,1,0,2,2,2,2,0,0,1,1,2,1,0,2,2,0,2,0,1,0,1,0,2,2,0,1
snp-419,1,2,0,1,0,0,2,2,0,0,0,2,2,0,1,2,0,2,0,1,2,1,0,2,1,2,0,1,2,0,0,1,2,2,1,1,0,2,2,2,2,0,0,2,1,2,2,0,1,2,2,0,0,2,1,0,0,0,0,1,1,0,2,1,0,1,0,0,1,2,0,2,1,0,1,1,0,2,2,1,0,1,2,2,2,2,1,1,1,0,1,1,2,2,2
snp-420,2,2,0,1,0,1,1,2,0,0,1,0,1,0,2,2,0,1,0,0,0,0,2,1,0,2,2,1,1,1,0,0,2,0,1,0,0,0,1,0,1,2,2,1,1,2,0,1,0,1,2,0,1,1,0,1,2,0,0,0,1,1,0,0,0,0,2,0,1,2,2,0,2,0,1,0,0,2,2,2,2,0,0,1,2,2,1,2,1,1,1,2,2,0,2
snp-421,2,2,1,2,0,0,1,2,0,2,0,1,2,1,1,1,0,2,2,2,0,1,0,0,1,1,0,1,1,0,2,1,2,0,1,0,2,2,2,2,2,1,0,0,2,1,2,2,2,2,2,2,1,1,0,0,1,1,0,1,2,0,2,0,0,2,2,1,0,2,2,1,1,0,1,1,1,0,0,0,1,1,2,2,2,1,2,2,1,2,0,2,1,1,0
snp-422,2,0,0,0,1,1,2,1,2,1,1,0,0,0,0,2,2,0,0,1,2,0,0,0,0,0,0,1,1,2,1,2,0,0,1,2,0,1,1,1,2,2,0,2,1,0,0,0,0,1,1,2,1,2,2,0,2,1,0,0,0,0,1,1,0,1,0,0,1,0,2,0,1,2,1,2,2,2,2,0,2,2,2,0,2,2,0,0,1,1,2,2,2,2,1
snp-423,1,0,0,2,0,1,0,1,1,1,1,2,1,2,0,2,2,1,0,2,1,2,0,1,2,0,2,2,0,2,1,1,2,0,0,0,1,1,0,0,0,1,1,2,2,1,2,1,0,0,2,1,2,2,1,0,0,0,2,1,1,0,2,1,2,1,1,2,1,2,0,0,2,0,1,1,2,0,2,0,0,2,0,2,1,2,0,1,2,0,0,0,0,1,1
snp-424,0,2,0,1,2,0,1,0,0,2,2,1,1,2,0,2,0,1,0,1,2,1,2,1,1,1,2,2,0,2,1,2,2,1,2,1,0,0,2,0,0,1,0,2,0,0,1,0,1,2,1,1,2,2,1,0,2,0,0,0,1,2,1,1,2,0,1,2,0,2,1,1,2,2,2,2,0,2,1,0,2,1,1,1,0,2,2,2,1,0,2,2,1,2,0
snp-425,1,2,2,2,2,0,1,0,0,0,0,2,1,1,1,0,2,0,2,0,1,0,0,2,1,1,2,2,2,2,2,1,1,1,1,2,2,1,1,0,1,1,0,0,1,0,1,1,0,2,2,1,1,1,0,2,1,2,1,2,2,2,2,2,1,1,1,0,2,2,0,2,0,0,1,0,1,2,2,2,0,2,0,0,2,2,0,2,1,0,1,2,2,0,1
snp-426,2,2,2,2,1,0,1,1,2,1,2,0,1,0,1,2,1,0,1,2,0,2,0,2,1,2,0,1,0,2,2,2,2,2,2,2,1,1,0,0,1,0,1,0,2,1,0,0,0,2,1,2,1,2,0,1,0,1,2,2,0,0,2,2,2,2,0,1,1,0,1,0,2,2,2,0,2,2,0,2,1,2,2,1,1,0,2,2,1,1,1,1,2,1,0
snp-427,1,0,2,2,2,0,1,2,2,2,0,1,1,1,2,1,0,2,0,1,2,1,0,2,2,0,2,2,0,1,1,1,0,2,2,0,0,1,2,2,0,0,1,0,0,0,0,1,2,1,2,2,0,1,2,0,2,2,1,1,0,2,0,1,2,1,2,2,1,1,2,0,2,2,0,2,1,1,1,1,2,2,2,1,2,1,1,2,2,1,2,2,1,0,0
snp-428,1,2,1,1,0,2,0,0,0,1,0,2,0,2,0,1,1,2,2,2,2,0,0,1,1,2,1,0,1,0,2,1,1,0,2,0,1,0,1,1,2,1,1,1,0,1,1,0,0,2,1,1,2,2,0,1,2,2,0,2,0,1,0,1,2,1,2,1,1,0,1,0,0,1,0,0,0,1,0,1,1,2,1,0,2,0,0,2,2,2,0,1,1,0,0
snp-429,1,0,2,0,0,0,0,0,2,1,2,1,0,2,1,0,0,2,2,1,1,1,0,0,2,2,1,1,0,1,1,0,0,1,1,2,0,2,0,0,0,0,0,1,2,2,0,0,0,0,0,0,1,0,2,0,2,1,1,0,2,2,2,1,2,2,0,0,0,2,2,1,1,0,2,1,2,1,1,1,1,2,1,2,2,0,2,2,2,1,0,2,0,2,1
snp-430,1,0,1,0,2,2,1,1,1,1,2,2,1,1,1,1,0,1,0,2,1,2,0,2,0,0,0,1,2,2,2,0,2,2,2,2,0,2,0,1,1,1,1,0,1,1,2,1,1,2,1,1,0,1,2,0,1,0,1,1,1,1,2,0,1,1,1,2,0,1,2,1,0,0,0,1,0,0,1,1,2,1,1,0,0,1,1,2,1,0,2,1,2,2,0
snp-431,0,1,1,0,0,2,2,2,1,1,0,1,0,1,2,0,0,2,0,2,1,0,1,0,2,1,1,0,1,2,0,0,1,2,0,1,0,2,2,1,2,1,1,1,1,1,2,0,0,1,0,1,2,1,0,0,2,1,1,2,0,2,2,1,0,2,1,0,1,2,2,1,2,0,2,0,1,2,2,0,2,0,2,2,2,2,2,0,2,2,1,1,1,1,1
snp-432,1,0,2,2,1,0,1,2,2,2,1,2,2,2,1,1,1,2,0,0,0,1,1,0,1,2,0,2,0,2,1,1,0,1,1,2,1,0,2,2,2,1,2,1,0,2,0,0,2,0,1,0,1,1,1,2,2,1,2,2,1,0,2,2,0,1,1,0,2,2,0,0,0,0,1,0,1,1,1,1,1,2,2,2,1,1,1,2,2,1,1,0,0,1,0
snp-433,0,1,0,1,0,2,2,0,2,1,0,1,2,1,1,1,1,1,0,2,1,0,0,2,2,1,0,0,1,1,2,0,2,0,2,1,0,2,2,2,0,1,0,2,1,1,1,1,1,0,0,1,1,1,0,2,2,2,0,2,2,1,1,0,0,0,0,2,1,2,1,1,0,2,1,2,2,1,1,1,0,2,0,2,0,1,0,0,2,0,0,1,2,1,0
snp-434,1,0,0,1,2,2,2,2,1,0,1,1,1,0,2,2,2,0,2,2,0,1,2,2,2,2,2,1,1,2,0,1,0,2,2,1,1,1,0,0,0,2,2,2,1,2,2,0,1,1,0,1,2,2,1,2,1,2,2,1,2,0,0,1,0,1,2,1,2,0,0,2,0,2,1,1,0,0,1,2,0,2,1,2,0,2,2,0,1,0,1,2,1,1,0
snp-435,0,1,0,1,1,0,2,1,0,1,1,0,0,1,0,2,2,1,1,1,2,2,0,0,0,2,1,0,2,1,2,0,1,2,0,1,2,1,1,1,1,0,2,0,0,2,0,1,2,2,0,2,0,0,2,1,1,1,0,1,1,1,1,2,2,0,0,2,2,0,1,2,2,0,1,1,0,2,1,1,0,1,2,1,0,0,0,1,1,1,2,1,1,1,2
snp-436,0,1,2,2,0,0,1,2,2,2,1,0,2,1,2,0,0,2,0,1,2,1,0,2,2,2,1,0,2,2,2,1,1,0,0,2,1,2,1,2,2,1,2,1,1,1,0,1,1,2,2,2,0,0,2,1,2,2,0,1,2,0,1,1,0,2,2,2,2,0,2,0,2,1,1,0,1,2,2,2,2,2,2,2,2,1,0,0,2,2,2,0,2,0,1
snp-437,1,0,2,0,0,2,0,2,0,2,0,2,2,2,0,2,0,1,1,1,1,2,1,0,0,1,2,0,2,2,0,1,1,1,2,0,2,0,1,0,0,1,0,2,1,1,1,0,0,1,1,2,0,0,1,1,0,1,0,0,0,1,1,0,2,0,1,0,0,1,0,2,1,0,0,1,0,1,2,1,2,2,2,2,0,0,1,2,2,1,0,2,0,2,2
snp-438,2,0,1,0,2,0,0,0,0,0,0,2,0,0,1,0,1,1,1,1,1,1,2,2,2,2,0,2,0,1,1,2,0,1,0,1,2,1,0,0,0,0,0,1,0,1,0,2,2,2,0,2,0,0,1,1,2,2,0,0,1,2,0,0,2,1,0,2,2,1,2,0,0,0,0,1,0,2,2,2,2,0,1,0,1,2,0,0,2,0,2,2,1,2,0
snp-439,1,0,2,0,1,1,1,2,2,1,2,2,2,2,2,1,0,2,0,2,1,0,1,1,2,0,0,2,2,2,0,0,2,2,1,0,2,0,2,0,2,1,2,1,1,2,0,2,0,2,0,2,0,0,1,1,0,1,2,0,2,0,2,2,1,0,2,0,2,2,1,1,2,2,0,0,1,0,2,0,1,0,1,0,0,2,1,2,0,0,1,0,0,1,1
snp-440,1,0,1,2,2,2,0,1,0,0,0,1,2,2,0,0,2,1,2,2,0,0,1,1,1,1,0,0,1,1,2,0,0,2,2,2,0,0,0,1,2,0,1,1,1,0,2,1,1,1,0,2,1,2,1,1,0,1,0,0,0,2,1,0,2,0,1,1,2,2,1,1,1,1,1,0,0,2,0,1,1,0,1,1,0,2,1,1,2,2,1,1,0,2,1
snp-441,0,1,2,2,0,1,1,1,0,2,0,0,1,1,1,0,1,1,0,0,0,2,1,1,2,2,0,0,1,1,2,1,1,2,1,0,1,0,1,2,2,1,1,0,0,2,2,0,1,0,1,2,0,0,1,0,2,1,2,1,2,2,0,0,1,1,0,1,0,0,2,2,0,1,1,1,1,1,0,1,2,2,2,0,1,1,2,0,0,0,0,2,2,2,2
snp-442,0,0,1,1,0,1,0,0,0,0,2,2,1,2,1,0,0,2,0,0,1,0,1,0,1,0,1,1,0,0,2,0,2,1,0,2,2,0,0,1,0,1,0,0,2,0,1,1,1,2,0,2,0,2,1,1,1,0,2,1,0,1,1,1,1,1,0,1,1,2,1,0,2,2,0,2,2,0,1,1,2,1,1,2,2,1,0,1,2,1,0,1,0,2,2
snp-443,1,1,2,2,1,1,1,1,1,0,0,0,0,1,2,2,2,1,1,0,1,1,0,1,0,2,0,2,1,1,1,0,1,0,0,0,1,0,2,2,2,1,0,0,1,0,2,0,0,0,2,1,2,1,0,2,1,2,2,0,0,1,1,2,0,1,1,2,0,2,2,0,0,1,2,0,0,2,1,0,2,0,1,0,0,0,2,2,1,2,0,1,0,1,0
snp-444,1,1,1,2,1,2,1,1,0,0,2,0,0,1,1,1,0,0,2,2,1,2,0,0,1,1,1,1,1,0,1,0,0,1,0,0,0,1,1,2,1,1,1,0,2,2,2,2,1,2,2,1,2,1,1,0,1,0,0,1,1,2,1,2,0,0,1,0,1,0,1,0,0,1,0,2,1,0,0,2,1,0,0,1,0,1,0,0,1,0,1,0,0,0,2
snp-445,0,2,1,2,0,1,0,0,0,2,2,2,1,0,0,1,0,0,2,0,0,1,0,0,2,0,2,2,1,2,1,1,0,2,2,1,0,2,0,2,1,0,0,2,1,0,1,2,2,2,1,1,2,0,1,1,1,2,0,1,1,0,0,0,0,0,2,1,2,2,2,2,2,0,1,0,2,0,1,2,1,2,0,2,0,0,0,0,0,1,1,0,0,2,1
snp-446,1,0,0,2,1,0,2,1,0,2,2,2,1,1,0,0,1,0,1,0,0,0,1,0,1,2,0,1,2,1,1,2,2,2,2,1,1,0,0,2,0,1,2,0,1,1,0,2,2,1,0,0,0,2,2,0,0,2,1,2,1,1,0,0,2,1,1,1,0,1,0,2,0,2,1,2,2,0,0,1,2,2,1,2,0,0,1,0,1,1,1,2,0,0,1
snp-447,1,2,1,0,1,1,1,0,0,0,0,1,1,2,2,2,1,2,2,1,1,2,1,0,1,2,0,0,0,2,2,2,0,0,1,2,0,2,0,1,0,1,0,0,1,1,1,0,2,0,1,2,0,2,0,0,0,1,0,1,1,0,1,2,2,0,0,0,1,0,2,0,0,0,1,0,0,1,1,0,1,2,1,0,0,1,0,2,0,0,1,0,1,1,1
snp-448,0,2,2,0,0,1,2,1,0,0,1,0,0,1,0,2,0,0,1,2,1,0,0,1,0,0,1,0,0,0,1,0,0,0,0,1,2,1,2,0,1,2,2,2,1,1,2,1,2,1,2,0,2,2,1,1,0,2,0,2,1,2,2,2,0,2,2,2,2,2,0,1,0,2,1,1,0,2,0,1,2,0,0,2,1,0,0,1,1,0,0,2,1,2,2
snp-449,2,2,0,2,2,2,2,1,0,2,0,2,1,2,1,0,0,2,0,2,1,0,2,2,0,2,2,1,2,0,0,2,1,2,0,1,2,1,2,1,0,1,2,1,2,2,0,2,2,1,0,2,1,1,2,2,1,0,0,2,1,1,0,1,0,0,2,2,1,2,0,0,0,1,1,1,1,2,1,2,2,2,0,2,0,1,0,2,0,2,1,1,1,2,1
snp-450,1,2,0,2,1,0,1,2,0,2,0,2,0,1,2,2,2,2,1,0,0,0,0,1,2,0,1,1,2,1,1,2,1,0,1,2,0,2,0,1,1,2,2,0,1,2,1,0,1,2,2,1,0,2,1,1,0,0,0,2,1,1,0,2,1,0,0,1,2,0,2,2,0,2,2,1,1,0,1,1,1,2,2,0,0,2,2,0,1,2,1,2,2,2,2
snp-451,2,0,2,1,1,2,0,0,1,0,2,0,1,1,2,0,1,2,2,0,0,2,0,0,0,0,1,2,2,1,2,1,2,0,2,0,2,0,2,1,0,1,1,2,2,2,2,2,2,1,1,0,2,0,2,2,0,0,0,2,1,2,1,2,2,0,1,0,1,1,0,0,1,2,1,2,0,2,2,2,2,0,2,1,0,0,1,1,1,2,1,0,1,1,2
snp-452,0,1,0,0,0,0,1,2,1,2,1,0,1,1,1,1,0,2,2,1,0,1,0,0,2,1,1,1,0,1,2,1,2,1,0,0,2,1,1,2,1,0,2,0,0,2,2,2,0,2,0,2,1,2,0,1,1,2,1,0,0,0,2,0,1,0,1,0,2,2,2,2,1,0,1,0,0,1,2,0,2,2,1,2,0,2,1,1,2,0,2,1,1,0,0
snp-453,0,2,0,1,1,2,1,0,2,0,1,0,1,0,0,0,1,1,1,1,0,0,1,1,1,1,0,2,2,1,2,1,0,0,1,2,0,0,2,2,1,1,2,0,2,1,2,1,1,1,1,1,1,0,2,1,2,2,0,1,0,2,0,2,2,2,1,0,1,1,2,1,2,0,0,1,2,1,0,0,0,0,1,2,2,1,0,2,1,2,0,0,1,0,0
snp-454,1,1,1,1,2,1,0,2,2,0,2,0,2,2,1,0,2,2,1,0,2,1,1,0,1,0,2,2,2,2,1,0,1,1,0,2,0,0,0,2,2,2,2,0,0,1,2,0,1,2,1,2,2,1,2,2,2,2,2,2,0,1,0,0,1,0,1,0,0,0,1,0,1,1,0,1,1,2,2,0,1,1,0,1,2,2,1,1,0,1,1,2,0,0,2
snp-455,0,1,1,2,2,1,0,2,1,0,1,1,1,0,2,2,0,1,2,0,1,2,2,0,0,2,1,1,2,2,0,0,0,1,2,0,0,2,1,0,1,0,1,1,2,1,0,0,1,0,2,2,1,1,1,2,2,0,1,0,1,0,1,2,1,1,1,2,0,0,0,1,2,1,1,2,2,2,0,0,2,2,0,2,0,1,2,1,1,1,2,1,1,2,2
snp-456,1,1,1,0,1,2,2,1,0,2,2,1,0,1,2,2,2,0,0,1,1,0,1,0,1,1,0,0,2,1,2,0,0,0,2,2,2,0,2,1,2,0,2,1,2,2,2,0,2,1,1,1,2,0,0,2,0,2,2,2,1,2,2,0,1,1,2,2,2,1,2,2,0,2,1,0,0,1,0,2,2,0,1,0,1,2,2,0,2,2,1,1,0,1,0
snp-457,1,0,2,0,2,1,2,0,2,0,2,2,0,1,1,1,2,2,1,2,0,2,1,0,2,2,1,1,0,0,2,0,1,0,0,1,1,1,0,0,0,0,1,2,1,0,1,0,1,1,0,2,1,1,1,0,2,1,2,1,2,1,1,2,1,1,2,0,2,0,2,0,0,2,0,0,1,1,2,1,2,0,1,2,2,0,1,1,0,2,2,2,1,0,0
snp-458,1,1,2,1,1,0,2,2,1,1,1,0,0,1,2,2,0,0,2,0,0,2,2,0,0,1,0,0,0,1,1,1,1,1,1,1,0,1,0,1,2,0,2,0,0,2,1,0,0,2,1,1,1,1,2,1,2,2,2,2,1,0,1,2,0,0,0,0,1,0,2,1,2,0,0,0,2,2,1,2,1,1,0,1,2,0,1,2,1,2,2,0,0,2,1
snp-459,0,1,0,2,1,2,1,2,2,2,0,1,2,1,0,1,0,2,0,1,0,2,0,2,2,0,1,1,1,0,2,0,0,0,0,0,0,0,2,1,0,0,1,0,2,0,1,0,1,1,1,0,1,0,0,0,1,1,2,2,0,2,2,0,1,2,0,2,1,0,1,1,1,1,0,0,0,0,1,2,0,1,2,1,0,2,1,1,2,0,1,1,1,2,0
snp-460,1,0,2,2,1,0,0,1,1,1,1,0,0,0,0,1,1,2,1,0,2,0,2,1,1,1,1,0,1,2,0,2,1,1,1,0,0,1,2,0,0,1,2,1,0,1,1,0,2,1,0,0,0,0,0,0,1,1,1,1,1,2,2,0,1,1,0,1,2,0,0,1,2,2,0,2,0,1,0,2,2,2,0,2,2,1,1,2,2,2,2,2,1,0,2
snp-461,2,0,0,0,0,0,1,0,1,0,0,1,1,2,1,0,0,2,1,0,2,1,1,2,1,1,0,1,2,1,0,2,1,1,0,1,2,1,1,2,0,0,1,2,2,2,0,1,1,0,2,2,2,1,0,2,2,2,1,0,0,1,1,0,1,2,2,1,0,2,2,2,0,0,1,0,2,2,2,2,0,0,0,2,2,1,1,2,1,1,2,2,2,2,2
snp-462,0,1,2,2,0,1,1,0,1,0,0,1,1,0,1,0,0,2,2,2,2,0,0,1,1,0,1,1,0,2,1,1,0,0,1,0,2,0,0,0,2,2,1,2,1,2,0,0,1,2,1,0,1,2,2,1,0,1,2,1,1,0,2,2,1,2,2,2,2,2,1,0,1,0,1,0,2,0,1,2,1,1,1,1,1,0,0,2,2,2,2,2,0,1,2
snp-463,0,1,0,1,0,0,0,1,1,1,0,2,0,0,1,0,0,0,2,1,0,2,0,1,1,2,0,0,1,1,0,1,2,0,0,1,0,1,2,2,1,0,0,2,0,0,1,2,1,1,1,1,0,1,2,0,1,2,1,0,0,2,0,0,0,1,1,0,1,0,0,1,1,1,0,1,1,2,0,2,1,2,1,1,2,1,1,1,0,0,1,1,2,1,1
snp-464,1,0,1,2,2,2,1,1,2,0,0,0,2,0,2,2,2,2,0,0,1,2,1,0,1,1,1,2,0,0,0,0,2,0,1,2,2,0,2,0,2,0,2,1,2,0,0,1,1,1,1,2,0,0,0,0,1,1,0,1,2,0,1,1,2,2,1,1,1,0,1,2,2,1,1,1,0,2,1,2,1,2,2,0,0,1,1,1,2,2,1,0,1,0,1
snp-465,0,2,2,1,2,0,1,2,1,2,2,0,1,1,1,2,2,0,1,1,0,2,0,2,1,1,1,1,2,0,1,2,0,1,2,0,2,2,1,1,0,1,0,0,1,0,0,2,2,0,1,0,1,1,2,0,1,2,1,1,1,1,1,1,2,2,1,1,1,1,1,1,2,2,2,2,2,0,1,2,2,0,2,1,1,0,0,0,0,0,2,1,0,1,1
snp-466,2,0,1,2,0,1,1,1,1,0,0,1,0,0,2,2,0,0,2,0,2,2,1,0,0,1,1,2,1,2,1,1,1,0,0,1,0,1,0,0,1,2,2,0,2,1,2,0,1,1,0,2,1,2,2,1,0,0,1,1,2,0,0,2,0,1,0,2,2,2,1,0,2,0,2,0,0,0,1,1,0,0,1,2,1,0,0,0,2,1,1,2,2,0,0
snp-467,2,2,0,1,2,1,0,2,2,0,0,2,0,2,2,2,1,2,0,2,1,0,1,2,0,0,2,1,0,1,1,1,2,1,0,0,1,1,0,0,1,2,2,2,0,2,0,0,1,1,2,2,2,2,0,0,1,2,0,0,1,1,1,0,0,2,2,1,2,1,0,2,2,1,2,0,2,1,1,1,0,0,0,0,2,1,0,0,0,1,1,2,2,2,1
snp-468,1,0,0,1,0,0,0,2,2,1,2,2,2,0,0,2,1,0,2,1,0,0,2,1,1,1,0,2,1,0,0,2,1,0,1,2,2,2,0,0,1,2,2,2,0,0,0,1,0,1,1,2,1,0,1,2,0,0,1,2,1,0,0,1,0,1,2,1,0,1,0,2,2,0,1,2,1,0,0,1,2,1,0,2,0,0,0,0,0,0,2,0,0,1,2
snp-469,0,1,0,2,2,1,2,2,1,1,1,2,1,0,1,2,1,1,0,0,0,2,2,2,2,1,2,0,0,0,0,1,0,1,0,0,0,1,2,0,0,1,1,2,2,1,2,1,0,2,1,1,0,2,1,2,1,2,1,0,1,2,2,0,1,1,0,0,2,0,1,0,1,1,2,1,2,2,2,2,1,1,0,1,2,1,0,2,2,2,0,2,1,2,2
snp-470,0,2,2,2,0,0,2,1,1,2,2,2,1,1,0,0,1,2,0,2,0,2,0,0,2,2,2,2,0,2,2,2,1,1,2,0,2,1,1,0,1,0,1,2,1,2,0,0,2,0,1,2,2,0,2,0,0,0,1,2,2,1,1,1,2,2,0,2,2,2,0,1,1,2,0,1,0,2,2,1,1,1,1,0,1,0,1,2,1,1,0,0,0,2,2
snp-471,1,0,2,1,1,1,1,0,0,1,0,0,2,1,2,0,0,2,0,2,0,0,1,2,0,1,0,0,1,1,1,1,2,0,1,2,2,0,1,2,0,0,0,2,1,1,2,2,1,0,2,2,2,1,1,2,0,2,0,1,1,2,1,2,1,2,1,0,1,2,0,0,2,2,1,2,1,2,1,1,0,2,1,1,1,2,0,1,0,1,2,1,0,2,1
snp-472,1,2,2,2,0,1,0,1,0,1,1,0,1,2,1,2,2,1,0,0,2,2,0,2,1,0,2,0,2,2,2,1,2,1,1,1,1,0,2,2,0,0,0,1,1,0,0,0,2,1,2,1,2,2,2,2,2,2,0,1,2,0,0,0,1,1,2,1,0,0,2,1,2,2,2,0,0,0,2,2,1,1,1,1,2,1,0,2,2,1,2,2,1,1,2
snp-473,0,0,1,1,0,2,1,2,1,2,2,2,1,0,2,0,1,0,2,1,0,0,2,2,0,2,2,0,1,2,2,1,1,2,2,0,2,0,1,0,1,2,2,2,1,2,1,2,1,0,2,1,1,0,1,2,0,0,0,0,1,1,2,1,1,1,0,0,2,2,0,2,2,1,2,0,2,1,1,1,2,0,1,0,0,0,2,2,1,2,0,0,2,2,0
snp-474,0,1,2,0,2,1,1,0,0,0,1,1,1,2,2,2,2,0,0,2,0,0,2,0,2,1,0,2,1,1,0,0,0,0,0,0,0,1,0,2,2,1,2,2,2,2,1,2,0,2,0,2,2,2,1,0,0,1,0,1,2,2,1,2,2,1,1,1,1,1,0,0,1,0,1,0,1,1,0,1,1,2,0,2,2,0,2,0,2,2,2,2,2,1,1
snp-475,2,1,0,0,1,1,0,0,0,2,1,0,1,2,0,0,1,0,1,1,1,0,2,0,0,1,2,2,2,0,1,0,0,2,1,2,1,2,1,2,1,2,2,1,1,1,2,1,1,1,0,0,0,0,0,1,1,0,2,0,2,2,1,1,0,2,2,0,1,2,2,1,0,1,2,2,0,1,0,2,1,2,1,1,0,1,0,2,0,0,0,0,0,1,2
snp-476,2,2,1,2,1,1,1,1,0,1,1,0,0,1,1,2,1,0,0,2,2,0,0,2,1,0,1,0,0,0,0,1,0,1,2,2,2,2,0,1,0,2,0,0,2,2,0,1,0,1,2,0,2,0,0,1,2,0,2,2,1,2,1,1,0,2,2,2,1,2,0,1,2,1,1,0,0,2,1,2,1,0,1,1,1,0,0,2,0,2,1,1,0,0,2
snp-477,0,2,1,1,2,0,0,2,2,0,2,0,2,1,1,0,1,2,1,1,1,0,1,1,0,2,1,1,2,1,0,2,0,2,1,1,0,0,2,0,0,2,1,2,0,1,0,1,1,0,0,0,1,1,0,2,2,2,0,0,0,0,2,0,0,1,1,0,2,0,0,0,0,2,2,1,0,0,0,0,2,2,2,1,2,1,0,2,0,2,0,1,0,1,2
snp-478,1,0,2,2,2,2,1,0,0,1,1,2,0,2,0,2,2,1,0,1,1,1,2,1,1,1,2,1,1,1,1,0,1,0,2,1,2,2,1,0,2,1,2,0,2,0,1,2,2,2,0,0,0,0,2,1,1,1,0,2,1,1,1,2,2,0,1,2,0,2,2,0,2,2,1,0,0,0,0,2,2,2,1,0,1,2,2,0,1,0,0,2,2,2,2
snp-479,2,1,2,0,2,2,1,0,2,0,0,0,0,1,0,0,2,0,0,0,2,0,0,2,0,0,1,2,0,1,2,1,1,2,0,1,0,1,0,1,1,2,0,0,2,0,1,2,1,0,1,1,1,2,2,1,2,1,2,2,2,2,2,0,0,1,0,2,2,1,0,0,1,0,1,1,0,2,1,0,1,1,0,2,2,2,2,0,2,0,2,1,1,0,0
snp-480,0,0,2,2,2,2,2,1,1,1,0,0,2,1,1,2,1,2,0,2,2,2,0,2,1,0,2,1,1,1,0,2,1,2,0,0,0,1,0,2,1,0,0,2,2,0,0,2,2,0,1,1,2,0,2,1,0,0,0,1,1,1,1,1,0,2,1,0,0,2,0,0,0,2,1,2,0,0,1,2,1,1,0,0,0,0,0,1,0,0,2,1,1,1,0
snp-481,0,0,2,0,0,0,2,2,1,1,0,1,1,1,0,1,1,0,1,1,0,1,0,0,1,2,1,2,0,2,2,2,0,2,2,0,2,2,0,2,2,1,1,0,1,1,0,0,1,1,1,2,1,2,1,1,1,2,2,1,0,0,0,1,2,1,1,1,2,0,2,1,2,2,2,0,1,0,2,2,1,1,0,0,0,2,2,1,0,0,0,1,2,1,0
snp-482,0,0,2,0,0,1,1,2,2,2,0,2,0,2,0,1,2,1,0,1,1,0,2,1,2,1,1,0,0,2,1,1,1,2,0,1,2,1,1,1,1,1,2,0,1,1,2,2,0,1,0,0,0,1,2,0,1,1,0,2,0,0,0,1,2,1,0,1,2,2,0,1,1,2,2,1,2,1,1,0,1,0,2,2,2,0,1,1,2,1,1,0,0,2,1
snp-483,1,0,1,0,1,0,2,0,0,1,0,1,1,2,0,1,1,2,1,1,1,1,2,0,2,1,2,2,2,2,0,0,0,0,0,0,2,0,0,0,0,1,0,2,0,0,1,1,1,1,2,1,0,1,0,0,2,2,0,2,2,0,1,1,1,2,1,1,0,0,2,1,1,1,0,0,1,2,0,0,1,1,0,1,1,1,0,1,1,2,1,1,0,1,0
snp-484,0,2,2,0,0,0,2,1,0,1,1,0,1,0,2,2,0,0,2,0,0,0,2,2,1,2,0,0,1,1,0,0,0,1,0,1,2,2,1,2,2,0,2,0,1,0,1,0,1,2,0,1,1,0,1,1,0,0,2,1,1,2,0,2,2,2,0,0,2,0,1,2,2,1,2,2,1,2,2,0,2,0,1,0,1,2,2,2,2,1,2,1,1,2,0
snp-485,1,1,1,1,2,0,1,1,2,0,2,1,0,1,1,0,2,1,1,1,2,0,1,2,0,1,2,0,1,0,0,2,2,0,2,0,0,2,1,0,2,1,2,1,0,2,0,2,0,0,2,0,2,2,2,2,0,1,0,1,2,0,0,0,1,2,1,2,0,1,1,0,1,0,1,2,0,0,2,1,1,2,0,2,0,2,1,1,2,1,2,2,2,0,1
snp-486,0,0,2,2,1,0,2,1,1,0,0,2,0,2,2,2,2,1,0,0,2,0,1,2,2,2,0,1,2,1,1,0,2,0,0,1,2,2,2,2,2,1,2,0,1,1,1,0,0,0,1,1,2,0,1,0,2,0,0,1,0,1,2,2,0,1,1,2,0,2,1,1,1,1,1,1,2,1,0,1,2,2,0,0,0,1,0,0,0,1,1,2,1,1,2
snp-487,2,0,2,0,0,1,2,1,0,0,0,1,0,0,2,2,1,2,0,0,0,1,1,1,2,0,0,0,0,0,1,2,1,1,2,1,2,1,2,0,2,0,2,0,2,1,2,0,2,2,2,0,1,0,1,1,2,1,2,2,1,0,1,1,2,1,0,1,1,1,0,2,0,0,2,2,1,2,0,2,0,1,1,1,0,1,0,1,0,2,1,2,1,0,0
snp-488,2,2,0,1,1,2,2,1,2,0,1,2,1,1,1,0,1,1,2,1,0,1,0,1,1,0,0,0,2,0,1,1,2,0,0,1,0,2,1,1,0,0,0,0,2,1,2,0,0,0,2,2,0,1,2,2,2,2,0,1,0,2,2,2,2,2,2,1,0,2,1,0,0,0,1,1,0,0,1,2,0,2,2,2,0,0,2,2,1,1,2,0,0,0,0
snp-489,1,0,2,0,2,2,1,2,1,2,1,1,0,2,2,0,1,1,0,1,0,0,2,0,2,0,1,1,1,0,0,0,1,0,2,0,2,2,0,1,1,2,2,0,2,0,2,1,1,1,2,2,0,0,2,1,2,2,1,0,2,2,1,2,1,1,0,2,1,2,2,2,0,0,2,0,1,2,2,2,1,0,1,1,0,1,0,2,1,2,0,1,0,0,2
snp-490,0,0,1,2,1,1,1,2,0,0,1,0,0,0,2,1,0,2,2,0,2,2,0,2,2,0,2,1,2,1,1,1,1,0,0,1,2,1,1,0,1,2,2,1,1,1,0,2,0,1,0,2,0,1,2,0,0,1,2,0,1,0,0,0,0,0,1,0,0,0,1,0,1,2,2,1,0,2,0,1,0,2,2,1,1,1,0,2,2,2,2,1,2,2,1
snp-491,1,2,2,2,0,2,1,1,2,0,0,2,1,1,1,0,0,0,1,1,0,2,2,1,0,0,2,1,0,2,0,1,1,0,2,0,1,0,1,1,1,2,1,1,2,0,1,0,0,1,0,1,0,2,2,1,0,2,0,2,1,0,2,2,0,0,1,1,1,1,2,2,1,0,2,2,2,2,0,2,2,1,2,2,0,1,0,2,1,0,1,1,0,2,1
snp-492,0,2,2,2,1,0,1,0,0,0,1,2,0,0,1,2,2,2,2,2,0,2,1,2,0,0,1,0,1,0,2,2,0,2,1,0,2,0,1,1,0,2,1,0,2,0,2,0,0,1,2,2,0,2,2,2,0,2,0,0,2,1,1,0,0,2,2,1,2,1,2,0,0,0,1,1,0,2,2,2,1,2,2,1,2,2,2,2,2,0,1,0,0,0,0
snp-493,2,1,0,1,0,2,2,0,2,2,2,0,2,0,1,0,2,1,1,0,2,0,0,2,0,0,2,2,2,1,2,1,1,0,2,1,0,1,0,0,2,2,0,1,1,0,1,1,2,2,0,0,1,1,0,1,0,1,0,2,2,0,2,0,2,0,1,0,2,2,2,0,2,0,1,1,1,1,2,1,1,2,1,1,1,0,0,2,0,0,1,2,2,1,2
snp-494,1,1,2,0,0,1,1,0,1,1,0,0,2,2,1,0,0,1,0,1,1,1,1,0,2,1,2,1,0,1,1,2,1,1,0,2,0,0,2,2,1,1,2,2,1,0,1,2,2,0,1,1,0,0,2,0,1,1,0,0,0,0,2,1,2,0,2,1,1,1,1,0,2,0,1,2,2,1,2,2,2,0,1,1,2,2,2,2,0,2,2,0,1,1,1
snp-495,0,1,1,1,1,1,0,0,2,0,1,2,1,2,2,0,2,0,0,1,0,1,2,1,1,2,2,0,1,1,1,1,1,1,2,0,0,0,0,2,2,2,1,0,0,1,0,2,0,2,0,1,0,0,0,2,0,1,0,1,0,1,2,1,0,0,0,2,0,1,1,1,0,2,0,2,2,1,1,1,2,0,1,0,2,1,2,1,0,0,2,1,2,0,2
snp-496,2,1,0,0,1,1,2,2,1,0,1,2,2,2,2,2,1,0,0,2,2,1,1,1,2,1,2,1,1,0,0,1,0,1,1,2,1,2,1,0,0,0,0,1,1,2,1,2,1,2,1,1,1,1,1,0,0,1,2,0,2,1,0,1,1,1,2,0,1,0,0,1,2,0,1,2,1,1,1,1,0,2,2,2,0,2,1,0,1,2,2,1,0,2,1
snp-497,2,2,1,0,2,1,0,0,2,2,0,0,1,2,0,1,1,2,1,2,2,0,2,2,1,2,0,0,2,0,1,0,0,0,1,0,1,1,2,1,2,0,1,0,2,1,1,2,1,2,2,2,1,2,1,1,1,1,0,0,0,2,2,1,0,0,2,2,0,0,2,1,2,2,0,0,1,0,1,1,2,1,1,0,2,0,0,0,2,1,2,0,0,2,1
snp-498,2,2,0,0,0,2,0,2,2,0,1,2,2,1,0,1,0,1,2,0,1,2,0,2,0,1,0,0,1,1,1,0,1,1,2,1,1,0,1,0,0,0,0,0,2,0,2,1,0,2,2,2,2,1,0,1,0,2,0,1,0,1,2,1,0,2,0,1,1,0,2,2,1,2,1,0,1,1,2,1,1,2,2,1,0,1,0,0,2,1,1,2,2,2,2
snp-499,1,1,2,2,0,0,0,0,0,2,0,0,0,0,0,1,1,1,1,0,2,1,0,1,0,1,1,0,2,0,0,1,2,1,0,0,0,2,2,1,0,0,1,0,1,2,2,1,0,1,1,0,0,0,2,2,0,1,1,1,1,1,0,2,2,0,1,2,1,0,1,1,2,0,0,0,2,1,1,1,2,1,0,0,2,0,0,2,1,1,2,0,2,2,2
snp-500,2,1,0,1,2,0,1,1,1,0,2,1,2,2,0,1,1,0,2,1,1,0,1,1,0,1,2,0,1,2,0,2,2,1,1,1,1,2,1,2,1,1,1,0,1,0,1,2,1,1,1,1,1,1,1,0,1,0,1,2,1,0,2,2,1,1,0,0,1,0,2,2,2,2,2,2,1,2,0,1,1,1,1,1,0,0,0,2,0,1,1,0,1,0,1
