ID,snp-1,snp-2,snp-3,snp-4,snp-5,snp-6,snp-7,snp-8,snp-9,snp-10,snp-11,snp-12,snp-13,snp-14,snp-15,snp-16,snp-17,snp-18,snp-19,snp-20,snp-21,snp-22,snp-23,snp-24,snp-25,snp-26,snp-27,snp-28,snp-29,snp-30,snp-31,snp-32,snp-33,snp-34,snp-35,snp-36,snp-37,snp-38,snp-39,snp-40,snp-41,snp-42,snp-43,snp-44,snp-45,snp-46,snp-47,snp-48,snp-49,snp-50,snp-51,snp-52,snp-53,snp-54,snp-55,snp-56,snp-57,snp-58,snp-59,snp-60,snp-61,snp-62,snp-63,snp-64,snp-65,snp-66,snp-67,snp-68,snp-69,snp-70,snp-71,snp-72,snp-73,snp-74,snp-75,snp-76,snp-77,snp-78,snp-79,snp-80,snp-81,snp-82,snp-83,snp-84,snp-85,snp-86,snp-87,snp-88,snp-89,snp-90,snp-91,snp-92,snp-93,snp-94,snp-95,snp-96,snp-97,snp-98,snp-99,snp-100,snp-101,snp-102,snp-103,snp-104,snp-105,snp-106,snp-107,snp-108,snp-109,snp-110,snp-111,snp-112,snp-113,snp-114,snp-115,snp-116,snp-117,snp-118,snp-119,snp-120,snp-121,snp-122,snp-123,snp-124,snp-125,snp-126,snp-127,snp-128,snp-129,snp-130,snp-131,snp-132,snp-133,snp-134,snp-135,snp-136,snp-137,snp-138,snp-139,snp-140,snp-141,snp-142,snp-143,snp-144,snp-145,snp-146,snp-147,snp-148,snp-149,snp-150,snp-151,snp-152,snp-153,snp-154,snp-155,snp-156,snp-157,snp-158,snp-159,snp-160,snp-161,snp-162,snp-163,snp-164,snp-165,snp-166,snp-167,snp-168,snp-169,snp-170,snp-171,snp-172,snp-173,snp-174,snp-175,snp-176,snp-177,snp-178,snp-179,snp-180,snp-181,snp-182,snp-183,snp-184,snp-185,snp-186,snp-187,snp-188,snp-189,snp-190,snp-191,snp-192,snp-193,snp-194,snp-195,snp-196,snp-197,snp-198,snp-199,snp-200,snp-201,snp-202,snp-203,snp-204,snp-205,snp-206,snp-207,snp-208,snp-209,snp-210,snp-211,snp-212,snp-213,snp-214,snp-215,snp-216,snp-217,snp-218,snp-219,snp-220,snp-221,snp-222,snp-223,snp-224,snp-225,snp-226,snp-227,snp-228,snp-229,snp-230,snp-231,snp-232,snp-233,snp-234,snp-235,snp-236,snp-237,snp-238,snp-239,snp-240,snp-241,snp-242,snp-243,snp-244,snp-245,snp-246,snp-247,snp-248,snp-249,snp-250,snp-251,snp-252,snp-253,snp-254,snp-255,snp-256,snp-257,snp-258,snp-259,snp-260,snp-261,snp-262,snp-263,snp-264,snp-265,snp-266,snp-267,snp-268,snp-269,snp-270,snp-271,snp-272,snp-273,snp-274,snp-275,snp-276,snp-277,snp-278,snp-279,snp-280,snp-281,snp-282,snp-283,snp-284,snp-285,snp-286,snp-287,snp-288,snp-289,snp-290,snp-291,snp-292,snp-293,snp-294,snp-295,snp-296,snp-297,snp-298,snp-299,snp-300,snp-301,snp-302,snp-303,snp-304,snp-305,snp-306,snp-307,snp-308,snp-309,snp-310,snp-311,snp-312,snp-313,snp-314,snp-315,snp-316,snp-317,snp-318,snp-319,snp-320,snp-321,snp-322,snp-323,snp-324,snp-325,snp-326,snp-327,snp-328,snp-329,snp-330,snp-331,snp-332,snp-333,snp-334,snp-335,snp-336,snp-337,snp-338,snp-339,snp-340,snp-341,snp-342,snp-343,snp-344,snp-345,snp-346,snp-347,snp-348,snp-349,snp-350,snp-351,snp-352,snp-353,snp-354,snp-355,snp-356,snp-357,snp-358,snp-359,snp-360,snp-361,snp-362,snp-363,snp-364,snp-365,snp-366,snp-367,snp-368,snp-369,snp-370,snp-371,snp-372,snp-373,snp-374,snp-375,snp-376,snp-377,snp-378,snp-379,snp-380,snp-381,snp-382,snp-383,snp-384,snp-385,snp-386,snp-387,snp-388,snp-389,snp-390,snp-391,snp-392,snp-393,snp-394,snp-395,snp-396,snp-397,snp-398,snp-399,snp-400,snp-401,snp-402,snp-403,snp-404,snp-405,snp-406,snp-407,snp-408,snp-409,snp-410,snp-411,snp-412,snp-413,snp-414,snp-415,snp-416,snp-417,snp-418,snp-419,snp-420,snp-421,snp-422,snp-423,snp-424,snp-425,snp-426,snp-427,snp-428,snp-429,snp-430,snp-431,snp-432,snp-433,snp-434,snp-435,snp-436,snp-437,snp-438,snp-439,snp-440,snp-441,snp-442,snp-443,snp-444,snp-445,snp-446,snp-447,snp-448,snp-449,snp-450,snp-451,snp-452,snp-453,snp-454,snp-455,snp-456,snp-457,snp-458,snp-459,snp-460,snp-461,snp-462,snp-463,snp-464,snp-465,snp-466,snp-467,snp-468,snp-469,snp-470,snp-471,snp-472,snp-473,snp-474,snp-475,snp-476,snp-477,snp-478,snp-479,snp-480,snp-481,snp-482,snp-483,snp-484,snp-485,snp-486,snp-487,snp-488,snp-489,snp-490,snp-491,snp-492,snp-493,snp-494,snp-495,snp-496,snp-497,snp-498,snp-499,snp-500
plant-1,1,2,0,2,0,1,1,2,2,1,0,0,0,0,0,1,1,0,0,0,0,0,2,2,2,2,1,1,2,1,2,2,1,2,0,1,0,0,2,1,2,2,2,1,1,0,0,2,1,1,1,1,2,2,1,0,1,1,2,2,0,2,1,1,0,0,2,2,0,1,2,1,1,0,0,1,1,2,0,2,2,1,2,2,2,0,1,2,2,1,2,0,0,1,2,1,1,0,0,0,0,1,2,2,2,1,0,1,1,2,0,1,1,0,0,1,1,2,2,0,1,1,2,2,1,1,0,1,2,2,2,0,2,2,0,2,1,2,1,2,0,0,2,0,0,1,1,2,1,2,1,0,1,0,0,1,1,1,1,0,2,1,2,2,2,0,2,2,1,1,1,2,1,1,0,2,2,2,0,1,1,1,2,2,0,2,0,0,1,1,1,2,0,2,1,2,1,2,2,1,0,0,0,2,2,2,0,2,2,2,2,2,1,2,1,2,2,0,1,1,1,2,2,0,1,2,2,2,1,1,0,2,2,2,2,0,0,2,1,2,2,0,2,0,2,2,1,0,2,0,0,0,2,0,1,0,1,2,2,1,1,1,1,1,1,2,0,1,2,1,2,1,0,0,2,0,0,1,1,1,1,0,2,2,2,1,1,0,0,1,2,0,2,0,2,2,2,1,0,1,2,0,0,2,1,2,1,0,2,2,0,1,0,0,0,1,2,1,2,1,2,1,0,1,0,2,1,0,0,1,1,2,0,2,0,1,1,1,0,1,1,0,1,2,0,1,1,0,0,0,0,1,2,2,0,0,2,2,0,0,2,2,1,0,0,2,2,2,0,0,1,0,2,2,2,0,0,2,1,1,0,2,1,1,2,0,2,1,2,0,1,1,1,1,0,2,1,2,2,2,2,0,2,0,1,2,2,1,2,0,1,2,1,0,2,2,2,2,1,2,2,2,1,0,1,2,1,1,1,1,0,1,0,1,0,0,1,2,1,1,0,0,1,1,0,1,1,0,2,1,2,0,0,1,0,1,1,1,0,1,2,0,0,1,0,2,2,1,0,0,1,1,0,0,2,2,0,1,2,0,0,0,1,0,1,0,2,2,1,0,1,0,2,1,0,2,2,2,1,2
plant-2,1,2,1,0,0,0,2,2,0,0,1,1,1,0,0,2,2,1,0,1,2,1,2,0,2,0,1,0,0,0,0,1,1,2,0,0,2,1,2,2,0,2,0,2,0,0,2,0,0,1,2,2,1,1,2,1,2,0,1,1,2,0,0,0,2,2,2,2,2,1,0,0,1,1,1,0,0,2,2,1,1,0,1,1,0,0,0,2,1,2,1,2,1,2,0,2,2,2,0,2,0,1,0,0,2,1,1,0,2,1,0,2,2,0,2,0,0,1,0,2,2,2,1,0,1,1,0,0,2,2,1,2,1,1,2,0,0,2,0,1,1,1,2,0,1,2,1,0,2,2,1,2,1,2,2,0,2,1,2,2,2,1,0,0,2,1,1,0,0,0,0,2,0,2,2,1,0,0,1,0,2,0,1,1,2,1,1,0,1,2,2,2,0,2,0,1,0,2,2,2,2,0,0,0,1,2,1,2,2,2,0,0,0,2,1,2,1,1,2,0,1,0,1,1,0,1,0,0,1,1,0,2,1,2,2,0,0,0,0,0,2,0,0,0,2,0,2,2,0,1,2,1,0,2,1,2,0,0,1,2,1,1,2,0,1,1,0,2,1,2,2,1,2,0,1,0,2,0,1,1,0,0,0,0,0,1,0,0,2,0,0,0,1,2,2,0,1,1,1,2,1,1,0,0,0,1,1,0,1,2,1,2,0,1,0,0,0,2,1,2,2,1,1,2,1,0,1,0,0,1,0,0,0,1,2,0,2,2,1,1,0,2,1,2,2,2,2,2,2,2,2,1,0,1,0,2,1,2,2,1,1,1,2,2,0,1,2,0,1,1,1,2,0,2,2,1,0,2,0,2,2,1,1,0,1,0,0,1,0,0,2,2,2,2,2,1,2,2,2,1,0,0,0,2,2,1,0,0,0,1,1,1,0,1,0,2,0,1,2,2,2,0,0,2,2,2,0,2,0,0,1,0,1,0,1,1,0,0,0,0,1,0,1,1,2,0,2,2,2,2,0,1,2,1,1,1,0,1,1,0,0,1,1,0,2,0,2,0,1,2,0,2,0,1,1,2,2,0,1,0,0,0,0,2,1,0,0,2,0,0,2,2,1,1,1,1,2,2,1,1
plant-3,1,2,2,0,2,0,0,1,0,2,1,0,1,1,1,0,2,0,2,1,2,1,1,0,1,2,1,1,0,0,1,0,2,0,2,2,0,2,0,0,1,2,0,0,0,0,2,1,0,1,2,1,1,1,1,1,2,0,2,1,1,1,1,1,0,2,0,0,1,0,1,1,1,1,0,0,2,1,1,0,1,1,1,2,1,1,0,1,2,2,1,1,0,1,0,1,2,0,0,1,2,2,2,0,2,2,0,2,1,2,0,1,1,2,2,1,0,1,1,0,2,0,2,2,1,0,2,2,0,0,1,2,1,0,1,2,0,1,2,0,1,0,1,2,2,0,1,0,1,1,1,0,2,2,1,1,0,2,0,0,1,0,0,0,0,1,2,1,0,0,0,0,0,1,1,2,0,0,2,1,1,1,2,2,2,1,2,1,0,2,1,2,1,1,0,0,1,2,1,2,1,2,0,2,1,0,0,2,2,0,2,0,1,2,0,0,2,1,2,1,1,1,2,0,0,1,2,2,0,1,0,1,2,2,2,1,0,1,1,1,2,1,1,2,1,2,2,0,1,2,2,2,2,2,2,2,1,2,2,2,2,2,0,2,0,0,0,2,2,2,1,1,2,0,0,2,0,1,0,2,1,0,1,1,2,1,1,0,0,1,2,1,1,1,1,2,1,0,1,1,0,1,1,0,0,1,2,0,0,2,0,2,0,2,2,2,1,2,2,0,0,2,1,0,2,2,1,0,2,2,0,0,0,0,2,0,2,0,0,1,1,2,0,2,1,2,1,2,0,1,0,2,2,2,2,2,0,0,1,2,2,2,0,1,1,1,2,2,2,2,2,0,0,0,2,0,2,1,2,2,0,2,1,2,2,1,2,2,1,2,1,1,1,2,2,0,1,2,0,2,0,0,1,0,0,1,0,2,2,0,2,2,1,0,2,0,0,1,0,0,1,0,0,0,2,2,2,1,2,1,1,2,0,0,0,2,2,1,2,1,2,1,2,1,1,0,1,2,0,0,2,0,0,1,1,1,2,2,0,2,0,2,0,1,2,1,0,0,0,2,2,2,1,2,0,1,1,2,2,2,2,2,1,2,1,2,2,0,2,1,2,2,0,2,1,0,1,0,2,0
plant-4,1,2,2,0,0,1,0,2,1,0,2,0,2,0,0,2,2,0,2,1,0,0,2,1,2,0,2,1,1,2,0,2,0,1,2,1,1,0,1,0,2,1,0,2,1,0,0,1,0,0,2,1,2,1,0,2,2,0,1,0,0,0,1,1,0,0,0,1,1,2,2,1,2,0,0,1,1,0,0,1,1,2,0,0,0,2,1,1,0,2,0,0,1,0,1,2,1,1,0,1,0,1,1,0,2,2,2,0,1,0,1,1,0,0,0,0,2,1,0,1,2,1,2,0,0,2,1,0,2,1,0,1,0,2,1,1,0,0,0,2,0,1,0,0,0,1,0,0,1,1,2,2,2,2,0,0,1,1,0,0,0,1,1,0,2,0,2,1,1,1,1,1,1,2,0,0,1,1,2,2,2,2,1,0,2,1,1,1,2,2,1,2,1,0,1,0,0,2,0,2,2,1,1,0,0,0,1,1,1,2,2,0,0,1,2,1,1,1,0,1,2,1,0,1,0,0,0,1,0,2,1,0,0,0,2,2,1,0,0,0,2,1,0,2,1,0,1,1,2,1,2,0,2,2,1,1,2,1,1,0,2,0,2,0,0,2,0,1,0,1,1,1,0,1,2,2,1,2,2,0,1,0,0,1,0,1,2,0,0,2,0,1,2,2,1,2,1,2,1,2,0,1,2,0,1,0,2,2,0,0,0,2,0,2,1,2,1,1,0,1,2,2,2,2,2,0,2,0,2,0,0,0,1,1,0,2,2,0,0,1,2,1,0,0,2,1,2,1,2,0,0,2,1,2,0,2,2,1,0,0,0,0,2,2,0,1,1,1,0,1,2,1,2,1,0,2,0,2,0,0,1,1,1,2,2,2,0,0,2,0,2,0,1,1,2,0,0,1,2,0,2,0,2,0,0,2,0,1,1,0,1,2,0,1,1,2,0,1,1,1,2,0,2,1,2,2,2,1,0,0,0,2,1,1,1,2,0,0,0,2,2,1,2,2,2,2,0,0,2,2,1,0,1,1,2,0,0,1,2,2,0,2,1,2,1,2,1,1,2,2,1,2,1,0,0,2,1,2,0,2,0,0,0,0,1,2,0,1,0,2,2,2,1,0,1,0,0,0,2,1
plant-5,1,2,0,1,0,1,1,1,2,2,1,2,0,1,0,2,1,1,2,1,1,1,1,1,2,1,1,0,1,0,2,2,0,1,0,1,2,1,0,0,0,2,0,2,1,0,2,0,0,0,0,2,0,1,2,0,1,0,0,2,0,2,0,1,2,1,0,1,2,2,2,2,2,2,1,0,0,1,0,2,0,2,0,1,1,0,2,0,1,0,2,0,1,0,2,1,1,2,1,1,1,0,2,0,2,1,1,1,2,2,1,2,0,1,0,1,0,0,1,2,0,1,1,0,2,0,1,2,1,2,2,2,2,1,0,0,0,1,0,0,1,1,0,1,0,0,0,1,1,2,1,1,1,0,0,1,1,1,2,1,0,0,1,0,1,2,0,1,2,1,2,0,1,1,2,1,1,1,0,0,0,2,0,0,2,2,1,2,0,1,0,1,1,2,0,0,2,1,0,1,1,1,0,1,2,2,2,0,1,1,2,2,0,0,1,2,1,2,2,2,2,1,1,1,1,1,2,1,1,1,2,2,2,2,0,2,1,2,1,2,2,2,0,2,1,1,1,2,0,2,0,0,2,0,1,2,0,2,1,0,1,1,1,0,2,1,2,1,2,2,2,1,1,1,1,0,2,0,1,0,0,0,1,2,2,0,1,2,0,2,0,1,1,1,1,2,0,1,1,0,1,0,1,0,2,2,0,0,0,0,2,1,1,1,1,1,1,1,2,2,0,2,0,1,0,2,0,0,0,0,1,0,0,2,0,0,0,1,2,0,0,0,0,1,2,2,2,1,0,2,0,0,2,0,1,0,2,1,1,0,2,0,0,0,1,2,1,2,0,0,2,1,1,2,0,2,1,0,1,2,2,0,0,0,1,0,0,2,0,2,1,1,1,2,1,0,1,1,2,2,2,1,0,0,2,2,0,0,1,2,0,2,0,2,0,1,0,2,0,0,0,1,0,2,2,1,2,0,0,2,0,1,0,2,1,0,0,2,1,2,0,0,1,1,0,1,1,0,2,1,1,0,1,2,2,1,2,1,1,1,0,0,0,2,2,0,2,0,2,0,1,0,0,2,1,1,2,2,2,2,0,0,1,0,2,1,0,1,2,1,0,1,0,0,1,1,2,0,0,2
plant-6,1,2,1,0,0,0,0,2,0,1,1,1,1,0,0,1,1,2,2,2,1,1,1,0,1,2,2,2,1,0,2,1,0,2,1,1,0,2,2,2,0,2,2,0,1,2,1,2,1,0,0,2,0,1,2,2,0,1,0,1,2,0,0,0,2,0,2,0,2,0,2,0,2,2,1,1,1,2,0,1,0,0,1,0,1,1,0,1,0,2,0,2,1,0,1,0,0,1,1,2,2,2,1,0,2,0,2,1,1,0,1,1,2,2,0,1,1,2,2,1,0,2,2,0,2,1,1,2,1,2,2,0,1,2,1,1,1,0,0,0,0,0,0,2,0,1,1,1,0,2,1,2,0,0,1,0,1,2,1,0,0,1,0,0,2,0,1,1,1,1,1,1,0,2,1,0,2,0,2,2,2,2,1,2,2,2,2,2,2,0,0,0,2,1,2,0,1,2,0,0,0,1,1,0,2,1,2,0,2,2,0,1,2,2,1,1,2,1,1,2,1,1,1,0,1,1,1,2,0,2,0,0,0,0,1,0,1,0,0,0,2,1,0,2,0,2,0,1,2,0,2,0,2,2,0,2,1,2,1,1,2,0,0,1,2,2,2,0,1,1,0,2,1,1,1,0,1,0,0,1,0,1,0,0,2,2,1,1,0,2,0,2,1,1,1,1,2,0,0,2,1,2,2,0,0,1,2,0,1,0,0,2,0,0,1,0,1,1,1,1,1,1,1,0,0,2,0,2,0,0,2,0,0,1,1,0,0,2,2,0,2,1,0,2,0,2,1,0,0,2,0,1,2,0,0,2,1,1,0,1,0,0,0,1,1,1,0,2,0,0,1,1,0,2,2,2,0,2,0,2,0,0,1,0,0,1,2,0,1,1,0,2,0,0,0,0,1,1,0,0,1,2,1,2,1,2,2,2,1,2,0,0,2,1,1,2,0,2,0,1,0,1,1,0,0,0,0,2,0,2,2,0,2,2,0,0,2,0,1,2,1,1,1,2,1,0,1,1,2,0,2,0,2,1,1,2,1,0,2,0,0,1,0,2,0,1,1,0,1,0,1,1,2,1,1,1,0,2,2,2,0,1,0,0,0,0,1,2,2,1,2,0,2,1,1,1,1,2,0,0
plant-7,1,2,0,2,2,2,0,0,0,1,0,1,2,2,2,2,0,0,1,2,1,1,0,2,1,1,1,2,1,0,0,2,2,1,1,2,2,2,1,1,2,2,0,2,1,0,2,2,2,0,2,2,0,2,1,1,1,0,2,0,2,0,2,1,0,0,1,1,2,2,0,0,0,1,1,2,1,2,1,2,2,1,1,2,2,0,2,1,0,0,0,0,2,1,2,0,1,1,1,1,1,1,0,0,2,0,1,1,0,2,0,2,0,1,0,2,1,2,0,0,0,1,1,1,2,2,2,2,2,2,1,2,1,0,2,1,2,1,2,0,1,1,1,2,1,2,0,2,2,0,2,1,1,0,0,1,0,0,1,2,2,2,1,2,0,0,1,1,0,0,1,0,0,1,2,1,1,2,2,1,1,1,1,1,0,2,1,0,0,2,0,2,1,0,1,2,2,1,0,1,2,1,0,1,2,2,2,1,1,2,1,1,0,2,0,1,1,2,1,1,0,2,1,0,1,1,0,0,0,2,0,2,1,0,0,2,1,0,0,1,0,1,1,1,2,0,2,2,1,0,2,1,0,1,0,2,0,1,1,1,2,2,2,1,1,1,2,0,0,0,0,1,1,1,1,2,2,0,0,0,0,1,1,0,0,1,0,1,2,0,1,0,2,0,0,0,2,2,0,2,2,2,1,1,2,0,0,1,1,1,0,0,1,0,2,2,1,1,1,1,1,1,2,1,1,1,0,2,2,0,2,2,1,2,0,1,1,2,2,0,0,1,1,1,0,2,0,1,1,2,1,1,1,0,2,1,1,0,0,2,2,2,2,2,1,0,0,1,0,0,0,0,1,0,1,2,2,0,2,1,1,2,2,1,1,2,0,1,1,2,1,0,2,1,1,2,0,2,0,2,1,2,0,0,2,2,0,1,1,0,0,2,2,1,1,1,0,1,2,1,1,2,0,1,1,1,1,0,0,1,2,1,2,2,2,1,0,0,1,0,1,0,1,1,0,2,1,2,2,1,0,1,1,0,0,2,2,2,1,0,1,1,0,1,1,1,0,0,2,2,1,0,1,1,0,1,0,1,1,2,2,1,2,2,1,2,2,2,1,1,1,1,2,1,0,2,0,0,0,1
plant-8,1,2,0,1,1,0,0,0,0,0,0,2,1,0,1,0,2,2,2,2,1,1,0,0,1,2,0,0,2,1,2,1,2,0,2,2,1,2,0,1,0,2,2,0,2,1,0,1,0,1,2,0,2,0,0,1,1,1,1,1,0,0,2,2,0,1,1,1,1,1,1,2,2,1,2,2,0,1,0,2,2,2,2,2,0,2,0,2,0,0,1,2,1,0,2,0,1,2,1,0,2,1,2,1,1,2,2,1,1,2,1,2,2,0,2,2,0,2,2,2,1,2,0,0,0,0,0,2,2,0,1,2,0,1,0,1,1,2,1,0,0,1,1,1,2,2,0,1,1,1,2,1,0,0,2,2,2,2,1,1,0,2,0,2,1,1,2,0,2,1,0,2,1,1,2,0,2,1,1,2,1,1,2,2,0,2,1,2,0,0,0,1,2,2,1,1,0,1,0,2,1,2,2,0,1,2,0,0,0,2,1,0,2,1,2,2,2,0,0,1,1,2,1,1,1,1,0,1,2,0,2,0,0,1,1,2,1,2,2,2,1,0,1,2,2,0,1,1,1,0,2,1,0,1,1,2,2,0,1,1,1,1,1,1,0,1,1,0,2,0,1,2,1,1,1,2,2,1,0,2,2,2,0,0,1,2,2,0,0,0,2,2,2,2,2,0,2,2,0,0,1,2,1,1,2,1,2,0,0,1,2,0,0,1,0,2,0,0,1,2,2,1,2,2,1,2,0,0,0,2,2,1,1,2,1,2,0,2,2,1,2,0,2,0,0,2,1,2,1,1,1,2,2,1,1,1,0,0,0,2,2,0,1,0,2,0,2,1,0,1,1,1,0,1,2,2,1,2,1,0,0,1,2,1,1,2,0,2,1,0,1,1,2,2,1,1,0,1,2,2,1,2,2,0,2,2,2,2,0,1,1,0,2,0,1,0,0,2,2,2,2,1,1,0,0,1,2,0,0,1,2,2,0,2,1,2,2,0,2,1,1,0,1,1,0,1,0,1,1,2,0,2,0,2,2,1,0,2,2,1,0,0,1,1,2,1,2,2,2,1,0,1,2,0,0,1,2,0,0,1,2,2,0,1,1,1,1,1,2,2,1,0,0,0,0,2,0,2,0,1
plant-9,1,2,0,1,2,0,0,2,1,2,1,0,2,2,2,2,2,0,2,0,2,1,1,0,2,0,1,1,1,1,0,2,0,1,0,0,1,1,2,2,0,0,1,0,2,1,0,2,2,1,0,2,2,0,2,1,0,0,0,2,2,0,1,0,2,1,0,2,1,0,1,0,2,1,0,2,2,0,0,1,0,2,0,1,2,1,1,0,2,2,0,1,0,2,1,2,2,1,1,1,2,1,0,0,0,1,1,0,1,2,1,0,2,1,2,1,0,0,1,2,0,0,0,2,1,2,2,0,2,1,1,0,2,2,2,0,1,0,1,0,2,2,1,0,1,2,1,2,0,0,0,0,2,1,2,1,2,1,0,2,0,1,2,2,0,0,2,2,0,1,2,0,2,0,0,0,2,1,2,2,2,0,2,2,2,0,0,2,2,1,0,0,2,2,2,0,1,0,0,2,2,2,2,2,0,0,2,2,1,1,2,0,2,0,0,1,2,2,0,1,1,0,0,2,1,1,1,2,2,2,1,2,1,2,0,2,0,1,0,2,0,1,2,2,0,2,0,0,1,0,2,0,0,2,0,2,2,1,1,0,1,0,1,0,2,2,1,0,0,0,1,0,1,1,2,2,1,1,2,2,0,2,0,2,2,2,1,2,0,2,0,2,1,0,1,2,1,1,1,0,2,2,1,1,1,1,1,0,0,2,2,2,1,1,0,0,0,2,0,0,1,1,2,0,2,1,0,0,0,1,0,0,1,0,2,0,0,0,1,1,2,1,0,2,1,1,0,0,0,0,0,1,0,0,1,1,2,1,0,1,1,0,1,2,2,1,0,1,0,0,0,2,1,2,1,0,0,0,0,2,2,2,1,0,2,0,1,0,1,2,1,2,2,2,0,0,2,1,1,1,2,1,1,1,2,1,1,0,0,2,1,0,0,2,2,2,0,1,0,0,0,2,1,0,0,2,2,0,2,1,1,2,2,1,0,2,0,0,2,0,0,0,1,0,0,0,0,0,0,0,1,1,2,2,1,0,2,1,2,1,1,1,1,2,1,1,2,2,1,1,0,0,1,0,0,0,2,0,2,1,1,2,0,0,2,1,0,2,1,0,2,0,2,1,2,1,2,2,0,1
plant-10,1,2,2,2,1,0,0,1,1,0,2,1,2,2,2,0,1,1,2,2,0,2,2,2,0,1,0,0,2,1,0,0,0,0,0,1,2,2,0,1,0,2,2,0,1,1,0,0,0,2,0,0,2,1,0,0,0,0,0,0,0,0,2,1,0,1,1,0,2,1,1,0,1,2,0,0,1,0,2,1,1,0,1,1,1,0,2,1,2,1,1,1,1,1,2,1,2,2,0,1,0,1,0,2,0,1,1,2,2,0,0,2,2,0,0,0,0,0,2,2,0,2,2,2,1,2,0,1,0,2,0,2,2,0,2,1,1,0,0,1,2,0,2,2,0,2,1,2,2,1,1,1,0,0,2,1,0,1,0,2,1,2,1,2,1,1,1,2,0,0,2,2,0,2,1,0,1,2,2,1,0,1,0,2,2,1,1,0,1,2,0,0,0,0,0,1,1,2,0,2,0,1,1,0,0,1,1,0,1,0,2,0,1,2,1,1,0,2,0,1,0,2,1,0,0,0,0,0,1,2,1,2,0,2,2,2,2,1,0,2,1,1,0,1,1,0,2,0,2,1,1,0,0,0,2,2,1,0,0,0,0,1,0,0,0,2,2,2,0,0,0,2,0,1,0,2,1,2,0,2,1,2,0,0,2,1,0,1,1,1,1,0,0,0,2,1,1,0,1,1,2,0,2,0,0,0,0,1,2,1,0,2,0,1,0,1,1,2,2,0,1,2,2,1,2,0,1,0,0,1,2,1,0,0,1,2,1,1,2,2,2,0,1,1,0,1,2,0,0,1,2,2,2,1,0,1,0,1,1,2,0,1,2,2,0,0,2,2,0,2,0,1,2,2,2,0,0,1,1,1,2,2,1,1,0,0,2,0,2,1,2,1,2,2,1,0,0,2,1,0,2,1,1,0,0,0,2,2,0,0,1,0,2,2,2,1,0,0,0,0,2,1,1,2,0,1,2,1,1,1,1,2,1,0,1,2,2,0,1,0,2,0,0,0,2,2,0,0,2,2,0,2,0,0,0,2,0,1,2,1,0,0,1,0,2,0,0,1,1,2,1,1,2,0,2,1,0,1,0,1,1,2,1,1,0,0,0,0,2,0,0,0,2,1,0,0,2,0,2,0
plant-11,1,2,1,2,2,0,1,1,1,1,0,0,1,1,1,0,0,1,0,1,0,1,0,1,1,0,1,2,1,2,0,2,1,1,2,1,0,0,2,0,2,0,2,1,1,0,0,2,1,1,1,0,0,2,1,1,2,1,1,2,1,0,2,0,0,1,1,1,1,1,0,1,0,0,2,0,2,2,1,2,1,1,1,0,0,1,1,0,1,2,1,2,1,0,1,1,1,1,0,0,0,0,2,0,2,2,0,2,2,1,1,0,0,1,0,0,1,0,2,0,2,0,1,0,1,1,1,0,2,1,2,2,0,2,1,2,2,0,2,2,0,2,1,1,2,2,1,0,0,1,0,2,1,1,1,2,1,2,2,2,1,1,1,2,1,0,0,2,0,1,0,2,1,0,0,0,1,0,2,2,1,1,2,1,0,2,2,1,1,1,2,0,0,2,2,2,1,2,1,0,0,1,0,1,1,2,0,1,2,2,2,0,0,1,0,2,2,0,1,0,1,1,0,0,1,1,0,1,0,1,2,2,2,0,0,2,1,2,1,2,2,0,1,0,2,0,0,0,1,2,0,1,0,2,1,1,2,0,0,2,0,0,2,0,2,2,2,2,1,2,0,1,2,1,1,2,0,1,2,2,0,1,2,1,0,1,2,2,0,2,2,1,1,1,2,0,0,1,2,2,1,2,2,0,1,0,2,2,1,0,0,2,0,1,2,1,2,0,2,1,0,2,2,0,0,0,0,2,1,1,2,0,1,0,2,2,2,1,1,0,1,0,1,0,1,2,1,2,1,0,2,1,0,1,2,2,2,0,1,1,2,0,0,1,2,0,1,0,1,2,1,0,0,0,0,2,2,1,2,0,2,0,0,0,2,1,2,0,0,2,0,1,1,0,1,0,0,2,2,1,1,1,0,2,0,0,2,1,2,2,0,0,0,0,1,0,0,2,0,1,0,1,1,2,0,2,0,0,2,2,0,1,0,1,1,1,0,0,2,0,0,2,0,2,2,2,0,1,0,0,2,1,1,2,1,2,2,1,0,1,0,0,0,0,2,0,0,2,1,2,0,1,2,1,1,1,2,1,0,0,0,0,0,1,2,0,0,1,1,1,0,1,2,0,1,1,0,1,0,2
plant-12,1,2,0,1,1,2,2,1,1,2,0,1,0,2,2,2,1,0,1,0,1,0,2,1,2,2,0,1,0,1,2,2,1,1,2,1,0,1,1,2,2,2,1,0,0,1,2,2,1,0,1,1,0,2,1,2,2,1,1,0,1,1,2,2,2,2,0,1,0,1,1,2,0,0,1,0,2,0,0,1,2,0,0,0,0,2,1,1,0,2,2,2,1,2,0,1,1,2,0,0,0,2,2,1,1,1,1,0,0,0,1,2,1,0,2,1,0,1,2,0,2,2,1,1,0,2,1,2,0,2,1,1,1,0,2,2,1,1,0,1,2,1,0,0,0,2,0,0,0,0,0,1,0,0,1,2,0,1,1,0,2,0,0,1,2,1,0,0,2,0,2,0,0,2,2,2,0,2,0,2,1,1,0,1,1,0,1,2,0,0,1,2,2,0,0,0,2,0,1,1,2,2,1,2,1,0,1,0,2,1,2,1,0,2,0,0,0,2,1,1,1,1,2,2,1,1,0,1,0,1,0,1,1,0,1,0,0,0,2,2,0,0,0,1,0,0,2,0,2,1,2,0,0,2,1,0,1,1,0,0,0,1,0,1,2,0,2,0,1,1,1,1,2,0,2,0,1,2,1,0,2,2,0,1,1,1,2,1,0,1,0,0,1,0,2,1,0,0,0,2,0,1,2,1,1,0,1,0,2,0,1,2,0,2,0,1,1,0,0,2,2,1,0,0,1,1,2,2,0,1,1,2,0,2,2,2,0,2,2,1,0,0,2,2,1,2,0,0,1,1,2,0,1,0,0,1,2,1,1,2,2,2,1,1,2,1,0,0,1,1,1,1,1,0,1,2,2,0,2,2,0,2,0,1,1,1,2,1,0,2,0,0,2,0,2,2,0,0,2,0,1,0,0,0,2,1,2,1,1,1,0,1,2,2,0,0,0,1,2,0,1,0,2,1,2,0,1,2,1,2,1,2,1,1,0,0,2,2,2,1,0,2,0,0,2,2,1,0,2,2,0,0,0,0,1,1,2,0,1,0,1,1,2,0,0,1,2,2,2,2,0,0,2,1,0,0,0,2,0,0,1,2,1,0,1,2,1,2,1,0,2,2,0,0,2,2,0,2,0,1
plant-13,1,2,0,0,0,1,1,1,0,1,1,0,0,1,2,2,2,0,0,1,2,1,0,2,2,2,1,0,1,2,1,2,0,2,0,1,1,2,1,0,1,0,0,0,1,2,0,1,2,2,0,0,0,0,0,2,0,1,2,1,1,2,1,0,0,0,2,1,0,1,2,2,2,0,2,0,0,2,2,0,1,2,0,2,1,1,0,0,0,2,2,0,2,1,1,1,1,2,1,2,1,0,1,0,2,1,2,1,2,2,0,2,0,2,1,1,0,0,0,1,2,2,0,0,2,2,2,2,0,0,1,0,0,2,2,2,1,0,0,1,1,0,2,2,1,0,0,1,1,2,0,1,0,2,2,1,1,0,0,0,1,1,1,0,1,2,2,1,2,0,2,1,1,2,2,1,2,0,0,2,0,0,1,0,0,2,0,1,0,1,0,0,2,0,0,2,1,1,0,1,0,2,2,2,1,2,0,0,1,1,2,0,1,1,1,1,2,2,1,2,0,1,1,1,2,1,0,0,2,1,0,1,2,2,1,0,0,0,2,0,2,2,1,1,0,0,2,0,0,0,0,0,2,0,1,0,1,1,1,1,0,0,2,2,1,2,0,2,0,0,1,2,0,1,1,1,2,0,2,0,2,2,2,1,1,2,2,0,2,0,1,2,0,1,2,2,0,0,0,0,1,1,1,1,0,1,0,0,1,0,0,0,2,0,2,0,1,2,2,2,1,2,2,1,0,2,2,0,1,1,1,1,1,2,1,0,0,0,0,2,2,0,1,2,0,0,1,2,1,0,2,2,0,2,1,1,2,1,1,2,1,2,2,0,0,2,0,1,0,0,0,0,1,2,1,2,1,0,1,2,1,1,0,2,2,0,0,1,0,2,1,2,1,0,1,2,1,1,0,0,2,0,0,2,0,0,0,0,0,2,2,1,2,2,2,0,0,0,2,1,2,0,1,1,1,1,1,0,0,1,0,2,2,1,0,2,2,0,2,2,1,1,0,0,1,1,1,0,1,0,1,1,1,2,1,0,0,0,2,0,1,1,0,2,1,0,0,2,1,1,2,1,1,1,1,0,2,0,0,2,1,0,1,1,0,0,0,1,0,0,1,0,2,2,1,2,1,2,0,2
plant-14,1,2,0,1,2,0,0,1,1,0,1,2,0,1,2,0,0,1,0,1,1,0,2,0,2,0,1,1,0,2,1,2,0,1,1,0,0,1,0,1,1,2,2,0,1,0,2,2,0,2,0,0,1,1,1,1,2,2,2,2,1,1,2,2,1,0,1,2,0,1,0,0,2,0,0,0,2,2,0,0,1,2,0,1,0,1,0,2,0,1,0,2,1,2,2,2,0,2,2,0,2,1,2,0,2,2,1,1,2,1,2,0,0,0,0,0,1,0,0,2,2,2,2,1,0,2,1,2,0,1,2,1,1,1,2,0,0,0,1,1,0,2,0,2,0,2,2,2,0,1,0,1,2,2,0,0,2,0,0,1,0,1,2,0,1,2,1,0,1,0,2,2,0,0,1,1,2,1,0,1,1,1,1,2,0,1,1,1,0,0,2,0,1,1,0,0,2,2,0,2,2,1,0,1,1,1,0,0,0,2,0,2,1,2,2,0,1,0,2,2,0,2,2,2,0,2,1,0,2,1,0,0,1,1,2,1,1,0,0,1,0,0,2,0,1,0,1,0,2,0,2,1,0,0,0,0,0,1,2,2,1,2,1,2,0,0,1,1,2,2,1,0,1,0,0,0,2,2,1,2,1,2,2,1,1,2,2,2,0,0,0,0,1,2,2,1,1,0,2,0,1,2,2,2,1,0,2,1,1,2,2,2,0,0,0,1,0,2,0,1,0,1,0,0,1,0,2,1,1,0,1,1,2,0,0,1,0,1,0,1,2,0,1,1,0,1,0,1,1,0,1,1,1,2,0,2,1,1,0,2,0,0,0,0,2,1,0,0,0,2,2,2,0,0,0,0,0,1,1,2,0,1,2,0,1,2,2,1,0,2,0,2,1,0,0,1,0,0,2,2,1,0,1,2,2,1,2,2,0,2,2,2,2,2,1,2,2,2,0,0,1,0,2,2,1,0,1,2,2,1,1,2,1,0,1,1,2,0,2,2,1,2,1,1,0,1,2,1,2,1,1,1,0,2,0,1,1,1,1,0,2,0,0,0,1,0,2,0,0,1,1,2,0,2,2,1,1,2,1,1,1,2,2,0,1,2,0,1,2,0,1,0,0,2,2,2,2,1,0,2
plant-15,1,2,1,0,2,2,0,1,2,1,0,2,2,0,1,1,2,1,2,1,1,1,1,2,0,1,1,2,1,1,2,0,2,2,1,2,0,2,2,0,1,0,1,2,1,0,1,0,2,1,0,0,1,2,2,1,0,2,2,2,2,2,1,0,0,2,2,1,0,0,0,1,0,0,0,0,2,2,0,0,2,2,0,0,2,2,1,2,0,0,0,0,2,1,0,2,1,1,2,1,2,1,1,2,1,1,2,1,0,1,1,0,0,0,2,1,2,2,2,2,0,1,0,1,0,1,1,0,1,1,2,2,0,1,1,0,0,0,1,2,0,0,0,2,0,1,0,2,0,2,0,1,1,2,1,0,0,1,0,0,2,0,1,0,2,0,0,1,0,1,2,2,2,2,1,1,2,2,0,1,2,1,1,2,2,1,1,0,2,1,1,1,2,0,1,2,0,1,0,1,0,1,0,1,0,1,1,0,1,1,1,0,2,2,1,2,2,2,1,0,2,1,2,1,0,0,1,0,1,1,2,2,1,1,1,0,0,2,0,2,0,0,0,0,2,0,1,1,2,1,0,1,1,2,1,1,2,0,2,0,2,2,0,2,2,1,0,1,2,2,1,0,1,0,2,2,1,0,2,1,0,1,0,0,2,1,0,1,0,0,0,0,0,2,2,2,2,2,2,1,2,1,2,1,0,0,2,1,0,0,2,1,0,2,1,0,2,0,1,0,1,1,2,2,1,0,1,1,2,1,2,2,2,1,1,0,2,0,1,1,1,2,2,2,0,1,2,0,2,1,1,0,2,0,0,0,0,1,0,1,2,0,0,1,2,1,2,1,1,1,1,1,1,0,1,2,1,1,2,0,0,0,2,1,0,0,2,0,0,0,1,1,0,2,2,0,0,2,0,0,1,1,2,2,1,1,2,2,2,2,1,0,2,2,0,1,2,0,1,2,1,0,0,0,1,1,2,0,1,1,2,1,1,2,0,2,0,1,2,0,1,1,2,1,0,0,2,0,1,2,2,1,0,1,2,2,1,2,0,0,1,1,1,2,1,2,2,0,1,0,2,1,2,2,0,1,1,0,0,1,0,0,0,2,1,2,2,1,2,2,1,1,1,1,2,2,0,0,0,0
plant-16,1,2,0,0,0,2,0,1,0,1,2,2,0,0,2,0,2,0,1,0,2,2,2,2,2,2,2,1,0,1,1,2,1,1,0,2,2,0,1,0,2,2,1,0,0,1,2,2,0,2,0,1,0,2,1,2,1,0,2,2,1,1,2,1,0,0,1,2,2,2,0,1,1,1,1,2,2,1,2,1,0,2,2,1,1,1,1,1,0,0,1,1,2,0,1,0,0,2,0,2,0,0,0,1,0,2,2,2,2,2,1,2,0,0,0,0,1,1,1,0,0,1,0,0,2,1,2,2,0,2,1,2,0,0,1,1,1,1,1,1,2,1,1,2,1,0,2,2,2,1,2,0,1,0,1,0,1,1,0,1,0,2,2,1,1,1,2,1,1,1,2,2,2,1,0,1,0,0,2,1,0,1,2,1,2,1,1,1,0,2,0,0,1,0,2,0,2,0,0,2,0,1,0,2,0,1,2,0,1,0,1,2,0,2,2,2,1,1,1,0,0,1,0,1,1,0,2,1,1,1,0,1,1,2,0,2,0,1,0,0,2,2,1,0,1,2,1,1,1,2,2,2,0,2,2,2,2,0,2,2,2,2,0,0,1,1,2,0,1,0,1,1,0,0,0,2,0,1,0,1,2,0,1,1,0,0,2,0,2,1,0,0,0,2,1,1,0,1,2,2,2,1,2,0,2,1,2,1,0,0,2,0,0,1,0,2,2,1,2,0,0,0,1,1,1,2,1,1,0,1,2,0,1,1,2,0,1,2,1,1,0,1,1,1,2,0,0,2,2,0,2,1,0,1,1,1,1,1,2,0,0,2,1,1,0,2,2,2,0,1,1,2,1,0,2,1,2,0,1,0,0,2,0,0,1,2,0,2,1,1,1,2,1,2,1,0,2,0,0,2,0,2,0,2,1,1,0,1,0,2,1,1,2,2,0,2,2,2,2,2,1,2,2,2,0,2,1,1,0,1,0,1,1,2,2,0,2,0,1,0,0,0,2,1,1,0,2,2,0,2,0,1,0,0,2,2,1,2,1,1,0,0,0,2,2,2,2,2,2,0,0,2,0,2,0,2,0,2,0,2,1,1,1,2,0,2,2,0,0,1,0,2,0,0,0,2,1,1,1,1
plant-17,1,2,2,0,2,2,1,0,0,2,2,1,1,2,2,0,1,0,2,2,0,2,2,1,1,0,2,1,0,2,1,0,2,0,0,1,0,2,2,0,2,0,1,0,1,2,1,1,0,1,2,1,1,1,0,1,1,0,1,0,2,1,0,2,1,0,0,1,0,2,1,1,0,0,0,0,0,0,0,0,1,0,0,0,0,1,0,2,0,0,1,1,2,2,0,2,1,0,1,1,0,0,1,0,0,2,0,1,0,1,0,0,1,2,0,1,0,1,0,2,2,2,2,2,0,1,2,1,2,2,0,2,1,0,2,2,1,2,2,1,0,1,2,2,2,1,0,2,0,0,2,2,1,1,1,2,2,1,1,0,1,1,0,2,1,0,1,0,0,0,2,2,1,1,0,2,1,1,0,0,1,1,0,1,1,1,0,2,0,0,2,1,0,1,2,1,1,0,2,2,1,0,2,2,0,2,1,2,1,1,0,2,2,1,0,0,1,2,2,1,0,1,0,2,2,1,0,0,2,0,0,1,2,2,1,0,2,2,0,2,0,1,0,2,1,0,2,1,1,1,1,1,0,2,1,0,1,1,1,0,2,2,0,1,0,1,2,0,2,1,0,1,0,1,2,2,2,2,0,1,0,1,0,2,2,2,0,1,0,2,1,1,2,0,1,1,2,1,1,1,2,0,0,0,0,0,0,0,1,2,2,0,1,0,1,0,1,2,0,0,1,1,1,1,2,2,1,0,2,2,0,1,1,0,2,1,0,0,2,2,0,2,0,1,0,2,0,1,0,2,2,1,1,1,0,2,0,2,2,0,0,0,2,2,0,0,0,1,1,1,1,1,1,1,2,2,2,0,0,2,0,0,1,2,2,1,2,2,1,2,0,2,0,2,2,0,0,2,2,2,0,0,1,1,0,2,0,2,2,0,2,2,1,1,1,1,1,0,0,0,0,2,2,0,2,1,0,1,0,0,0,1,1,2,2,0,0,1,0,2,1,0,2,0,0,1,1,0,0,2,1,0,1,2,0,2,2,0,0,1,0,0,0,2,2,0,1,1,1,1,0,2,1,2,1,1,1,2,2,1,1,2,1,0,2,2,1,1,1,0,0,2,2,0,2,1,1,0,1,1
plant-18,1,2,1,1,2,2,0,2,0,2,1,0,0,1,2,2,1,2,1,1,2,2,2,1,1,1,0,2,0,2,2,0,1,0,1,1,1,0,0,2,2,0,0,2,2,1,0,1,1,2,0,0,0,0,0,0,2,0,2,2,0,2,1,2,2,0,2,1,1,2,0,1,2,0,1,0,2,1,2,1,1,2,1,1,0,2,2,2,1,2,0,2,0,1,2,1,2,1,2,0,1,2,1,2,1,1,1,1,0,1,0,2,1,1,0,2,2,0,1,0,1,2,2,0,2,2,0,1,1,1,2,1,2,2,1,0,1,2,1,1,1,1,1,0,1,0,1,1,1,1,0,1,1,0,2,0,2,2,0,0,0,2,0,1,2,0,1,0,2,2,0,1,2,2,2,1,2,2,0,2,0,1,1,2,1,1,0,0,2,2,1,1,1,0,2,2,1,2,2,2,2,1,1,2,1,1,1,2,0,1,2,2,1,2,0,1,0,1,1,1,1,2,1,2,1,2,0,0,1,1,2,2,0,2,1,1,1,2,2,0,0,1,1,1,1,2,0,0,0,1,1,1,2,1,0,2,1,1,0,0,0,1,2,0,2,0,2,2,0,2,1,2,1,1,0,1,0,2,0,2,2,0,2,0,0,1,1,0,2,0,1,2,2,1,0,0,2,0,2,2,1,0,2,0,1,0,2,1,2,2,0,0,0,2,0,1,0,1,0,1,1,2,1,2,1,2,1,2,2,2,1,0,1,0,1,1,2,2,0,1,1,1,1,2,1,2,0,2,1,0,0,2,2,1,0,2,1,2,2,0,0,2,0,2,0,0,2,2,1,2,2,0,1,2,2,1,1,1,0,0,2,2,1,2,1,0,0,2,2,0,0,1,0,1,2,0,1,2,2,2,0,0,0,0,0,2,2,1,2,2,2,2,2,1,1,2,0,2,2,1,2,0,1,1,0,0,2,2,2,1,2,2,1,0,1,2,1,1,2,1,1,2,1,0,0,0,2,0,2,2,2,2,1,2,1,0,2,0,2,2,2,2,0,2,0,0,2,0,1,2,2,1,0,0,0,0,2,1,0,2,0,1,2,0,1,1,2,1,1,2,0,2,1,1,0,0,2,1,1,0
plant-19,1,2,2,0,0,1,0,0,1,1,0,0,0,1,0,0,0,1,2,0,0,1,1,1,1,2,1,1,1,1,1,1,0,0,2,1,0,1,0,1,0,0,0,0,2,2,2,2,0,0,1,0,0,2,2,2,1,1,0,1,2,1,0,2,0,1,0,1,2,0,2,2,1,0,1,2,0,2,1,2,1,1,0,0,1,2,2,1,1,1,2,2,2,0,1,0,0,0,0,0,2,2,2,0,1,2,2,1,2,1,1,2,2,2,1,0,0,2,2,1,1,2,1,1,0,1,1,1,2,1,2,2,1,0,2,2,0,1,0,1,0,0,1,1,0,0,0,1,0,0,1,0,0,2,0,0,1,0,1,2,0,1,1,2,2,1,0,1,0,1,1,1,0,1,1,1,0,1,0,0,1,0,1,0,1,2,1,0,0,2,0,1,1,0,0,1,0,0,0,0,1,2,1,2,1,0,2,2,0,1,1,0,0,2,2,1,1,1,0,1,0,2,2,1,2,1,0,2,0,1,1,0,2,0,0,1,0,1,0,2,2,0,2,0,1,2,0,0,2,2,1,2,1,1,1,0,0,0,2,1,0,0,1,2,0,2,2,2,2,1,1,0,0,2,0,0,1,2,1,0,2,2,0,1,0,2,0,0,1,0,2,0,2,0,0,2,2,2,2,1,2,0,2,0,0,0,1,1,2,0,1,0,0,1,0,1,0,1,2,2,1,2,2,0,0,0,2,0,2,2,2,1,2,2,2,2,2,2,1,1,2,2,0,2,1,1,2,2,2,1,0,1,2,2,1,0,0,1,0,2,2,2,1,1,1,1,1,2,1,1,1,2,1,1,2,2,0,0,1,0,2,0,2,2,2,1,2,2,1,2,1,1,1,0,1,0,2,1,2,1,1,1,1,0,1,2,0,2,2,0,2,1,0,2,2,2,0,2,0,0,2,0,0,0,2,1,0,2,2,0,0,0,0,2,1,0,1,1,0,2,0,0,1,2,2,1,2,1,0,1,2,2,1,1,2,0,1,2,0,1,1,2,2,0,1,2,0,2,0,0,0,0,2,0,1,0,1,0,0,0,1,0,1,2,1,0,0,2,0,2,1,2,1,0,0,0,1,2,1,2
plant-20,1,2,1,1,1,0,0,1,2,0,0,2,0,0,2,1,1,0,2,2,2,2,0,2,1,2,0,1,1,1,2,1,1,1,0,0,0,0,2,0,2,2,2,1,0,2,2,0,0,2,0,1,0,2,1,1,0,2,1,0,0,0,0,2,2,0,0,2,1,0,2,1,2,1,2,1,1,2,1,1,2,0,1,0,2,1,1,0,0,2,1,0,1,1,1,2,0,2,2,2,2,0,2,0,1,0,1,2,0,2,2,0,2,2,1,2,2,0,1,0,1,0,1,2,0,1,1,1,0,1,0,0,1,2,2,0,2,0,2,2,0,0,1,1,0,1,0,1,0,1,2,0,2,1,0,2,1,2,1,0,1,1,2,2,1,2,0,0,2,1,0,2,2,0,2,0,1,1,2,2,1,2,2,2,2,0,2,0,0,2,1,2,0,2,0,1,2,2,0,2,0,0,0,1,0,1,1,1,0,0,1,2,0,0,1,2,2,0,0,1,1,2,0,2,0,1,0,1,2,2,1,1,0,2,1,1,0,1,2,2,2,0,1,0,1,1,1,1,2,1,1,2,2,0,2,0,2,0,1,0,2,0,0,0,0,2,1,0,0,0,1,0,2,0,1,1,1,0,2,2,2,0,0,1,2,2,2,2,0,0,1,0,1,1,2,2,1,1,0,2,1,2,2,1,1,1,1,2,0,0,2,0,2,0,2,2,2,0,2,1,2,1,0,0,1,2,1,0,0,1,1,2,0,2,2,0,0,2,0,2,2,0,0,0,1,2,2,0,2,1,2,1,2,2,1,0,0,0,1,1,1,1,2,2,2,0,0,0,2,2,2,1,0,0,0,2,0,2,2,2,2,1,2,1,0,1,0,2,2,1,0,2,2,2,0,2,2,2,2,0,2,0,0,2,1,0,2,1,0,2,0,0,2,2,0,0,2,1,1,0,2,1,2,1,0,2,1,2,1,2,2,0,2,2,1,1,1,1,2,2,0,0,0,2,0,0,1,2,2,0,0,1,1,0,0,1,2,0,1,0,0,2,1,0,1,0,2,1,0,2,2,0,1,2,1,2,1,1,0,2,1,1,1,0,1,0,0,1,1,0,1,2,0,1,1,2,2,0,0,1
plant-21,1,2,1,0,2,0,1,0,1,2,1,2,2,1,0,0,0,0,2,2,1,0,0,0,1,1,0,1,1,0,1,2,1,0,1,1,1,0,2,2,0,2,1,0,1,2,2,2,2,0,0,2,2,0,2,1,2,1,2,0,1,1,1,0,1,0,0,1,1,2,1,1,2,0,1,1,0,1,2,1,2,2,1,2,1,2,2,0,2,1,0,0,2,1,1,2,2,2,2,1,1,2,1,2,0,2,1,1,1,1,0,2,1,0,2,2,0,1,2,0,0,0,2,1,1,0,0,1,0,1,2,0,2,1,0,0,2,0,0,1,1,2,0,2,1,0,1,2,2,0,0,0,1,2,1,2,2,0,0,0,0,1,2,0,2,0,2,1,1,0,0,1,1,2,2,0,1,0,1,2,1,0,1,2,2,0,2,0,1,2,1,1,1,2,1,2,1,1,0,2,1,0,2,1,0,0,0,1,1,0,2,0,2,2,0,1,1,0,1,1,1,1,1,0,0,1,0,2,0,0,2,0,0,0,0,2,1,1,0,1,2,2,2,1,2,0,2,0,2,0,1,1,2,1,0,2,1,1,1,1,0,1,1,1,1,0,2,2,2,1,0,1,2,0,1,1,2,1,1,2,2,1,1,0,2,0,2,1,0,0,0,1,0,0,1,1,1,0,0,0,0,2,2,2,1,1,0,1,1,2,1,0,0,0,0,2,2,1,0,1,0,1,0,2,0,1,0,1,0,0,0,1,0,2,2,1,1,0,1,0,2,2,1,2,0,1,1,1,1,0,1,2,0,1,1,0,2,0,0,1,0,2,1,0,0,1,2,1,0,1,0,0,2,2,0,1,1,1,0,1,0,0,2,2,1,1,2,0,1,0,2,0,0,2,1,1,2,0,2,2,0,0,1,1,1,0,1,2,2,1,1,0,0,1,0,0,0,1,2,0,0,2,1,2,1,0,2,2,1,1,1,0,1,0,2,2,1,1,1,0,0,1,1,1,0,0,1,1,1,0,0,0,0,2,1,1,0,0,0,2,2,2,0,1,0,2,1,0,0,0,0,2,0,0,1,2,1,1,2,2,0,1,1,0,2,2,0,0,0,2,0,0,2,1,0,2,2,1,2,1
plant-22,1,2,1,1,1,2,2,2,2,1,1,1,0,2,0,0,0,1,1,2,2,2,1,0,2,0,0,1,1,0,0,1,2,0,1,2,1,1,1,0,1,0,0,0,1,1,1,2,1,0,1,2,0,2,1,0,0,0,1,1,0,1,0,1,1,2,1,0,0,0,2,2,1,2,1,2,1,1,0,0,1,0,2,1,2,1,0,2,1,1,2,0,1,2,0,0,2,1,0,0,0,2,2,2,0,1,2,0,2,0,2,0,0,0,0,1,0,0,1,1,2,0,0,2,1,2,2,0,0,0,0,1,0,0,0,2,1,0,0,2,2,1,1,1,1,0,0,0,1,2,1,0,1,0,1,0,1,0,0,0,0,0,2,0,1,2,1,0,0,2,2,0,2,0,0,2,0,1,0,1,0,2,1,2,1,1,0,1,0,1,0,1,0,2,2,1,0,0,2,1,2,2,0,0,2,1,1,2,2,2,0,2,0,2,0,1,2,2,1,1,1,0,1,1,1,2,1,2,1,0,1,0,2,2,1,2,0,2,1,0,0,1,1,0,0,1,1,0,1,0,0,1,2,1,1,0,0,0,2,2,0,0,2,0,1,2,1,1,1,1,0,2,1,0,1,0,1,2,0,1,2,2,2,2,1,1,1,1,1,1,1,2,0,1,2,0,1,0,0,1,2,1,1,0,1,0,1,1,0,1,0,1,0,2,2,0,2,2,0,1,0,0,0,0,0,0,0,0,1,1,0,2,1,0,0,0,1,0,0,2,0,0,1,0,1,0,1,0,1,0,1,1,2,0,2,2,2,0,0,1,0,0,2,0,1,0,1,0,0,1,1,1,0,2,2,2,2,0,2,2,1,2,0,0,1,2,1,1,1,1,0,1,0,2,2,0,2,1,2,0,1,2,1,1,0,1,2,1,0,1,2,2,1,2,0,0,1,0,1,0,1,0,2,1,0,2,1,0,1,2,0,1,0,1,2,1,2,1,0,0,2,0,1,2,1,0,2,0,0,0,2,1,0,1,2,0,2,2,2,0,1,0,2,2,2,2,0,0,2,2,0,2,0,0,0,0,0,1,0,2,1,0,1,0,0,0,1,1,0,2,2,2,0,1,1,1,0,2,1,0
plant-23,1,2,2,2,1,1,0,1,0,1,0,1,0,1,2,1,2,2,2,0,0,2,0,2,0,2,2,0,0,2,0,2,0,0,0,0,1,1,0,0,1,0,1,1,2,2,1,1,2,2,0,0,2,1,0,1,2,0,0,0,1,0,0,1,2,0,0,0,2,0,2,2,1,2,2,0,2,1,0,1,2,0,0,1,1,2,1,1,1,1,1,2,1,1,0,0,2,0,0,1,1,2,2,2,1,2,1,2,1,0,2,1,2,0,0,0,2,1,2,0,2,2,2,0,0,0,2,2,2,2,1,0,1,1,1,2,1,1,0,0,1,2,2,2,0,1,1,2,2,0,2,0,2,1,0,1,2,1,2,0,0,2,2,1,2,1,0,0,2,0,1,0,2,0,1,2,0,2,1,2,1,0,1,0,0,0,2,2,2,1,1,0,1,2,0,1,2,2,2,2,2,1,2,2,2,1,1,1,0,2,0,2,2,2,1,0,1,2,2,2,2,1,1,2,2,0,1,0,2,2,2,0,1,0,1,0,2,1,2,2,1,2,2,0,2,0,0,2,0,2,2,1,0,0,1,1,1,1,2,2,2,1,1,2,0,2,0,2,2,1,2,1,1,0,2,2,0,0,0,0,0,2,0,2,1,2,2,2,0,2,2,0,0,2,0,2,2,0,2,1,1,2,0,1,0,2,1,2,0,0,0,1,0,0,1,0,1,0,0,2,0,0,1,0,0,2,1,2,2,1,1,1,0,0,2,2,1,2,1,2,2,2,0,1,0,0,1,2,1,1,2,1,1,2,2,0,0,1,0,1,1,1,0,0,1,1,1,2,2,1,2,2,1,2,0,2,1,1,0,1,2,1,0,2,0,0,2,0,0,0,2,2,2,0,1,0,0,0,1,2,0,1,2,1,0,0,2,1,0,2,2,1,2,0,1,1,1,1,0,2,0,0,0,2,0,0,0,0,0,0,1,1,0,2,0,0,1,2,1,1,1,1,0,0,0,1,1,0,2,0,0,0,1,1,2,1,1,2,0,2,1,0,0,1,0,1,1,2,2,0,1,0,2,2,2,0,1,2,0,0,0,2,2,2,1,1,1,0,2,0,2,1,0,1,2,1,2,0,0,1
plant-24,1,2,0,1,2,0,0,0,2,1,0,1,0,2,1,2,2,1,2,2,2,1,2,2,2,0,1,1,2,2,1,0,1,0,1,0,0,0,2,2,1,2,2,2,2,0,1,2,1,0,2,1,2,0,1,0,0,1,1,0,0,0,1,0,2,0,1,2,1,2,0,0,0,2,1,1,0,2,0,0,0,1,1,1,0,0,2,1,0,1,1,0,1,2,1,0,1,2,2,1,2,2,0,2,2,0,2,1,0,0,2,1,1,1,1,1,0,1,0,0,0,2,1,0,0,2,2,0,0,0,0,0,1,0,0,2,1,1,1,2,0,0,1,1,1,2,2,2,0,1,0,1,2,1,2,0,1,0,0,1,1,2,0,2,2,2,0,0,2,1,2,0,2,2,2,2,1,1,0,2,0,0,2,0,0,2,1,0,2,0,2,2,0,1,0,1,0,2,2,1,1,2,2,0,0,0,2,0,1,1,0,1,1,0,2,1,1,2,0,1,2,1,2,0,0,0,1,2,0,1,0,0,0,2,2,0,0,0,1,0,2,0,0,2,0,1,1,0,0,2,0,2,0,0,1,0,0,0,2,0,0,1,1,1,1,1,1,1,1,2,0,1,0,2,2,1,2,2,1,1,2,2,0,1,2,1,2,1,2,1,1,1,1,0,1,1,2,1,0,0,1,0,1,1,1,2,0,1,2,0,0,2,2,2,0,0,2,0,2,0,1,0,1,2,2,1,1,2,2,0,2,0,2,0,2,0,2,1,1,1,2,2,2,0,0,0,1,2,1,0,2,0,0,1,1,2,1,0,1,0,2,2,0,0,2,0,1,2,1,2,2,1,1,0,0,0,1,1,2,2,1,2,0,2,2,2,2,2,2,1,1,0,0,1,2,1,1,1,1,2,1,2,2,0,1,1,2,1,1,2,0,2,0,2,2,1,0,1,2,1,0,0,1,1,2,2,2,1,0,2,0,0,2,2,0,2,0,2,1,1,1,0,1,0,0,0,0,1,2,1,0,0,1,0,0,0,0,0,2,1,2,1,1,0,2,0,2,1,2,0,2,2,2,0,0,2,1,1,2,2,0,1,0,2,2,2,1,1,0,2,1,2,2,0,1,1,2,2,1,1
plant-25,1,2,0,1,1,2,1,0,2,2,2,0,1,2,0,1,0,1,2,0,0,2,1,2,1,0,1,0,0,0,2,2,1,0,0,0,2,1,2,1,1,1,1,2,2,0,1,1,2,1,1,0,0,1,1,1,0,1,1,2,0,1,0,1,0,2,2,2,2,1,0,1,0,0,0,0,0,1,2,2,0,2,1,1,2,0,1,2,0,0,2,0,0,2,2,1,2,1,2,1,2,0,0,0,2,2,0,0,2,1,2,1,2,1,1,1,2,0,0,1,0,1,2,2,1,2,1,1,0,1,1,0,2,0,1,0,1,2,0,0,2,1,0,1,1,0,0,0,1,2,1,0,2,0,0,2,0,2,1,2,1,0,0,2,0,1,2,0,0,0,0,1,0,0,1,0,0,1,2,1,2,1,2,2,2,1,0,2,1,2,2,0,0,2,2,2,1,0,1,2,0,0,1,2,0,1,1,2,0,1,0,2,1,1,0,1,1,2,1,0,2,1,0,2,1,1,2,1,1,2,1,0,0,2,1,0,2,1,1,1,1,1,0,2,0,0,2,2,0,0,0,0,2,1,1,2,1,1,1,2,0,0,0,0,2,0,0,1,1,0,1,0,1,2,2,1,0,0,1,1,2,0,0,1,0,0,1,0,1,0,2,0,2,0,2,2,1,2,2,0,2,1,1,2,1,2,2,0,2,2,1,2,0,0,2,2,2,0,0,1,1,0,2,2,2,1,1,0,0,1,1,0,1,1,2,0,0,0,1,1,0,1,1,1,0,0,1,1,0,1,1,1,1,1,2,1,1,1,0,1,1,1,2,1,1,1,2,1,1,2,2,1,2,0,0,2,2,2,2,0,0,2,1,2,1,2,0,0,2,2,2,1,1,0,0,0,1,2,2,0,2,2,2,2,1,0,1,0,1,1,1,1,1,2,1,2,0,0,1,0,1,0,2,1,1,1,2,1,2,0,2,1,2,2,0,2,0,2,2,1,2,1,0,1,2,1,1,0,0,2,0,2,1,1,0,1,2,0,2,1,1,1,1,1,1,0,0,1,2,2,0,1,0,2,0,1,0,1,0,1,1,2,2,1,0,2,2,1,2,2,0,0,0,2,1,2,1,0,0,0
plant-26,1,2,1,0,2,1,1,1,1,1,2,0,1,2,2,1,0,1,2,1,1,0,1,0,2,2,2,1,0,0,1,2,0,2,0,0,2,2,1,1,0,2,0,2,0,0,1,1,2,1,0,1,2,2,0,1,0,2,2,1,2,0,2,1,1,0,0,1,2,0,2,1,0,0,1,2,2,1,0,0,1,0,1,0,2,1,1,0,0,0,2,1,1,0,2,1,0,0,0,1,2,1,2,2,1,2,2,2,1,1,0,2,1,2,2,2,0,0,0,1,0,0,0,0,0,2,0,2,1,0,2,0,1,2,1,0,0,1,1,0,2,2,1,0,2,0,1,1,0,2,0,1,0,0,0,1,2,0,0,0,2,0,0,2,1,2,1,2,2,0,1,1,2,0,1,0,0,2,1,1,0,0,2,2,0,1,2,2,2,1,1,0,2,1,0,0,2,0,1,1,0,1,1,1,1,1,2,2,0,1,0,2,1,0,2,1,1,2,1,2,1,0,2,0,0,1,0,2,2,2,1,0,0,1,2,2,0,1,1,0,1,1,0,2,2,0,2,0,0,0,0,1,0,1,1,0,2,1,0,0,2,0,1,2,1,1,2,0,1,0,2,1,0,2,1,1,1,0,0,1,0,2,1,0,2,2,2,1,2,1,2,1,2,0,2,1,2,0,1,2,2,2,0,0,2,2,0,2,2,1,0,1,2,1,2,1,2,2,2,0,2,0,2,1,1,1,1,0,0,0,1,1,0,0,2,0,2,1,2,2,1,1,1,2,1,2,2,1,2,0,0,1,2,2,0,0,1,2,2,2,0,1,0,1,2,2,1,1,0,1,2,2,1,1,0,0,2,0,2,0,1,2,1,1,1,0,0,0,2,1,1,0,1,1,1,0,2,0,0,2,0,1,1,1,2,2,1,1,0,2,1,2,2,1,0,1,1,2,2,2,1,0,0,1,1,2,0,2,2,0,1,2,1,2,2,2,1,2,0,1,2,0,2,1,0,2,2,0,2,0,0,1,1,0,2,1,2,1,0,1,1,0,2,1,1,1,0,1,1,2,1,0,2,1,1,0,2,1,0,0,2,1,1,2,1,2,0,0,0,0,0,0,0,1,2,1,2,1,1,1
plant-27,1,2,1,1,1,0,2,1,2,2,1,0,1,1,0,0,0,0,0,1,2,2,2,0,2,0,0,1,2,1,2,1,0,1,2,2,2,1,0,1,1,2,2,1,1,2,1,1,1,1,0,1,0,1,2,0,0,0,0,2,2,1,0,1,1,2,0,0,0,1,1,2,1,0,2,1,1,2,1,1,2,0,0,0,1,2,2,1,1,1,0,0,0,1,2,2,1,1,1,2,0,2,1,1,2,0,0,0,0,0,0,0,0,1,1,0,0,1,2,0,0,0,0,1,0,1,0,0,1,1,1,0,1,2,2,0,1,0,2,0,1,1,0,2,2,2,1,0,0,0,0,0,0,2,1,1,1,2,2,2,2,2,0,1,2,1,0,0,2,1,1,1,2,2,2,2,2,0,1,2,2,1,0,0,0,1,2,1,1,2,1,0,2,0,2,2,0,0,0,1,2,2,0,1,0,2,0,2,2,2,1,2,1,0,0,1,2,0,0,2,0,2,0,2,2,2,0,2,1,1,2,1,0,0,1,0,1,2,0,0,2,0,1,2,2,0,2,1,2,1,0,2,2,0,1,1,2,2,2,2,0,0,1,2,2,0,1,0,0,1,1,1,1,0,2,1,0,0,1,0,0,1,1,1,0,1,2,1,2,2,2,0,2,0,0,0,0,1,1,2,0,1,0,2,2,2,1,0,0,1,2,2,1,1,0,1,1,2,1,1,0,1,2,1,0,1,0,0,2,0,0,2,0,2,0,2,0,0,1,2,2,0,2,1,2,0,0,2,2,2,1,2,2,0,2,2,0,2,2,2,1,1,0,2,2,0,1,2,2,1,2,1,2,0,1,1,1,2,0,0,0,0,2,0,1,2,1,1,0,1,1,1,0,0,1,2,2,1,1,1,0,0,2,0,0,2,1,1,1,0,1,0,0,2,2,2,1,1,0,2,0,0,2,2,2,0,2,1,1,0,1,0,0,2,1,1,2,0,0,0,0,1,0,1,2,0,0,1,2,1,1,1,0,2,1,0,1,0,1,1,0,1,0,1,1,1,2,0,2,2,0,2,2,0,2,1,1,2,1,2,1,1,2,0,2,0,0,0,1,2,2,1,2,2,2,2,0,0,1,2
plant-28,1,2,0,0,0,1,2,2,1,1,0,2,2,0,2,2,1,2,2,2,2,0,2,0,2,2,2,2,2,0,2,0,1,2,0,1,0,0,1,2,2,2,2,0,2,2,2,0,1,1,0,1,1,0,2,0,0,1,2,0,0,1,1,0,1,0,2,2,1,1,1,0,2,0,0,0,0,0,1,1,0,0,1,2,1,1,1,1,2,2,2,2,1,2,0,0,1,2,1,2,2,0,1,1,1,1,1,2,1,0,0,0,1,0,2,2,1,1,1,1,1,0,0,0,1,0,0,1,2,2,1,2,1,1,0,0,0,1,1,0,2,2,2,0,0,0,2,2,0,2,1,0,1,2,2,0,0,1,2,0,1,1,1,1,0,0,1,1,0,0,1,1,1,0,2,0,2,0,1,0,0,0,2,1,0,2,0,1,2,1,2,0,2,2,2,1,0,0,2,0,0,1,1,1,0,0,1,1,1,2,2,0,2,0,0,2,1,0,1,2,1,2,0,1,0,1,1,1,0,0,0,1,2,1,0,1,2,1,1,1,2,1,2,1,2,2,2,2,2,1,0,0,0,0,2,0,2,2,2,1,0,1,0,1,1,2,1,2,2,1,0,2,2,0,0,0,0,2,2,1,0,0,0,2,0,2,0,2,0,2,2,0,1,0,1,1,2,2,0,2,0,2,2,2,0,2,2,0,2,2,2,2,0,1,0,1,0,0,1,1,2,2,0,2,2,2,2,2,1,0,0,1,1,1,0,1,2,1,2,2,0,0,1,2,0,2,2,2,1,2,0,0,2,1,2,1,1,2,2,2,2,2,2,2,2,0,0,1,0,2,1,1,2,0,2,0,0,0,0,0,0,1,1,1,1,0,2,0,1,2,1,2,1,1,2,1,0,1,2,2,2,1,2,0,1,0,1,1,0,2,0,2,2,2,2,2,1,0,1,1,1,1,2,2,2,1,2,0,1,1,0,2,0,1,0,0,0,2,2,0,0,1,2,1,2,1,0,0,1,1,2,1,2,2,1,0,1,0,1,0,1,1,0,2,1,2,1,2,0,2,0,0,0,2,2,0,1,1,2,1,2,0,2,0,0,1,0,0,1,1,1,0,2,1,0,1,0,0,0,0
plant-29,1,2,2,1,2,1,1,1,0,2,1,2,0,0,0,2,2,0,1,0,0,0,2,1,0,2,1,2,0,2,1,1,2,1,1,0,2,0,0,2,2,0,0,2,0,0,1,2,2,1,2,2,0,2,2,2,0,0,0,2,0,0,2,0,0,1,0,0,2,1,2,0,0,2,0,0,1,2,0,2,2,2,1,1,2,1,1,2,0,1,1,1,2,1,0,2,1,1,1,0,0,0,2,1,2,2,1,0,1,0,0,1,0,2,0,2,0,2,0,1,0,0,1,0,1,0,2,1,0,0,2,2,2,0,2,1,1,0,2,0,0,0,0,0,0,1,1,0,2,2,0,0,1,2,0,0,2,0,2,2,0,0,2,0,2,2,0,1,0,2,1,0,2,1,0,1,2,0,2,0,0,1,0,1,2,2,1,2,0,2,1,0,1,0,1,2,2,0,2,0,2,1,1,2,1,2,1,1,0,0,0,0,2,1,0,2,1,2,0,1,0,1,0,0,0,0,1,2,1,1,2,1,1,2,0,1,2,0,1,1,1,1,1,1,1,2,1,0,1,0,2,0,1,2,0,2,1,0,1,2,0,1,1,2,1,0,0,1,1,0,2,2,2,1,1,1,0,1,2,1,2,2,1,1,1,1,2,2,0,0,2,2,0,0,0,1,2,0,0,2,2,1,2,0,2,0,2,0,2,2,2,2,0,0,0,0,2,0,0,2,0,0,0,2,1,0,2,0,2,0,1,2,0,0,1,0,0,0,1,1,0,1,1,0,1,2,0,2,0,0,1,1,1,0,0,2,1,1,0,0,2,0,1,0,0,2,0,2,0,2,1,0,2,1,0,0,2,1,0,1,1,2,1,1,0,0,2,1,1,0,2,0,0,0,2,2,2,0,1,1,2,0,2,0,1,2,1,0,1,0,0,0,2,0,2,1,0,2,2,1,1,1,0,0,2,0,0,1,0,2,1,0,1,1,2,2,2,0,2,1,1,0,1,1,1,2,0,0,2,2,2,0,2,2,2,2,0,0,1,1,2,0,1,0,2,1,0,1,0,0,1,2,1,1,2,0,2,1,0,1,0,0,2,1,1,2,0,2,1,2,0,1,2,0,1,1,2,1,2,1
plant-30,1,2,0,2,2,2,1,0,0,2,1,2,2,2,0,1,2,1,2,0,1,0,2,0,1,2,0,2,1,2,0,0,0,1,0,1,1,1,0,0,2,2,0,2,2,0,2,2,1,2,1,0,2,2,1,0,2,2,2,1,0,1,0,2,2,1,2,1,0,2,2,1,0,1,1,2,0,2,0,2,1,0,1,2,1,0,1,1,2,1,0,0,1,2,0,2,1,0,2,1,1,2,1,1,2,0,1,2,1,1,1,1,1,1,2,0,2,1,2,1,0,1,2,2,1,2,1,0,0,2,2,0,2,0,0,0,0,1,1,0,0,2,1,2,0,0,2,0,1,2,1,2,1,1,2,2,1,1,2,2,2,1,1,1,1,2,1,1,1,2,0,2,2,0,1,1,0,0,0,1,2,2,2,2,1,0,2,2,2,0,1,1,1,2,2,1,0,0,2,0,1,0,2,2,2,2,1,1,0,2,0,2,0,2,2,2,1,1,2,2,2,1,1,2,1,1,2,2,0,2,0,1,0,1,2,0,2,0,1,2,2,0,1,0,2,0,2,0,0,0,2,2,2,0,2,2,1,1,0,1,1,0,1,2,0,0,2,0,2,2,1,2,2,0,1,0,0,0,0,2,0,2,2,0,0,1,2,0,1,1,1,2,2,0,0,0,0,1,1,2,0,2,0,0,0,2,2,2,0,0,2,1,1,0,0,2,2,2,2,0,0,2,2,2,0,2,1,1,1,1,0,0,0,0,2,2,1,1,1,0,2,1,0,1,0,0,2,0,2,1,0,2,2,0,1,2,0,2,0,0,0,0,0,0,1,1,2,0,0,1,2,0,2,0,2,1,1,2,1,1,0,1,0,2,0,2,2,1,1,1,1,0,2,2,1,0,0,2,2,1,2,2,2,2,2,0,1,2,2,1,0,1,1,0,2,0,1,1,0,1,0,2,2,2,2,2,1,0,1,2,2,2,1,2,1,2,2,1,2,1,1,0,1,0,2,1,2,0,0,1,1,1,1,2,2,1,0,1,0,2,1,2,1,0,0,2,1,0,0,2,1,2,2,1,0,0,1,1,1,1,2,2,2,1,0,1,0,0,0,1,2,0,1,1,1,0,0,1,0,2
plant-31,1,2,2,2,2,2,0,0,1,0,0,1,1,0,0,2,1,2,1,0,1,2,2,1,1,2,0,2,0,2,0,0,1,1,2,0,1,2,2,1,0,1,1,1,2,1,2,1,1,1,1,2,2,0,0,2,1,1,2,1,1,0,1,2,0,2,2,0,0,1,0,2,2,2,0,0,0,2,2,2,0,0,1,0,1,1,1,1,1,0,2,2,1,1,1,2,2,2,0,1,0,2,0,0,2,0,1,2,0,2,2,1,2,1,1,0,0,2,2,0,2,2,1,1,0,0,0,2,2,1,0,2,2,1,1,2,0,1,1,1,1,1,0,2,0,0,0,0,1,0,0,1,2,1,2,0,0,2,2,0,2,0,2,1,2,0,2,2,0,0,1,1,2,2,2,0,1,0,2,0,2,1,0,1,0,1,1,1,1,1,1,1,1,0,2,0,2,0,1,1,2,1,0,2,1,0,2,1,1,2,0,1,0,0,2,1,0,1,2,2,1,2,2,1,1,0,2,1,1,1,0,0,1,0,1,0,2,1,0,1,2,1,1,2,0,0,2,2,2,1,0,0,2,0,1,2,0,0,0,1,2,2,2,2,1,1,0,0,0,0,0,2,0,2,1,0,0,1,0,0,2,0,2,0,0,2,1,1,2,0,2,2,1,1,2,0,2,1,2,2,0,2,0,1,0,1,2,0,0,1,0,1,2,0,0,0,2,2,0,1,0,2,2,1,1,1,1,0,1,2,1,0,0,1,0,0,1,1,1,2,0,1,0,1,2,2,0,1,0,2,1,1,1,0,2,0,1,1,0,2,2,2,1,1,1,0,1,0,1,0,0,2,0,2,0,2,2,0,1,2,2,1,1,2,1,1,2,0,0,1,2,2,0,2,2,0,1,0,0,2,1,2,2,1,2,0,0,2,0,2,2,0,2,2,1,2,0,1,0,0,2,1,1,1,2,2,1,2,1,2,0,1,2,0,2,2,0,1,0,2,2,2,1,1,1,1,2,1,0,1,2,2,2,1,0,2,2,1,2,0,0,1,0,0,1,1,1,0,0,2,1,2,2,0,1,0,0,1,2,0,2,1,0,0,0,1,1,1,0,1,0,2,2,1,1,0,1,1,0,0
plant-32,1,2,2,2,2,2,1,1,2,2,0,2,1,2,0,1,0,1,1,2,2,0,2,2,2,2,0,0,1,2,1,1,0,1,0,1,0,0,2,2,2,2,1,0,2,1,0,2,2,1,1,0,1,2,1,2,2,0,1,0,0,2,0,2,2,0,1,0,2,1,1,1,1,0,0,1,0,1,2,1,2,1,2,1,1,1,2,2,0,0,2,2,2,2,0,1,2,0,2,1,2,2,2,1,1,0,0,1,0,1,1,0,1,2,2,0,1,1,2,1,2,2,0,1,0,0,0,1,2,2,0,0,0,0,2,2,0,2,0,1,1,0,2,0,2,1,1,1,1,2,0,1,2,0,0,2,1,2,1,2,2,1,1,1,0,0,0,1,2,0,1,1,2,2,2,0,2,1,0,1,1,0,1,0,0,2,1,0,1,1,0,0,2,2,1,2,2,1,1,2,2,0,2,2,1,0,0,1,2,0,1,2,2,0,1,2,1,1,0,0,1,2,2,0,2,1,1,1,1,2,0,1,0,0,2,2,2,2,2,2,1,1,2,2,2,0,2,1,1,1,2,2,0,0,1,1,2,0,1,1,0,1,1,1,2,0,0,2,1,1,2,0,0,2,1,1,1,2,0,2,0,1,0,2,1,0,2,1,1,1,1,2,2,2,1,2,0,0,1,2,2,0,2,0,0,2,1,0,2,0,1,2,1,0,2,1,2,0,0,0,1,1,2,0,1,1,1,2,2,2,2,1,1,0,0,0,1,1,0,2,0,1,1,1,0,1,0,0,0,0,0,0,2,0,1,2,0,0,1,1,0,1,2,0,2,1,1,2,1,1,0,2,0,2,2,2,2,2,1,1,2,0,2,0,0,1,1,0,1,2,0,1,2,0,2,0,1,0,2,2,1,0,2,2,0,2,0,1,0,2,1,2,0,1,1,1,1,2,1,0,1,2,1,2,1,2,1,1,0,0,0,1,0,1,0,1,1,2,0,0,1,0,0,0,1,2,2,0,2,2,1,1,1,0,0,0,0,1,0,2,2,1,1,0,2,1,1,2,1,2,1,1,1,0,0,1,2,0,1,2,2,1,0,0,2,0,2,1,0,1,1,2,1,2,1,1,0,0,1,2
plant-33,1,2,2,0,0,1,2,0,0,2,0,1,2,1,1,0,1,0,0,2,1,1,2,0,2,1,1,2,2,2,1,2,2,0,0,1,2,1,2,0,2,0,2,1,1,0,1,2,1,0,1,1,2,2,0,0,0,2,0,1,2,1,1,0,0,0,1,0,1,2,2,1,2,2,1,1,0,0,2,1,0,0,2,1,2,0,0,1,2,1,1,0,0,2,1,1,2,0,2,2,1,1,0,2,0,0,2,2,1,1,0,1,0,1,0,2,0,1,1,0,1,1,2,2,1,2,0,0,2,2,2,2,0,2,2,2,1,2,0,2,2,0,2,0,2,1,2,1,2,1,2,2,1,1,0,0,0,2,2,1,1,1,2,1,1,0,0,2,0,1,0,2,1,2,0,1,2,1,0,1,1,2,2,1,1,1,0,0,0,1,1,2,2,1,0,1,2,2,0,2,0,1,0,2,0,2,1,2,0,0,2,1,1,1,2,2,2,2,0,1,1,2,2,0,2,0,2,1,2,1,1,1,0,0,1,1,0,2,0,0,1,1,1,1,2,0,2,0,1,2,1,0,0,2,1,1,0,0,0,1,0,0,0,0,0,1,1,0,2,1,0,1,2,1,2,2,1,0,0,0,0,1,0,2,2,2,1,0,1,1,0,0,0,1,0,2,0,1,2,1,2,2,1,1,1,0,1,2,1,2,2,2,0,0,2,2,1,0,1,1,2,2,0,0,0,0,2,0,1,0,0,0,0,0,2,1,1,2,0,1,1,2,0,1,1,0,2,1,2,0,1,2,1,1,2,0,2,2,0,2,2,0,1,1,0,2,0,0,1,2,1,1,2,2,1,0,1,0,0,2,1,2,2,2,2,0,0,0,1,2,0,2,2,1,1,1,0,0,0,2,2,1,2,1,1,2,1,0,0,1,2,2,0,0,0,2,1,0,2,2,2,0,2,2,1,2,0,1,0,2,1,0,2,0,1,1,1,0,2,0,1,2,1,0,0,2,0,0,1,1,2,2,0,1,0,0,1,1,0,1,1,0,2,2,0,1,2,1,0,1,2,2,1,0,0,0,0,1,1,1,0,1,0,0,2,2,1,2,1,1,1,0,1,1,1,0,0,1,2,2
plant-34,1,2,1,1,0,1,0,0,2,0,2,0,1,0,2,2,2,2,2,1,2,0,1,2,2,2,2,1,2,2,0,0,2,2,2,1,0,1,0,1,2,2,1,0,1,2,2,0,2,1,0,0,1,2,0,2,2,2,1,2,1,1,0,0,0,1,1,1,2,0,2,2,0,2,0,1,2,0,2,1,0,2,0,0,2,1,0,1,1,0,0,2,1,1,0,2,1,2,2,1,1,0,2,0,0,0,2,1,2,2,2,1,0,2,1,0,1,0,2,1,1,2,1,2,2,1,0,0,0,2,1,0,2,1,2,1,2,0,2,0,2,1,1,1,1,2,1,0,0,0,0,1,2,2,1,0,0,1,2,0,0,0,1,2,1,2,0,2,0,2,2,1,2,2,2,2,1,0,1,0,2,2,2,1,1,1,2,2,1,0,2,0,2,1,1,0,0,2,0,0,0,0,0,2,2,1,0,2,2,1,2,0,0,0,2,1,0,1,2,0,2,0,2,2,1,0,0,0,1,0,2,0,2,2,1,2,0,2,2,1,0,0,1,2,0,2,2,2,1,2,2,2,2,1,2,0,0,1,2,0,1,2,1,1,1,1,1,1,0,0,1,2,2,2,0,1,2,1,2,2,1,2,2,1,0,0,1,2,1,2,0,0,1,0,0,1,0,1,2,1,1,1,1,1,2,1,0,0,2,0,2,1,1,1,0,1,2,1,0,0,2,0,2,2,2,1,1,1,2,1,0,2,0,0,1,1,2,0,0,1,2,1,1,0,2,2,0,2,2,2,1,1,2,0,0,0,1,2,0,1,1,2,0,1,0,1,1,2,1,0,0,2,0,0,2,0,0,2,2,2,1,0,1,1,0,1,0,0,1,0,1,1,2,0,0,1,2,1,2,1,0,2,1,0,0,1,2,0,2,1,2,0,1,0,2,0,0,2,2,0,0,0,0,1,1,2,2,0,1,2,2,1,0,2,2,0,1,1,2,2,2,1,0,1,2,2,0,0,2,0,0,1,0,1,1,0,0,1,0,1,1,0,0,0,1,0,1,0,1,1,0,1,2,0,2,1,2,0,2,2,2,2,0,1,0,0,1,0,0,0,0,2,0,1,1,1,0,1,1,1
plant-35,1,2,0,2,0,1,0,0,1,0,0,2,2,2,2,0,0,1,1,1,0,2,0,0,0,0,1,0,2,0,2,2,1,1,1,2,1,2,1,1,2,0,2,0,0,0,0,1,2,2,2,1,2,0,1,2,0,1,0,1,2,2,1,2,2,2,2,1,2,1,0,1,1,0,1,2,1,1,2,1,1,1,0,1,1,0,2,0,0,1,1,2,0,2,0,2,1,1,0,2,2,0,2,1,1,2,0,1,1,1,2,0,1,1,0,2,1,2,1,1,1,1,1,0,2,1,2,0,2,0,1,1,0,2,2,2,1,1,0,0,0,2,2,2,0,2,1,2,1,1,2,2,0,2,2,1,1,0,0,2,0,0,2,1,2,1,0,0,1,2,1,0,1,2,0,0,2,0,0,2,2,1,0,0,2,2,2,1,2,0,1,1,0,0,0,0,1,1,1,2,0,2,1,1,0,2,1,0,1,1,2,2,2,1,1,1,0,0,2,1,1,0,0,1,0,0,2,0,1,2,2,1,0,0,0,1,1,0,2,2,1,2,0,0,0,0,0,2,0,0,1,2,0,2,1,1,0,2,1,2,0,1,0,0,1,2,2,0,2,1,1,2,2,2,2,2,2,0,0,2,1,2,0,0,1,2,0,2,0,2,1,2,1,0,1,1,2,0,0,2,0,1,1,2,2,0,1,0,2,2,1,1,0,2,0,0,0,1,1,2,0,0,0,2,0,1,1,2,1,2,1,2,1,1,1,0,0,0,1,0,0,1,0,1,1,2,1,2,0,0,2,0,2,2,1,1,2,0,1,1,2,1,0,2,0,1,1,1,1,2,1,0,1,2,0,0,1,2,2,1,0,0,1,2,2,2,2,1,1,0,2,1,0,2,0,1,1,1,0,1,2,1,2,1,0,1,2,0,1,1,0,0,2,2,0,0,1,1,1,1,1,1,0,2,1,2,2,2,1,2,0,1,2,2,0,0,2,0,1,2,1,0,0,0,2,2,1,0,0,1,2,0,1,0,2,2,0,1,0,1,0,1,0,1,2,0,0,1,0,2,1,1,2,0,1,2,1,2,0,0,2,0,0,0,2,0,2,0,2,0,2,1,2,0,2,1,1,2,0,1
plant-36,1,2,1,1,1,1,1,1,2,2,1,1,0,1,1,2,1,2,1,1,1,2,2,1,0,0,0,0,1,1,2,0,2,2,1,1,1,2,0,2,0,2,1,1,1,1,2,2,1,0,2,0,1,2,2,0,1,2,0,0,2,1,1,1,0,2,2,1,1,1,0,1,0,1,0,2,0,1,2,1,2,1,1,0,1,1,0,1,0,2,1,1,1,1,1,2,0,0,0,0,2,0,0,1,1,0,1,2,2,2,0,0,2,0,1,0,0,0,0,2,0,1,0,1,2,2,0,1,0,0,2,0,1,2,0,1,1,2,1,0,0,1,0,0,2,2,2,1,0,0,2,1,1,1,1,1,1,2,0,1,0,1,1,2,0,2,2,2,1,2,1,1,0,0,1,1,2,1,1,2,2,2,1,0,2,1,0,0,0,0,1,2,0,2,2,2,0,1,0,1,1,0,0,1,1,1,1,1,1,2,0,2,1,0,1,2,2,0,0,1,2,1,1,2,0,0,2,1,0,0,1,2,2,1,1,1,0,0,1,2,1,2,0,1,1,2,2,2,2,1,1,1,0,0,1,2,2,1,1,0,2,0,2,0,0,0,1,1,2,0,0,1,1,0,0,1,0,1,1,1,1,2,1,0,1,0,1,2,2,0,2,1,1,1,1,2,0,0,0,0,2,0,0,2,0,0,1,1,2,0,2,1,1,2,2,2,0,2,0,2,2,0,2,0,2,0,1,0,0,2,0,2,1,2,2,0,1,0,1,2,2,1,1,1,0,0,1,0,2,0,2,1,2,2,1,2,1,1,2,1,2,0,0,2,1,1,0,0,1,0,0,1,1,2,0,2,2,2,2,2,2,0,1,2,2,2,0,0,0,0,2,0,1,1,1,0,0,0,0,0,2,1,2,2,0,0,0,1,0,0,2,1,2,1,0,0,0,2,1,0,0,2,0,1,2,2,0,0,2,2,1,2,1,1,1,2,0,1,0,2,0,2,0,0,1,1,2,1,1,2,0,0,2,2,0,2,1,1,0,0,1,0,1,2,0,1,0,2,0,0,2,1,0,0,2,2,1,1,1,0,0,1,0,1,0,1,1,1,0,1,0,0,1,2,0,2,0,1,0,1
plant-37,1,2,0,1,1,2,0,1,2,2,2,2,2,0,0,1,1,2,0,2,0,2,0,1,2,1,2,0,2,2,1,0,2,0,1,1,0,0,0,0,2,0,0,2,1,0,1,1,1,2,1,0,2,2,0,1,2,0,2,0,2,1,0,1,0,1,1,2,1,1,2,1,1,2,1,0,1,1,0,2,0,2,2,0,1,0,2,0,1,1,1,1,1,2,2,1,1,2,0,1,0,1,2,1,1,0,1,2,0,1,0,2,1,1,1,0,0,1,0,1,0,2,1,2,1,2,2,2,1,0,1,1,2,1,1,1,2,1,2,2,2,1,2,0,0,1,0,0,2,2,0,1,0,1,1,0,2,1,1,1,0,0,0,0,1,1,2,1,1,2,0,0,1,2,2,1,1,0,1,2,1,2,0,0,1,2,2,2,2,0,0,1,0,1,0,1,0,2,1,2,1,0,0,1,2,2,1,0,1,2,2,0,0,1,2,0,0,1,0,0,1,0,2,0,1,2,1,2,1,2,2,1,2,0,1,2,0,2,1,1,0,2,0,0,0,2,0,0,2,0,0,0,1,2,2,0,1,0,1,2,2,0,0,2,1,2,0,1,1,2,2,2,0,1,2,1,1,1,1,0,0,1,0,2,2,2,2,1,1,0,2,2,0,1,1,1,0,0,1,0,2,1,0,0,1,0,1,1,2,0,0,2,1,0,1,1,0,1,2,2,2,1,1,1,2,2,1,0,1,1,1,1,2,2,2,2,2,2,0,2,0,0,1,0,1,2,2,1,2,2,2,2,0,1,0,1,1,1,1,2,2,2,0,0,2,0,0,1,2,0,1,0,1,2,0,2,1,1,1,1,0,2,2,1,2,2,2,0,0,0,2,2,0,2,0,2,2,1,0,0,0,2,2,1,0,0,2,1,1,0,1,0,0,2,2,1,0,2,0,0,2,0,1,0,2,1,0,1,0,0,0,1,0,1,2,1,2,2,2,0,1,2,1,0,0,1,0,2,2,0,2,2,0,0,0,2,1,0,0,0,2,2,0,2,2,0,1,2,0,2,2,1,2,0,1,2,0,2,0,0,2,2,2,2,0,2,2,0,2,2,1,2,0,0,0,1,1,1,0,1
plant-38,1,2,2,1,0,1,1,1,2,0,1,1,1,1,0,2,0,2,2,0,2,0,0,2,1,2,1,2,1,2,2,2,1,1,1,2,0,0,1,1,1,1,1,1,0,0,0,2,2,2,0,1,2,2,1,0,1,0,1,0,1,0,1,1,1,1,2,2,2,0,1,2,0,2,0,2,0,2,1,1,1,1,0,2,0,0,0,2,0,1,0,2,2,2,2,2,2,2,2,2,2,2,2,2,2,2,0,2,2,1,0,0,1,0,0,0,1,0,2,1,0,1,2,0,2,2,0,0,0,2,1,0,1,2,2,2,1,1,1,2,1,2,1,2,1,1,0,2,0,1,0,2,2,0,2,1,0,0,0,1,1,2,2,2,1,1,1,0,0,1,2,0,2,0,0,0,2,2,2,2,0,0,0,0,0,1,1,1,2,1,2,0,1,0,1,0,2,1,0,1,1,2,2,0,2,1,1,2,0,1,0,1,2,2,0,2,2,0,0,2,2,0,1,1,2,0,2,1,2,2,0,1,2,0,1,0,2,0,0,1,1,1,0,1,0,0,1,0,2,2,1,0,1,0,1,1,0,2,2,1,2,1,0,0,1,0,0,0,1,1,1,0,2,1,2,1,2,0,2,2,0,2,0,1,2,2,2,2,2,2,1,0,2,0,2,1,2,0,0,0,0,1,2,2,1,0,2,1,2,1,1,2,2,1,0,1,0,1,0,2,2,1,0,1,0,0,1,1,2,0,1,1,0,2,1,0,2,1,2,0,1,2,1,0,2,0,0,0,1,0,1,2,1,0,2,2,1,2,0,2,1,0,2,1,0,2,2,1,0,1,0,2,2,1,1,2,2,0,2,0,2,1,2,2,0,1,0,0,2,2,1,2,1,0,0,2,1,1,1,0,0,2,1,2,1,1,1,2,1,0,2,0,0,2,1,0,0,1,2,0,2,1,1,0,1,1,1,0,2,2,2,0,2,1,1,2,0,1,0,0,0,0,0,1,2,0,2,1,1,2,0,1,0,0,2,0,1,1,0,1,1,0,1,0,2,1,1,2,1,1,0,0,0,1,2,2,0,2,1,1,2,1,0,2,2,2,1,2,2,1,0,0,1,0,0,2,1,0,2,2
plant-39,1,2,0,1,2,2,0,2,2,0,2,1,0,2,0,1,2,2,1,0,0,1,2,1,0,1,1,1,2,2,2,0,0,2,1,2,1,0,2,2,0,2,0,2,2,2,2,0,0,2,0,2,0,0,1,0,2,1,1,0,2,0,2,2,1,1,2,1,0,0,1,2,0,2,0,2,2,0,1,1,1,1,1,1,1,0,0,1,0,1,1,2,0,1,1,1,0,1,1,0,0,2,2,0,2,2,1,1,2,0,2,0,2,0,1,2,0,0,0,0,0,1,0,2,2,0,2,0,1,0,0,0,1,2,1,1,0,0,0,0,1,2,1,0,0,2,0,2,1,0,1,0,0,1,2,2,1,0,0,0,0,2,0,0,1,2,2,1,1,0,2,2,1,2,2,0,2,0,0,2,1,2,2,0,0,1,0,0,0,1,0,0,2,0,2,0,1,1,1,2,2,2,2,0,1,2,1,1,2,1,0,1,1,1,2,2,1,1,0,1,0,2,2,0,2,2,0,2,0,1,0,0,0,0,1,2,0,1,2,1,1,1,0,2,2,2,0,0,1,0,0,0,2,1,1,0,2,0,1,0,0,1,2,0,1,0,2,1,1,2,2,2,0,0,0,1,2,2,1,1,2,0,0,0,0,1,1,1,1,2,1,0,1,0,1,1,2,0,0,1,2,2,2,0,1,1,2,1,0,0,0,0,2,1,1,2,0,1,2,1,0,1,2,0,2,2,1,2,1,2,0,2,1,2,1,1,2,1,2,2,1,0,2,0,0,0,2,0,2,0,1,1,2,2,0,0,1,1,0,2,0,1,2,0,1,1,1,2,0,0,0,1,0,1,0,1,1,2,0,0,0,0,1,1,2,2,0,0,0,2,0,0,1,0,2,1,2,2,2,0,1,0,2,1,2,0,0,0,0,0,2,2,1,2,1,2,1,0,2,1,2,1,0,2,1,0,2,1,0,0,2,2,2,0,1,1,1,0,2,0,1,0,2,1,0,0,0,2,2,0,2,1,2,0,1,2,0,0,2,2,1,0,2,2,1,0,0,0,2,1,1,2,1,0,1,0,2,1,0,0,0,1,0,1,1,2,2,1,0,1,1,1,0,2,0,1,2,1,2,1
plant-40,1,2,1,0,0,2,0,0,2,2,2,2,0,2,0,2,0,1,1,2,2,2,0,2,1,2,0,2,2,1,0,2,2,2,1,2,0,0,0,1,1,0,0,2,1,2,0,0,0,1,0,1,0,0,1,0,0,2,0,0,0,0,2,2,1,1,2,1,1,1,0,0,2,0,2,0,0,2,0,0,1,2,0,1,0,2,2,2,2,2,0,0,1,2,0,1,0,1,0,1,2,2,0,1,2,2,0,1,0,0,1,1,0,0,1,2,1,0,2,0,2,2,0,2,0,0,0,0,1,0,0,2,2,0,1,1,2,2,2,2,1,1,1,1,0,2,1,0,1,1,0,0,1,1,2,0,2,0,2,2,0,0,0,2,2,0,0,2,0,1,1,0,1,0,0,2,2,2,2,2,0,0,2,0,1,1,1,0,1,1,1,2,0,1,2,2,0,0,0,0,0,1,2,1,0,0,2,1,1,1,0,1,1,0,0,1,0,2,2,0,2,2,1,1,0,1,0,2,2,2,0,2,0,2,1,1,1,1,1,1,1,0,0,2,0,2,0,2,2,2,1,2,1,2,2,1,0,2,2,2,0,0,2,1,1,0,2,2,1,0,0,0,1,2,1,1,1,2,0,2,1,0,2,1,1,0,0,1,2,2,2,0,2,2,1,2,2,2,2,2,0,2,2,2,2,2,1,2,2,2,0,0,1,0,2,2,2,0,0,0,0,0,0,0,2,2,0,1,2,0,1,1,0,1,2,2,1,0,0,1,0,2,0,1,0,2,1,1,2,0,0,1,1,2,1,0,0,1,0,1,1,1,2,1,2,1,0,0,2,0,0,1,1,1,0,0,1,0,1,0,2,0,0,0,2,0,2,0,2,1,1,2,0,2,2,2,2,0,0,1,1,1,2,1,1,2,2,2,0,2,2,0,1,0,2,0,0,1,2,0,2,1,0,0,0,0,2,1,0,1,1,2,2,0,1,2,0,0,0,1,2,1,2,2,2,2,1,0,1,1,1,2,2,2,0,1,0,1,1,0,2,0,2,0,1,0,0,0,0,0,2,2,0,2,2,1,0,0,1,2,2,1,0,2,0,2,0,1,1,0,1,1,0,2,2,0,1,0,1,2
plant-41,1,2,0,1,0,0,0,2,1,0,0,0,2,0,0,2,2,2,2,2,1,1,2,0,1,0,0,0,1,0,2,0,0,2,2,2,0,0,2,0,1,2,0,1,0,2,2,0,1,2,0,0,2,1,1,2,2,1,2,1,0,0,1,2,2,1,2,1,1,1,2,2,0,0,1,0,2,2,2,1,1,0,1,2,1,0,2,2,2,0,1,2,0,2,0,1,0,2,1,1,0,1,2,2,2,0,2,0,2,2,2,2,0,0,1,0,2,2,0,2,1,0,2,1,2,0,1,1,0,2,2,2,2,1,0,0,0,2,0,2,2,0,2,1,2,0,1,0,2,0,0,0,1,0,1,1,1,2,2,1,2,1,2,2,2,2,1,2,0,0,0,0,2,1,2,0,1,2,1,2,2,0,1,0,0,1,1,0,2,0,1,1,1,0,2,0,1,0,2,0,2,2,0,0,2,1,2,1,0,2,2,0,1,1,0,1,0,2,2,2,2,0,1,0,1,1,2,1,0,0,1,1,2,1,1,0,0,1,1,2,2,0,0,0,1,2,1,0,1,2,1,2,1,0,0,0,1,0,2,2,0,2,1,1,0,1,1,1,0,1,0,1,0,0,0,2,2,1,0,2,2,2,1,2,0,1,1,2,1,0,1,2,2,1,1,0,1,0,2,2,1,1,2,1,2,1,1,0,0,1,2,2,1,2,2,1,2,2,1,2,0,0,0,1,2,2,2,0,1,0,2,0,0,2,2,2,2,1,1,0,2,1,2,0,2,2,0,2,0,1,1,2,2,0,1,0,1,0,0,0,2,2,1,2,0,2,2,2,1,2,0,0,0,0,1,2,1,2,2,1,1,0,2,2,1,1,0,1,2,0,1,2,1,0,0,1,2,0,2,0,1,2,2,1,2,0,1,2,2,2,1,0,2,0,2,2,2,0,2,1,2,2,0,0,1,1,0,2,0,1,2,2,0,0,1,2,0,0,2,2,2,0,2,1,1,0,0,1,0,1,0,1,1,2,1,2,0,2,0,0,0,2,1,2,0,1,1,1,0,1,0,0,1,2,1,0,0,2,1,1,2,1,0,2,2,2,2,0,1,1,1,0,2,1,2,0,2,0,0,1
plant-42,1,2,0,2,0,1,0,2,2,2,2,2,2,2,0,0,0,2,0,1,0,0,0,0,0,1,2,1,2,1,1,1,2,1,1,1,0,1,1,1,2,2,0,0,0,2,0,1,2,1,0,1,0,1,0,0,0,0,0,0,1,2,2,0,1,1,1,1,2,1,2,1,2,2,1,1,2,2,2,0,0,0,2,2,2,0,1,0,2,2,0,2,1,2,1,2,2,0,1,0,0,2,1,2,1,2,1,0,0,2,0,2,2,0,0,0,1,1,1,0,2,2,1,2,0,1,1,2,0,2,2,2,1,1,0,2,0,2,0,0,0,2,1,1,1,0,1,0,2,1,0,1,1,2,1,0,2,2,0,2,2,0,2,1,2,2,2,1,0,0,2,1,2,2,0,2,1,1,0,2,2,2,2,0,1,2,1,0,1,2,2,0,2,0,1,2,1,1,2,0,2,1,2,0,2,1,1,0,2,1,0,1,1,1,2,1,2,1,2,1,1,2,0,1,0,1,1,1,0,2,0,1,0,0,2,2,0,2,1,2,1,2,2,2,1,0,1,0,1,1,0,2,2,0,1,0,0,0,2,2,2,0,2,1,2,1,2,2,2,2,1,2,1,1,1,0,2,1,1,1,0,2,0,0,2,0,0,2,2,1,2,2,0,0,1,0,1,2,2,1,2,1,2,2,2,1,0,0,1,0,2,0,2,2,1,0,0,2,0,0,2,0,0,2,2,2,1,2,2,2,0,0,0,2,1,2,0,2,1,0,0,1,2,2,2,0,0,1,1,0,1,0,2,0,1,2,2,2,1,1,0,0,0,1,0,2,1,1,2,1,0,0,2,1,0,2,0,1,1,1,1,1,0,1,0,0,2,1,2,2,1,0,0,1,2,2,0,1,1,0,2,2,2,0,0,0,2,1,0,2,0,0,1,2,1,2,1,0,0,2,1,2,1,1,1,0,0,1,0,1,1,1,1,2,0,1,1,0,1,0,1,1,1,1,0,1,1,2,1,2,1,0,1,2,0,0,0,0,0,1,0,2,0,0,1,2,2,2,1,0,0,0,2,1,2,2,2,1,2,0,1,1,1,0,1,1,0,0,2,2,2,2,2,1,2,0,0,0,0,1
plant-43,1,2,2,0,0,2,1,2,2,2,0,1,0,1,0,0,0,1,2,1,2,1,1,2,0,0,2,0,2,0,2,2,2,1,2,1,2,1,0,0,0,1,1,0,1,0,2,2,1,2,0,2,1,2,2,1,2,2,1,0,2,2,1,2,0,1,0,1,2,2,0,0,0,2,0,1,1,0,1,2,0,2,1,1,1,1,2,0,1,0,0,1,2,1,2,0,1,1,2,2,0,2,0,2,0,0,2,2,1,0,0,1,0,2,2,0,1,1,0,1,0,1,2,2,2,0,2,0,1,2,1,1,2,1,2,1,0,1,2,2,1,1,0,1,0,1,2,0,1,1,0,0,1,2,2,0,1,1,1,0,0,0,1,0,2,0,1,2,1,1,1,0,0,2,1,1,1,0,1,2,2,0,2,1,0,1,0,2,2,2,2,1,0,0,2,1,1,2,1,2,2,0,2,0,2,0,2,1,1,0,0,1,1,1,2,2,1,0,0,2,2,1,2,0,2,2,2,0,0,0,2,2,0,1,1,1,2,0,0,2,0,0,2,0,0,1,1,2,1,0,1,1,1,2,0,1,1,1,1,2,0,2,0,2,2,1,0,0,0,0,2,2,0,0,1,0,1,0,1,1,1,1,1,1,2,1,2,0,0,0,0,0,2,2,0,0,0,1,1,1,0,2,0,1,1,1,0,0,2,1,1,1,1,0,1,0,1,1,2,2,2,1,2,0,2,0,0,2,0,2,2,0,0,0,2,1,0,0,0,0,1,0,1,0,1,2,1,1,1,0,1,0,1,0,2,1,2,2,2,2,2,1,2,1,1,0,0,1,0,1,1,1,1,2,1,1,0,0,0,0,1,2,0,2,2,1,1,1,2,2,2,0,0,1,2,2,0,1,0,1,2,0,0,2,0,0,1,1,1,2,0,0,1,0,0,0,2,0,0,2,0,0,1,0,0,1,1,1,0,1,1,2,0,2,2,2,0,0,2,1,1,0,0,1,0,2,0,2,2,2,1,2,2,2,1,2,1,2,1,2,1,1,0,2,0,2,2,2,1,1,0,0,2,2,2,0,1,2,0,0,1,2,0,2,2,2,2,0,2,2,1,1,0,2,1,0,1,0,1,1
plant-44,1,2,0,1,2,1,0,1,2,2,0,0,2,1,2,2,2,1,2,2,1,1,2,0,0,2,0,1,0,1,2,2,2,1,0,2,2,2,2,2,2,1,0,0,2,0,0,0,1,2,1,1,2,2,0,1,2,1,2,0,1,2,2,1,2,0,0,0,2,2,2,1,1,2,2,1,0,1,0,1,1,0,1,0,1,2,0,2,0,0,0,2,2,1,0,2,1,1,0,2,2,0,0,2,1,1,2,1,1,2,1,2,0,0,1,0,2,2,2,2,2,1,1,2,2,2,1,2,0,1,1,0,1,2,1,0,1,1,1,1,2,2,1,0,0,1,2,1,0,2,0,1,1,2,0,1,1,0,2,0,2,2,0,1,1,0,2,0,1,2,0,2,0,2,0,2,1,2,2,2,0,0,1,2,1,1,1,1,2,1,2,0,1,2,2,2,0,2,0,1,1,2,1,0,0,1,2,2,2,0,2,2,0,1,1,1,1,1,0,0,1,0,1,2,0,2,0,2,0,2,1,0,0,0,1,1,1,2,0,2,2,1,1,0,2,0,2,0,2,1,1,1,2,2,0,2,0,2,2,2,1,1,2,1,1,2,2,0,2,2,0,0,0,0,1,0,0,1,0,1,0,2,0,1,0,0,1,0,1,0,1,2,2,1,1,0,2,2,1,1,2,1,0,2,1,1,0,0,0,1,1,1,2,0,2,0,1,1,2,0,0,1,0,0,2,0,2,1,1,0,1,2,0,2,2,2,0,0,1,1,2,1,0,2,2,2,0,2,0,1,2,1,1,2,1,0,1,0,0,0,0,2,2,1,2,2,2,0,0,0,2,1,0,2,0,1,0,2,0,2,2,0,1,2,0,1,0,0,1,2,0,0,1,0,0,0,2,0,0,2,1,1,0,2,0,1,1,0,0,0,2,0,2,0,2,2,0,2,2,1,0,2,2,2,0,0,0,1,1,0,1,1,2,2,0,1,2,1,1,1,0,0,0,0,2,0,0,2,1,0,2,0,0,0,1,1,2,0,0,1,2,2,2,1,0,0,2,2,2,2,2,1,2,2,1,0,2,0,0,2,0,0,2,0,1,0,0,0,0,1,1,0,1,2,0,1,0,0,0,0
plant-45,1,2,1,1,0,1,1,1,0,0,0,1,0,2,0,2,0,2,0,0,0,2,2,1,0,1,2,2,2,2,0,2,2,1,1,0,2,1,2,0,2,0,1,1,2,2,2,1,1,1,0,2,0,2,2,2,1,1,1,1,2,1,2,1,1,0,1,0,0,2,0,0,1,2,1,2,2,0,0,0,1,1,2,0,1,2,2,0,0,2,2,0,1,0,1,1,0,1,2,1,0,1,0,2,1,0,2,0,1,0,1,0,2,2,1,2,1,2,0,1,1,2,2,2,2,2,2,0,2,1,2,1,1,1,1,2,1,0,0,0,2,2,2,2,0,0,2,0,0,0,0,2,2,1,0,1,2,0,0,1,1,2,0,1,1,1,0,1,2,0,2,0,2,1,0,0,0,1,1,0,1,0,1,2,0,0,0,0,1,1,0,0,2,1,1,2,2,0,0,1,0,2,0,0,2,2,2,0,1,1,0,0,2,0,2,2,0,2,0,0,0,1,1,2,0,2,1,1,1,2,2,2,1,0,1,2,1,1,1,1,2,2,0,2,2,2,1,2,1,0,2,0,1,1,0,2,1,1,1,1,0,2,0,0,2,1,1,2,0,0,1,1,0,0,1,2,2,0,1,0,1,1,0,2,0,1,2,1,2,0,0,2,1,2,0,1,2,2,2,1,2,1,1,0,2,2,2,1,1,0,0,0,0,1,2,2,2,0,1,2,2,1,2,1,2,2,2,1,0,1,2,1,2,1,1,0,0,2,1,0,1,0,0,1,2,1,2,2,1,2,2,2,2,2,0,0,1,0,2,0,0,0,0,2,1,2,1,0,0,2,0,2,0,2,0,0,1,1,2,1,1,1,0,2,0,1,2,2,0,0,1,0,1,1,0,1,1,2,0,0,1,1,2,0,2,1,2,2,1,0,2,1,0,0,1,2,2,1,1,1,2,1,2,0,1,2,0,0,2,1,1,0,1,1,0,1,1,0,1,1,0,2,1,2,1,1,1,1,2,1,2,0,2,0,2,2,1,0,2,0,2,1,0,2,1,2,0,0,2,1,1,1,1,2,1,2,0,2,2,2,1,1,0,1,0,1,2,2,2,1,2,2,1,1,0,1,2,2,1,1
plant-46,1,2,2,1,2,2,1,0,2,1,0,2,0,2,2,2,0,2,1,0,0,2,1,0,0,2,2,0,0,1,2,2,0,2,2,0,0,1,0,2,2,0,1,1,2,1,0,1,1,0,0,2,2,1,2,2,2,2,2,2,2,1,0,2,0,0,2,1,1,1,2,2,2,1,1,2,0,0,1,0,2,2,1,1,2,0,2,1,0,1,0,2,2,1,2,0,2,1,2,1,1,1,1,0,1,1,2,0,1,2,2,1,0,1,1,1,0,2,1,1,2,2,2,1,0,0,1,1,2,0,2,2,2,1,0,0,1,0,2,1,2,0,1,0,0,1,2,2,1,0,0,1,2,2,2,1,0,1,2,1,0,1,0,2,0,2,0,0,0,1,1,2,0,1,2,2,0,1,1,1,2,0,1,0,0,2,1,2,0,0,2,1,0,1,0,2,2,2,2,1,2,1,0,2,2,0,1,0,1,0,2,0,0,1,0,1,0,0,0,0,2,2,0,0,0,1,1,1,2,1,1,1,1,0,1,1,2,2,0,0,1,0,0,0,2,2,1,2,1,1,2,2,1,0,2,2,1,1,1,0,0,0,0,2,1,0,1,1,0,1,2,2,1,1,0,2,0,1,1,2,2,0,0,2,2,0,0,0,2,1,0,1,1,0,2,0,1,1,2,1,0,2,2,2,2,2,1,1,1,2,0,1,0,1,0,1,2,1,2,1,1,2,0,0,2,1,0,0,0,1,1,0,0,2,2,1,2,0,0,0,1,2,0,0,1,2,2,0,2,1,0,1,1,1,2,2,1,0,2,2,0,1,0,2,0,0,1,2,0,0,1,0,2,0,1,1,1,0,2,0,1,0,2,0,0,1,2,1,1,0,2,2,1,2,2,0,0,2,0,0,2,0,1,1,2,2,0,0,1,2,2,2,1,0,1,1,2,0,2,2,1,0,1,0,0,1,0,1,2,1,1,2,1,2,2,1,1,1,2,0,2,0,0,2,0,1,1,1,2,2,2,2,1,1,1,2,0,2,0,1,2,2,0,0,0,1,2,0,1,2,1,0,2,2,1,2,1,0,0,0,1,1,0,0,2,1,1,1,0,1,0,0,0,0,1,2,1,0,2,0
plant-47,1,2,2,0,2,0,0,2,0,1,0,1,1,0,1,1,0,0,0,2,2,0,0,2,1,1,2,2,0,2,2,2,0,0,1,1,1,2,2,0,0,2,0,0,2,0,1,1,1,0,2,1,2,2,0,0,2,0,0,0,2,0,2,2,2,1,1,2,0,0,1,1,2,2,1,0,2,2,0,0,0,2,2,0,1,2,1,0,2,0,1,0,1,0,1,1,0,0,1,2,0,2,0,2,0,1,1,0,0,2,0,0,1,0,1,1,1,0,2,1,2,1,1,1,2,1,2,0,2,2,0,0,2,1,2,2,2,1,0,2,1,1,2,2,2,0,2,1,2,1,1,2,2,0,0,0,1,0,1,1,0,0,0,0,1,2,1,2,2,0,0,1,0,2,0,1,0,2,2,0,1,1,1,2,2,1,1,1,0,0,2,2,1,1,0,0,1,1,0,0,0,2,0,1,1,0,2,1,2,1,1,1,2,2,2,0,1,1,2,2,2,1,1,0,0,0,2,0,2,1,2,2,2,0,0,2,2,2,1,1,1,1,0,2,2,2,0,0,0,0,2,0,1,2,2,1,0,1,2,0,0,2,0,0,2,0,0,2,1,1,1,0,0,0,0,0,1,0,1,1,1,0,1,1,0,0,1,0,1,2,2,1,0,2,0,1,0,1,2,0,0,2,1,1,1,0,0,0,0,1,2,2,2,2,1,2,1,1,2,2,0,2,2,1,2,1,0,1,2,0,1,1,1,0,1,0,2,2,0,0,2,2,2,1,1,1,2,2,0,0,0,1,1,0,2,0,2,0,0,0,1,2,2,0,2,0,1,1,1,0,2,1,2,0,2,1,1,2,0,0,2,2,2,0,0,1,2,0,2,1,2,2,0,0,1,1,2,0,0,0,0,1,2,1,1,1,1,1,0,2,1,0,0,1,1,2,1,1,2,0,2,0,2,1,1,0,0,1,0,2,2,0,1,2,0,0,1,0,0,2,2,1,2,2,1,0,1,2,0,1,2,2,2,2,0,2,1,1,1,1,0,0,1,0,0,2,0,0,2,0,2,0,1,1,2,0,0,1,1,0,0,2,1,1,0,1,2,2,2,0,1,2,1,1,0,1,1,2,2,1
plant-48,1,2,2,0,2,2,1,2,0,1,0,1,0,0,2,1,2,0,1,2,0,1,2,2,0,1,1,1,0,2,2,0,0,2,1,0,1,2,0,0,2,2,0,0,2,1,0,0,0,1,0,0,0,1,2,1,1,2,1,0,1,1,1,1,2,0,0,2,1,2,0,1,1,0,1,2,0,1,1,2,1,1,1,0,1,2,0,2,1,0,0,1,2,2,2,2,1,0,1,0,2,0,0,0,2,1,0,0,1,1,2,0,0,1,0,1,1,1,0,0,0,0,2,1,0,1,0,0,2,1,2,1,2,1,0,1,1,1,1,0,2,0,0,0,1,1,1,1,1,0,2,1,1,0,0,1,1,1,2,0,2,0,2,2,2,1,2,0,1,1,2,2,1,1,1,2,2,1,0,0,0,1,0,0,0,1,1,1,0,0,2,2,0,1,2,2,2,2,1,1,1,1,2,0,2,0,0,2,0,2,2,2,0,2,2,2,2,2,2,2,1,1,2,0,1,0,0,2,1,1,2,2,1,0,0,0,1,1,2,1,2,0,0,2,2,1,0,0,0,1,1,1,1,1,1,2,0,1,1,2,1,0,1,1,2,1,1,2,0,1,2,0,2,1,0,0,0,1,0,0,2,1,2,2,1,2,2,0,1,1,0,1,2,2,0,0,1,0,1,2,1,1,0,1,0,0,0,1,2,2,0,2,2,1,1,0,2,1,1,0,1,2,0,0,1,1,2,1,0,2,2,0,0,2,2,1,2,1,2,0,0,2,1,2,2,1,2,2,2,1,2,2,0,2,2,2,1,2,1,1,1,2,0,2,0,0,1,2,2,0,1,1,0,1,0,0,1,2,0,1,0,0,1,0,2,1,2,1,1,2,0,2,2,0,2,1,2,0,2,1,1,1,1,0,2,0,1,1,0,2,2,1,0,0,0,1,0,2,0,1,2,0,1,0,1,0,1,0,0,1,0,0,1,0,1,1,0,2,2,1,0,1,0,2,2,2,0,1,2,0,2,2,1,0,0,0,0,0,0,0,1,0,2,1,2,0,0,1,1,0,2,0,2,2,1,1,1,2,2,2,0,2,1,0,2,0,0,0,1,2,0,0,1,2,2,2,2,1,1,2
plant-49,1,2,2,2,2,0,1,1,1,2,0,1,1,1,0,0,2,0,2,1,0,2,1,1,1,1,2,1,1,1,2,0,1,1,0,0,0,2,2,1,0,2,1,0,2,0,0,2,0,1,2,2,1,0,2,2,0,0,0,1,1,2,0,0,2,0,1,2,1,0,0,2,1,2,2,0,2,0,2,0,2,0,2,1,1,2,1,1,0,0,1,1,1,1,2,1,2,2,2,1,2,2,2,1,2,2,2,2,1,1,1,2,0,1,2,1,2,1,1,0,2,0,0,1,2,1,2,1,2,1,1,0,1,1,1,0,0,1,0,1,0,1,2,1,1,2,2,2,0,1,1,1,2,0,2,1,2,1,1,2,0,0,2,2,1,0,0,1,1,2,1,2,2,2,1,0,1,0,0,1,1,1,1,1,2,1,1,0,2,2,0,0,0,0,0,0,0,2,1,1,2,2,2,2,2,0,2,1,0,0,1,0,1,2,0,2,1,0,2,2,0,1,2,2,0,2,1,2,2,1,2,1,2,1,1,0,1,0,0,0,2,1,2,0,2,1,2,0,0,2,1,2,1,0,1,2,2,2,0,0,1,1,0,0,0,2,2,1,0,1,0,2,2,0,1,2,2,1,2,2,2,1,2,0,1,0,0,1,1,0,0,0,1,1,1,2,2,0,1,1,0,2,1,1,0,0,1,0,1,2,2,2,0,2,1,2,1,0,2,2,2,0,0,0,1,1,2,0,1,0,2,0,1,0,1,2,0,1,1,1,0,0,0,2,0,0,1,0,2,2,0,0,0,1,1,2,1,1,1,0,0,1,0,0,2,1,2,1,2,0,2,0,0,1,0,1,0,1,2,2,1,1,2,1,1,1,1,2,2,0,2,0,1,0,2,1,0,0,0,1,0,0,0,2,0,2,1,1,1,1,0,2,0,2,1,2,2,0,1,0,2,0,0,1,0,0,2,0,0,1,0,2,1,1,2,1,0,2,0,1,1,1,0,1,2,2,2,2,2,1,2,0,1,1,1,2,1,0,1,2,1,1,1,1,2,1,1,0,0,2,1,2,1,0,1,0,1,2,1,2,1,0,1,1,0,0,2,0,1,0,0,0,2,2,0,1,1,0,0,1
plant-50,1,2,2,1,2,1,1,1,0,2,1,0,0,2,2,1,2,2,1,1,0,2,2,0,2,0,2,1,0,0,1,2,0,2,2,2,2,1,0,0,0,1,2,2,0,2,0,0,2,1,1,1,2,0,0,0,0,2,1,0,0,1,1,0,2,1,0,1,0,2,0,0,0,1,0,0,1,0,1,2,2,0,2,1,2,1,2,0,0,2,1,1,1,1,2,1,0,1,1,1,2,1,0,0,2,1,1,0,2,1,2,0,0,0,2,1,0,2,1,0,1,0,2,0,2,1,0,2,0,2,0,2,2,0,1,2,1,2,0,1,0,0,0,2,2,2,2,2,2,0,2,1,2,0,1,0,2,0,1,0,0,1,2,1,2,1,1,0,0,1,1,0,2,0,1,1,0,2,1,2,1,0,1,0,0,0,2,1,2,0,2,1,0,1,0,0,2,0,0,2,0,1,1,1,1,1,1,0,1,0,0,1,1,0,0,0,0,1,0,2,1,2,0,2,2,1,0,2,0,0,0,1,1,2,1,0,2,0,0,2,1,2,0,0,2,0,2,2,1,0,1,0,2,1,0,1,2,2,0,2,1,0,2,2,1,1,1,0,1,1,0,1,1,0,0,1,1,2,2,2,0,2,1,0,0,1,1,1,2,1,1,0,0,2,2,0,0,0,2,0,2,2,1,1,0,0,0,2,1,2,0,1,2,0,1,2,0,0,2,1,2,2,1,2,2,2,1,1,0,1,0,0,1,0,0,1,0,1,1,1,1,0,1,0,2,2,1,0,1,0,1,1,2,0,0,1,1,2,1,1,0,0,2,0,1,0,2,1,0,1,2,0,0,0,0,2,1,1,0,2,2,1,1,0,0,0,0,0,2,0,0,1,2,0,0,0,0,0,2,2,1,0,2,1,0,0,2,2,1,2,2,1,1,0,1,0,1,2,2,1,2,1,0,2,2,2,1,2,0,2,1,0,0,1,2,2,1,2,2,1,0,2,0,2,2,1,0,1,1,2,1,2,1,2,0,1,1,2,1,1,0,2,1,1,0,1,1,1,2,0,0,1,0,2,1,1,0,2,0,0,1,1,1,2,0,0,2,0,1,1,1,1,2,0,2,2,2,2,1,1
plant-51,1,2,1,0,2,0,0,1,1,0,2,0,1,1,2,0,1,1,0,2,2,2,2,0,2,1,1,0,2,2,2,1,0,0,0,2,0,2,2,0,0,2,1,0,0,2,1,1,1,0,1,2,2,2,1,0,1,0,0,2,2,2,0,2,0,1,2,1,0,0,2,1,2,1,0,2,1,1,1,0,0,1,2,2,0,1,2,0,0,1,1,1,2,0,0,0,0,0,2,0,2,0,0,1,0,1,1,2,0,0,2,0,1,2,1,1,2,0,1,0,0,1,0,2,2,0,1,1,0,0,2,2,1,1,0,0,1,1,2,2,1,1,0,1,0,1,1,2,0,0,0,2,1,2,1,1,0,1,1,1,2,2,2,2,1,2,1,0,0,1,1,1,2,2,2,2,0,0,2,2,1,0,0,0,2,2,0,2,2,2,2,0,2,2,1,2,1,0,2,2,0,0,0,0,1,0,1,0,0,2,2,2,0,1,1,0,1,0,0,1,2,2,1,1,2,0,0,2,0,0,0,2,0,1,0,1,0,0,1,2,1,1,2,1,0,2,2,2,1,0,1,0,1,2,2,2,2,0,1,1,1,2,1,2,1,2,0,2,2,2,1,0,1,2,2,0,0,0,2,2,2,0,2,1,1,1,0,2,0,2,0,1,1,2,2,1,0,0,2,0,1,1,1,1,0,0,2,1,1,0,0,2,1,0,1,1,2,1,1,0,2,0,0,0,0,1,1,0,1,0,2,1,2,2,2,2,1,1,0,0,1,0,0,2,2,0,0,1,0,0,1,2,2,0,2,1,0,1,0,2,2,0,1,2,0,0,2,0,2,2,1,1,0,0,2,2,1,2,0,2,1,2,0,1,2,0,0,2,1,1,1,2,2,1,0,1,0,2,0,2,1,1,1,1,0,1,1,2,1,1,0,0,2,2,2,0,0,0,2,2,2,1,2,1,2,1,2,1,0,1,0,1,0,0,0,2,1,0,0,0,1,0,2,2,1,0,1,2,0,2,1,0,1,1,2,1,0,1,1,0,2,1,1,1,1,0,2,1,1,1,2,2,2,0,0,2,0,0,1,1,1,0,2,0,2,1,2,2,2,0,0,2,0,1,0,1,2,2,1,1
plant-52,1,2,1,2,2,1,2,2,2,1,2,1,0,1,1,2,2,0,0,0,2,2,2,1,0,1,2,0,1,2,1,0,1,2,2,0,0,2,2,1,2,0,0,2,1,2,1,2,1,0,0,0,2,0,2,1,1,1,1,2,0,2,0,1,0,2,0,2,0,2,2,0,0,0,0,0,0,0,2,1,1,2,0,0,1,2,2,0,2,1,0,0,2,1,2,2,1,1,2,1,1,0,0,1,0,1,2,1,2,0,2,2,1,2,2,1,1,2,0,2,1,0,1,1,2,1,1,2,1,0,2,2,1,2,0,2,0,2,0,2,1,1,1,0,1,0,0,1,0,0,2,0,1,2,1,2,2,2,2,0,2,2,0,1,2,0,0,0,1,0,0,0,1,2,1,2,0,1,1,0,0,2,1,2,2,1,2,0,2,2,2,2,1,2,1,1,1,2,2,1,0,2,2,0,0,2,2,2,2,1,1,0,1,1,1,0,2,2,0,0,2,0,0,0,0,2,0,0,1,1,1,1,1,1,1,0,2,1,1,0,2,2,2,1,2,0,2,0,2,2,0,0,0,2,1,2,0,0,2,0,2,2,1,2,2,0,0,2,0,0,0,1,2,2,2,1,1,2,1,1,1,0,1,1,0,0,0,2,0,1,1,2,0,0,0,0,0,0,0,1,2,1,0,0,0,1,1,2,2,2,1,0,1,1,1,0,2,1,1,0,2,1,1,2,1,2,1,0,1,1,1,1,2,2,2,2,1,0,2,1,1,0,0,2,2,2,0,2,2,0,0,2,2,2,1,0,1,0,1,0,0,0,2,0,0,2,2,0,2,1,1,2,1,0,0,0,1,1,2,2,1,1,0,2,1,2,1,0,2,1,0,1,1,0,2,0,0,1,0,1,1,0,2,1,0,0,1,2,0,2,0,2,2,1,0,0,2,0,0,0,2,2,1,1,1,2,2,1,0,1,1,0,1,1,2,2,2,2,2,2,2,2,1,1,1,0,2,0,2,1,0,2,1,2,2,1,2,1,0,0,2,0,1,2,0,2,2,2,1,2,2,1,1,2,0,0,0,0,1,1,2,0,1,1,0,1,0,2,2,2,1,2,0,1,1,1,2,2,0,1
plant-53,1,2,0,0,2,1,1,1,2,0,2,2,1,1,0,2,0,2,0,2,1,0,1,0,2,1,1,2,1,0,2,0,0,1,2,2,2,0,0,2,0,2,0,1,0,1,0,0,2,1,1,2,0,1,0,0,0,2,1,2,1,1,0,0,1,2,2,2,0,0,0,1,0,2,1,2,1,2,1,1,1,1,1,0,0,1,2,2,2,2,1,2,1,1,2,2,2,1,1,2,0,1,0,0,1,0,0,2,2,1,1,0,2,2,1,2,1,2,2,1,2,0,0,0,0,0,2,1,0,0,0,0,2,0,0,2,2,1,0,1,1,2,1,0,1,2,0,2,1,0,2,2,2,0,2,0,0,2,1,2,1,2,2,0,0,2,2,0,2,1,0,2,2,2,2,2,2,2,2,2,0,2,1,2,0,1,2,2,1,0,1,1,2,0,1,1,2,1,2,0,0,0,2,1,0,0,2,2,2,2,2,0,1,2,2,0,0,0,0,0,0,0,0,0,2,0,2,2,2,0,0,2,2,0,1,2,2,2,1,2,0,0,2,1,0,1,1,0,2,2,1,2,1,0,1,2,2,1,2,1,1,0,0,2,0,1,0,1,0,1,2,2,2,1,2,1,0,0,0,0,1,0,2,1,0,0,2,1,0,0,0,2,0,2,0,2,2,1,2,0,1,1,2,1,0,2,0,0,0,2,1,2,0,0,0,1,2,0,0,0,2,1,0,2,1,0,1,1,2,2,0,0,1,2,0,2,1,1,0,1,2,0,0,1,2,0,0,0,2,0,0,0,0,0,1,0,1,2,1,1,2,2,0,1,1,1,1,0,0,1,2,2,1,0,0,0,1,0,2,1,0,0,0,1,2,1,2,0,0,1,0,0,1,0,2,1,0,2,0,1,1,0,1,0,1,2,1,0,0,1,2,0,2,2,2,0,1,2,0,1,1,1,2,2,1,1,0,2,1,0,2,1,1,2,0,0,0,0,0,1,0,0,2,2,2,0,0,2,1,0,2,1,1,2,1,2,1,1,1,0,2,1,0,0,1,1,2,1,0,2,2,2,1,2,0,2,1,0,1,2,1,0,0,1,2,2,1,0,0,0,0,0,1,0,0,1,1,2,0,1
plant-54,1,2,2,2,2,0,2,0,2,1,1,2,2,1,2,1,2,1,0,1,2,2,2,0,0,1,2,0,2,1,2,1,1,0,1,2,1,0,0,2,2,1,1,2,0,0,2,2,1,1,2,1,1,1,1,2,0,1,1,1,2,0,2,1,2,2,2,1,0,1,0,1,2,0,2,2,1,2,2,1,1,0,0,2,2,0,1,1,0,0,0,2,0,0,2,0,0,1,1,0,1,1,2,2,1,1,1,2,2,0,2,1,1,1,2,0,1,1,0,0,1,1,0,0,2,1,0,1,2,1,1,0,0,0,2,0,0,2,2,2,2,1,1,2,0,0,2,1,2,1,0,1,1,1,0,2,1,1,2,2,2,2,1,0,0,1,0,1,1,1,2,2,0,1,2,2,2,0,2,0,0,2,2,1,1,2,1,2,1,2,0,2,2,0,0,0,2,2,1,2,1,2,0,0,1,1,0,1,2,0,0,1,1,1,0,0,1,1,1,2,2,0,1,2,0,1,2,2,1,0,0,1,0,0,2,2,2,1,1,0,0,0,2,0,0,1,1,2,2,0,0,0,2,1,1,1,1,0,0,2,1,1,0,2,0,2,2,0,2,0,1,2,1,1,1,0,2,0,2,2,1,2,1,0,0,2,2,0,0,1,2,0,2,2,1,0,1,2,2,2,2,1,2,0,1,0,1,2,0,2,2,0,2,1,2,0,1,0,2,1,1,0,2,1,2,1,1,2,1,0,2,2,0,2,0,2,0,1,2,1,1,0,1,0,1,2,2,2,2,2,1,2,2,2,2,1,2,1,2,0,2,2,2,0,2,1,1,0,0,2,2,1,0,0,0,2,0,1,2,2,1,0,2,0,0,0,1,2,2,0,0,2,1,2,1,2,2,1,1,1,1,0,1,0,1,0,1,2,1,1,1,0,1,0,2,2,1,1,2,1,1,2,2,2,1,2,1,2,0,1,1,1,1,2,0,0,0,0,0,2,0,2,1,1,0,2,2,2,1,2,0,2,0,1,1,0,1,1,0,0,1,2,1,0,1,2,2,0,2,0,1,2,0,2,0,0,1,0,2,0,2,1,1,0,2,0,0,1,0,1,2,2,1,0,0,1,2,1,0,1
plant-55,1,2,2,0,2,0,2,1,0,1,2,1,1,1,0,2,1,2,0,0,1,1,2,0,1,1,0,2,1,2,1,2,2,1,0,2,1,1,0,2,1,2,2,2,2,0,0,2,1,0,2,2,1,2,2,1,0,0,1,2,0,0,2,0,0,0,2,0,2,1,1,0,0,1,0,1,2,1,2,1,0,0,2,0,0,0,1,0,1,1,2,2,0,2,0,0,2,0,1,0,0,0,0,0,1,1,0,1,0,2,2,1,0,1,0,2,0,2,1,1,2,2,0,1,0,2,2,2,2,1,1,0,2,2,1,0,0,2,1,2,0,0,0,0,1,1,0,1,2,2,1,2,0,0,1,1,1,2,1,0,2,0,2,1,2,2,2,0,1,1,0,1,1,0,2,2,0,0,0,1,0,2,1,1,1,1,2,2,2,0,2,1,2,0,1,1,0,0,1,0,2,1,2,0,0,1,0,1,0,0,2,2,2,0,2,0,0,1,2,2,0,0,0,0,0,0,2,2,1,0,0,2,0,0,0,0,2,0,1,2,0,2,2,2,1,0,1,2,1,2,0,0,0,0,0,2,0,2,2,0,2,2,1,0,1,0,1,0,2,0,0,0,2,0,1,0,1,2,2,2,2,1,1,0,0,1,0,2,2,0,0,0,0,0,2,0,1,0,2,2,1,2,0,1,1,1,0,0,0,2,1,2,2,0,0,1,2,1,1,0,2,1,2,2,1,0,2,0,0,2,1,2,1,0,1,0,2,0,1,1,0,1,2,1,1,2,0,2,0,0,1,2,1,0,2,0,2,2,1,1,1,0,0,2,0,2,2,0,0,2,1,0,1,2,1,2,1,0,2,2,2,0,0,2,1,2,0,1,1,0,2,2,0,2,1,1,0,1,1,1,2,0,1,2,0,1,0,1,1,1,2,2,2,1,1,0,1,0,1,0,0,2,1,1,0,0,2,0,2,2,0,1,0,1,2,2,1,1,1,1,1,1,0,1,1,2,0,1,2,1,2,0,2,2,1,0,1,2,0,0,0,2,2,0,2,2,0,1,1,2,1,2,1,1,0,0,0,2,2,2,1,2,0,1,2,1,1,2,2,2,2,2,0,2,0,1,1,0,2,1
plant-56,1,2,0,0,2,0,1,0,2,0,1,1,0,2,1,1,2,0,0,0,1,0,0,1,0,0,1,0,0,0,1,0,1,0,2,0,0,0,0,2,0,2,2,1,0,0,0,1,0,1,0,0,1,2,1,2,1,2,2,0,0,0,1,1,2,1,0,0,2,2,0,1,1,2,2,0,0,0,1,1,0,0,0,0,0,0,2,2,1,2,2,2,0,2,2,1,1,1,2,0,1,0,1,1,0,0,2,1,2,0,1,2,1,0,0,2,1,0,1,0,2,1,1,0,2,2,0,2,2,0,1,2,2,2,1,2,1,0,0,1,0,1,1,1,2,0,0,2,1,1,1,0,2,1,0,0,2,2,0,1,1,2,1,1,2,1,1,1,1,0,2,1,1,2,0,2,0,1,0,2,2,2,2,0,1,1,1,0,0,2,1,2,0,1,2,0,1,1,0,2,2,2,0,0,2,0,1,1,2,1,2,1,0,1,2,0,0,2,2,0,1,0,0,2,1,1,1,1,1,2,2,0,0,1,2,0,1,1,1,2,1,2,1,2,2,0,1,0,0,2,0,1,0,2,2,1,1,2,1,2,2,2,0,0,2,2,0,0,1,1,1,0,2,0,0,2,2,2,1,1,1,1,2,0,2,0,2,2,2,1,1,1,1,1,1,1,2,0,0,1,0,2,0,2,0,1,2,0,1,2,1,0,1,1,1,1,2,0,2,2,2,0,0,2,1,0,0,0,1,1,2,0,2,1,1,0,0,1,0,2,0,1,2,0,0,2,0,1,1,1,1,1,0,2,1,0,0,0,0,1,1,0,1,1,0,1,2,2,0,1,1,0,1,0,1,2,1,0,2,0,2,0,2,0,1,0,1,0,2,2,2,1,2,0,1,2,2,0,0,1,2,1,1,0,1,2,2,2,2,2,0,0,2,0,1,2,1,1,0,1,0,0,0,0,2,1,0,1,0,0,0,2,2,2,1,1,1,1,1,1,0,1,2,0,1,0,0,1,2,1,2,1,1,2,2,2,0,1,0,0,2,1,0,0,0,1,0,2,2,0,2,2,2,0,1,1,2,1,1,1,1,0,0,1,2,0,1,2,1,0,1,2,1,0,2,0,1,1,2,0
plant-57,1,2,1,0,0,1,0,0,2,2,0,1,2,0,2,2,2,2,0,2,2,0,1,0,0,1,2,0,0,1,0,0,2,2,0,0,2,1,2,1,2,1,2,1,2,2,1,0,2,1,2,1,1,0,2,2,0,2,0,2,0,0,2,2,1,2,0,1,1,2,1,1,0,0,2,1,0,1,0,1,1,1,1,1,1,1,2,2,2,0,0,2,1,2,2,1,0,1,1,0,1,2,2,2,0,0,0,2,2,1,1,2,1,1,1,1,0,1,0,1,2,2,0,1,0,0,2,2,2,0,0,1,2,2,0,0,0,1,0,1,2,2,0,1,0,1,0,0,1,0,1,2,0,2,0,2,1,2,0,0,2,1,2,0,1,2,2,1,1,2,0,0,1,2,2,0,2,2,2,1,0,1,1,0,0,2,0,2,1,0,2,2,2,1,1,2,2,1,1,1,1,0,0,2,0,1,1,1,1,0,1,1,0,0,0,2,1,0,1,1,2,1,0,2,2,2,1,0,0,2,2,1,2,0,2,1,2,1,0,2,1,1,1,1,1,2,0,2,2,2,0,1,0,1,2,0,2,0,1,2,2,0,2,1,1,1,1,0,1,0,2,0,2,2,0,1,0,0,2,0,0,1,2,2,1,0,2,2,1,0,1,0,1,2,2,2,0,1,1,1,1,0,0,0,0,2,0,1,0,0,2,1,2,0,2,1,1,0,0,0,2,1,2,0,2,2,2,2,2,0,2,0,0,2,2,1,2,0,0,0,1,2,1,2,0,2,0,2,0,2,2,0,1,0,1,2,0,2,2,1,2,2,1,0,0,1,2,1,1,1,2,2,0,2,1,2,1,0,0,1,2,1,1,2,0,1,1,1,0,1,2,2,1,0,1,1,0,2,2,0,2,0,1,0,0,1,2,2,1,2,1,0,1,2,1,1,2,1,0,2,1,2,0,2,1,0,2,2,2,1,2,2,2,1,1,2,0,2,0,0,2,1,1,1,1,0,0,0,1,0,0,1,2,2,2,0,2,2,1,1,2,0,1,1,1,0,1,0,1,0,0,2,0,0,1,2,2,1,2,0,1,1,2,0,0,2,2,2,2,0,0,0,0,1,0,0,1,0,0,1
plant-58,1,2,0,1,2,2,2,1,0,2,0,1,2,2,0,1,2,0,2,1,2,0,0,1,0,2,1,2,0,1,0,0,1,1,1,2,2,2,0,1,2,1,2,2,2,1,2,1,0,2,1,0,1,2,0,0,0,0,1,1,1,0,1,0,0,1,1,1,1,2,0,2,1,2,0,2,0,2,1,2,1,1,1,1,2,0,0,1,0,1,1,0,1,2,1,2,1,2,0,1,1,1,1,0,0,2,0,0,2,2,1,0,2,2,2,1,1,0,0,2,2,2,1,1,2,2,2,0,0,1,2,0,2,0,2,1,1,1,1,1,1,0,0,2,0,2,1,1,1,2,0,0,2,1,2,2,2,1,1,1,0,1,2,0,2,2,1,1,0,1,1,0,0,0,0,0,1,0,0,1,0,1,2,2,2,1,1,2,0,0,1,1,0,0,1,1,1,2,1,2,1,0,2,1,2,0,0,1,1,1,0,2,2,0,1,1,0,0,1,2,2,1,1,2,2,2,2,0,0,1,0,1,2,1,1,0,2,1,0,2,1,1,2,2,2,0,0,1,0,0,0,2,2,0,2,1,1,1,2,2,0,0,2,1,2,0,1,0,0,1,2,1,2,0,1,2,2,0,1,0,2,1,1,0,1,0,1,0,2,0,2,0,2,2,1,0,2,0,2,2,2,0,1,1,1,0,2,2,1,1,2,2,1,2,1,0,0,0,0,0,1,0,1,2,0,2,0,1,2,1,2,0,2,2,2,1,1,2,0,2,1,2,0,1,1,0,2,2,1,1,0,2,1,2,0,2,1,2,1,0,1,2,0,2,1,1,1,0,0,2,0,2,1,0,0,1,1,2,0,1,2,0,1,1,2,2,1,2,2,2,2,1,1,1,1,0,2,2,2,0,2,1,2,1,0,2,1,0,0,2,2,1,1,0,2,1,1,1,0,0,1,1,0,0,2,1,2,2,1,0,1,1,2,2,1,2,1,2,1,1,1,0,2,0,2,2,1,2,0,0,0,2,2,2,0,2,1,2,1,1,2,1,2,1,2,0,2,0,2,0,2,2,0,1,0,0,2,1,1,0,2,1,2,0,1,0,1,2,2,1,2,2,1,1,1,1,1,2,1,0
plant-59,1,2,1,2,1,1,1,2,2,1,0,0,1,0,2,0,2,0,0,2,0,0,2,1,1,1,1,2,1,0,1,0,2,2,0,0,0,1,0,2,0,0,1,0,2,1,2,1,2,1,2,2,0,1,2,1,1,2,2,2,0,1,0,0,1,0,0,2,0,2,2,2,0,1,2,2,0,0,2,1,2,1,2,1,1,0,0,0,1,2,2,1,1,1,1,2,2,2,2,0,1,1,0,1,2,0,2,0,1,2,1,1,2,0,1,2,2,2,0,1,2,1,2,2,1,0,1,0,1,1,0,0,0,0,0,1,0,2,0,2,1,1,1,2,0,0,1,0,0,2,1,2,0,2,2,0,0,1,0,2,0,1,0,1,1,2,2,0,0,2,1,1,0,2,1,0,1,0,0,1,2,2,1,0,0,1,2,2,0,2,0,0,0,0,1,0,1,0,2,2,1,1,0,1,2,2,2,0,2,2,0,0,2,1,0,2,0,1,0,0,0,2,1,0,0,1,1,2,0,2,2,1,2,2,1,2,0,1,0,2,1,0,1,0,1,1,0,2,0,1,0,0,2,0,1,0,2,2,0,2,2,2,0,0,1,0,1,1,0,0,0,1,1,0,0,1,1,1,2,2,2,1,1,0,2,1,0,2,0,0,0,0,0,2,2,1,2,2,2,1,2,1,2,1,0,0,1,0,1,0,0,1,0,1,0,2,0,0,0,0,1,2,2,2,2,1,0,0,2,0,0,0,2,2,2,2,2,1,0,1,1,2,2,1,1,2,0,0,2,0,1,0,2,1,1,2,0,2,0,1,2,1,1,2,2,0,1,1,2,2,2,1,2,2,0,1,0,0,1,2,1,0,1,2,1,0,2,2,0,0,2,0,2,1,2,2,2,0,1,2,0,0,1,1,1,0,0,1,1,1,0,0,0,1,2,0,1,2,0,0,0,0,2,0,1,2,1,0,1,1,1,2,0,2,0,0,0,0,2,0,2,2,2,0,0,1,0,0,0,0,0,1,0,2,1,2,2,2,2,1,1,2,1,0,1,1,0,1,1,1,0,0,0,0,2,2,0,0,2,0,2,0,0,2,0,0,2,0,1,2,0,0,0,0,0,2,0,0,1,1
plant-60,1,2,0,2,1,1,0,1,2,2,0,2,0,0,0,0,0,2,1,2,1,2,2,0,0,0,2,2,0,0,1,0,2,0,2,0,0,2,2,2,1,1,2,1,2,0,0,1,1,0,0,2,0,1,1,2,2,0,0,1,2,1,0,1,0,0,2,0,1,1,2,0,2,2,2,2,1,0,2,2,1,2,0,1,1,0,0,0,1,2,0,0,1,0,1,1,2,0,1,2,1,0,1,1,0,2,0,2,1,1,1,0,0,0,2,2,1,1,0,2,0,0,0,1,1,0,2,2,1,2,0,1,2,0,0,0,1,1,1,2,2,2,1,2,0,2,0,1,1,2,2,0,1,1,1,1,0,2,2,1,1,1,0,2,0,0,2,1,1,1,0,1,2,2,0,2,0,2,2,1,1,1,1,2,1,1,2,2,1,0,0,2,1,2,1,2,2,1,0,1,0,2,2,2,2,0,1,1,0,1,0,0,2,0,1,0,1,1,2,0,0,2,2,2,1,2,2,0,1,0,0,2,2,1,0,2,2,2,0,1,0,1,0,0,0,0,0,0,0,2,2,0,0,0,1,1,2,0,2,0,2,1,0,0,2,0,0,1,1,2,1,1,0,1,2,0,0,2,0,0,0,2,2,1,2,2,2,2,1,0,0,2,2,1,0,0,1,0,2,1,1,1,0,1,0,1,2,2,1,2,1,1,2,1,1,0,1,0,1,0,1,1,1,0,1,0,2,1,0,2,1,0,2,1,1,1,0,2,0,1,2,2,1,0,0,1,1,2,0,2,1,2,0,0,2,2,2,0,2,0,0,1,0,1,2,2,2,2,2,2,0,2,1,0,1,2,0,0,1,1,1,2,1,1,1,0,2,0,1,0,1,0,2,0,2,1,1,0,2,1,2,1,1,0,2,1,0,1,2,1,1,2,1,0,2,2,1,0,1,0,1,0,1,0,2,2,1,2,0,1,2,2,2,1,1,1,0,0,0,0,1,1,0,1,1,2,1,2,2,2,2,0,1,2,0,2,1,2,2,1,0,1,0,1,1,1,0,2,0,2,1,1,0,1,0,2,0,2,2,1,1,2,2,1,1,1,2,1,0,0,2,0,2,0,1,0,0,1,1,2
plant-61,1,2,2,2,1,0,1,0,0,1,1,0,2,1,2,0,1,0,1,2,1,1,2,2,1,2,2,2,0,0,0,1,1,0,0,1,0,1,1,2,0,2,2,1,1,1,0,0,1,0,0,0,2,1,0,2,1,1,1,1,0,0,1,2,1,0,0,2,0,1,2,2,2,1,1,0,2,1,0,2,1,0,2,1,2,1,2,0,1,0,0,1,1,1,1,0,0,1,1,1,1,2,2,0,0,2,0,2,0,1,2,1,1,0,0,0,2,2,0,1,1,0,1,0,0,0,0,2,0,2,0,1,2,1,1,0,1,1,2,2,0,0,0,1,0,2,0,2,1,0,0,2,1,2,0,0,0,1,2,0,2,1,0,1,1,1,1,2,1,0,2,1,0,1,2,1,0,0,0,0,2,2,2,1,2,2,1,1,2,1,2,0,2,1,0,1,2,2,1,0,2,0,1,1,1,2,0,1,0,2,0,0,1,1,0,1,0,2,2,1,2,2,0,2,0,0,2,0,0,2,2,2,0,2,0,0,0,1,2,1,1,2,2,1,1,2,0,2,2,0,1,1,0,0,2,1,2,2,0,2,2,0,1,1,1,0,1,2,0,2,2,0,2,1,1,2,0,2,2,1,2,1,1,2,2,2,1,2,2,2,1,2,0,0,2,0,0,2,1,1,2,0,1,2,0,2,0,1,1,1,2,0,1,1,0,2,1,2,0,0,0,2,2,0,0,0,1,0,0,2,0,1,1,1,1,2,0,1,1,1,2,1,1,0,2,0,2,0,0,1,1,0,0,0,2,2,1,2,0,2,0,2,1,0,2,2,1,0,2,0,0,1,1,0,0,0,2,0,1,0,0,2,0,2,0,1,0,0,2,0,0,2,2,2,1,1,1,1,1,2,0,1,2,1,2,1,0,1,0,1,1,1,1,0,0,2,0,2,1,1,2,0,1,1,2,0,0,0,2,1,0,1,2,2,1,2,0,1,2,0,2,0,0,1,1,1,1,1,1,1,1,0,0,0,1,1,2,1,0,1,0,1,0,2,1,2,1,1,1,2,1,2,1,2,2,1,0,1,2,1,0,0,2,1,2,0,1,0,2,1,1,2,2,0,0,2,0,0,1,1
plant-62,1,2,1,0,2,1,1,0,2,0,2,0,1,1,0,0,2,1,0,1,2,0,2,2,2,0,1,2,1,1,1,0,1,2,1,0,2,2,2,2,2,1,2,1,1,0,0,0,2,1,0,2,2,1,1,1,1,2,1,1,0,1,1,1,1,1,2,1,1,1,2,0,0,2,2,2,1,2,2,2,1,0,2,2,2,2,2,2,0,1,2,0,0,0,1,2,2,1,0,1,0,2,0,1,2,1,1,1,0,1,1,2,1,1,1,1,0,1,2,0,1,0,2,2,1,2,0,0,2,1,2,0,2,0,0,0,2,2,1,0,0,0,1,0,2,1,1,2,1,0,2,1,0,0,1,2,1,2,2,2,2,1,2,2,2,1,1,2,0,2,0,0,1,2,2,2,2,1,2,0,1,0,1,0,2,1,1,1,0,2,2,0,0,1,2,0,2,2,1,1,0,0,0,1,0,1,2,2,1,0,2,2,1,1,1,0,1,0,0,1,2,0,2,1,2,2,0,1,1,1,0,2,0,0,1,1,2,1,0,1,1,2,1,1,2,0,2,2,0,1,2,1,0,0,2,1,0,0,1,2,2,0,1,0,1,0,1,0,2,1,0,1,0,1,1,1,2,1,0,1,1,2,0,1,0,0,0,1,1,0,1,2,2,1,1,0,0,2,2,1,0,1,1,2,0,2,2,1,2,2,1,1,2,0,1,0,2,0,2,2,1,0,1,0,0,1,2,1,2,0,0,2,2,2,0,1,2,2,0,0,1,2,0,0,2,0,0,1,0,0,0,2,1,0,0,0,1,2,2,1,1,0,2,1,0,2,1,2,2,1,2,0,1,1,2,2,0,2,0,1,1,0,1,0,2,2,0,2,0,0,0,1,2,0,0,2,0,0,1,0,1,1,1,2,0,0,1,1,2,0,2,2,1,2,1,1,0,1,0,1,0,0,0,2,2,0,2,1,2,1,2,0,1,0,1,0,1,2,0,2,2,1,1,2,0,1,0,2,1,1,2,0,2,1,0,2,1,0,2,2,1,0,2,0,1,0,1,0,2,1,2,0,1,2,2,2,0,1,2,1,0,0,0,2,0,1,0,2,2,0,0,1,0,0,1,1,2,1,1,0
plant-63,1,2,2,1,0,1,0,2,2,2,1,0,0,2,1,1,0,0,1,1,2,1,0,1,0,1,0,2,1,2,2,1,1,1,0,1,0,0,0,2,0,1,1,0,0,2,1,2,0,2,2,2,2,2,2,0,0,0,2,2,0,1,2,2,1,0,1,0,1,0,0,1,0,2,0,0,1,1,2,2,1,0,0,1,1,2,2,1,1,0,1,2,2,1,0,1,2,2,0,0,2,0,1,0,2,0,2,1,0,1,1,2,1,1,1,2,1,2,0,1,0,0,1,0,0,1,0,0,1,0,0,0,0,0,2,2,0,2,0,2,0,0,0,2,1,0,2,2,1,2,2,2,1,0,2,1,0,1,1,2,2,1,2,2,1,0,0,1,0,1,2,0,1,2,0,2,2,1,1,2,0,0,1,2,1,1,0,0,1,1,0,1,2,2,1,2,2,0,1,2,2,0,1,1,1,1,2,0,0,1,0,0,0,0,2,2,2,2,0,0,0,2,2,2,0,1,1,2,1,2,2,2,1,1,2,1,2,0,1,1,1,0,1,0,0,1,0,2,2,2,2,1,1,1,2,0,1,2,0,2,0,0,1,2,0,0,1,1,2,0,1,2,2,2,1,0,1,1,0,0,1,1,1,2,1,0,0,2,0,1,2,2,2,1,1,1,0,2,1,2,1,0,0,2,1,0,1,1,1,2,2,1,1,2,2,0,2,1,0,1,0,2,1,0,1,2,1,2,2,1,2,2,1,2,2,2,0,0,0,1,0,1,1,0,1,0,1,2,1,2,0,0,2,0,0,1,1,2,0,2,0,2,2,2,0,0,1,2,2,0,0,2,1,2,1,0,1,2,0,2,0,0,2,1,2,2,1,1,1,1,2,1,2,1,0,2,2,2,2,2,2,2,0,2,2,2,2,0,1,2,1,2,1,0,0,0,2,0,2,0,2,1,2,1,2,2,0,0,2,2,2,2,1,0,1,1,1,0,2,1,0,1,1,1,0,0,1,2,0,0,1,2,0,0,1,2,1,1,2,2,1,2,0,1,1,0,1,0,2,1,1,0,2,1,1,1,2,1,2,1,0,0,1,0,0,2,1,2,1,0,2,1,2,2,2,0,2,2,0,2
plant-64,1,2,1,0,1,2,0,1,2,0,1,2,0,0,2,1,2,0,0,1,1,2,2,1,0,1,1,1,2,1,0,1,0,0,1,0,0,0,0,0,0,0,1,1,2,1,0,0,1,1,1,1,1,1,2,1,2,0,1,2,0,2,2,0,1,0,1,0,0,2,1,1,0,1,0,1,1,1,2,2,1,0,0,1,2,0,1,1,2,0,2,0,2,0,1,1,2,2,0,1,1,0,1,2,1,0,2,1,0,2,0,0,1,0,0,1,1,2,1,1,2,2,1,2,2,2,1,2,2,0,2,2,1,0,1,1,1,1,1,1,1,2,2,0,0,1,1,0,0,2,1,1,0,0,1,0,2,1,0,2,0,1,1,2,1,2,1,0,1,2,0,1,1,0,0,0,2,2,0,1,1,0,0,2,1,2,0,0,0,2,2,1,0,2,1,1,2,2,2,0,2,1,0,0,1,0,0,0,1,1,1,1,2,0,2,1,0,2,1,0,1,0,1,2,2,0,0,2,2,2,1,0,1,0,0,2,2,0,2,1,0,1,0,2,1,0,1,2,0,1,2,0,2,2,0,2,1,1,1,0,0,2,0,0,1,1,0,2,1,0,0,0,0,0,2,1,0,1,2,0,0,2,2,2,1,2,2,0,2,0,1,0,2,0,1,0,2,1,2,1,0,1,0,2,1,1,0,0,1,1,1,2,2,0,1,1,2,2,1,0,0,1,2,2,1,2,2,2,2,1,2,2,0,1,0,1,2,1,2,1,1,2,0,2,0,0,2,1,0,2,1,2,2,1,1,2,2,1,1,0,0,0,0,0,2,0,1,2,0,2,2,2,0,0,0,0,1,0,1,2,2,1,0,0,2,0,0,2,0,1,2,2,2,2,0,0,0,2,0,0,1,1,1,1,1,1,2,2,1,0,0,2,1,0,2,1,1,2,1,0,0,1,1,1,2,2,1,1,1,0,1,2,0,1,2,1,0,0,2,0,0,1,2,2,0,0,2,2,1,2,2,0,2,0,2,0,2,2,0,0,0,2,0,1,1,2,0,1,0,1,2,0,1,2,1,1,0,2,0,1,1,1,1,2,0,2,1,2,2,0,2,0,0,1,1,1,1,1,2,2
plant-65,1,2,2,0,1,2,0,1,1,2,0,2,2,2,1,2,0,0,1,1,1,0,0,1,1,1,0,1,1,0,0,1,2,2,2,2,0,1,2,2,0,0,0,1,2,2,0,1,1,0,1,0,1,0,2,1,2,1,0,1,0,1,1,0,1,0,0,2,1,2,0,1,1,0,0,1,2,2,2,0,1,1,0,0,0,2,0,0,2,0,0,2,2,2,0,1,1,1,1,1,1,0,1,2,0,2,1,2,1,0,1,0,0,0,0,2,1,2,1,2,2,1,1,0,2,0,1,0,0,1,0,0,0,0,2,1,2,2,1,0,1,0,0,0,2,0,1,2,2,0,0,1,1,0,2,0,1,0,0,2,0,2,0,1,2,1,0,1,1,0,1,2,2,0,1,1,1,2,1,0,1,2,1,2,2,2,0,0,1,0,0,1,2,2,2,0,0,2,0,1,2,1,0,1,0,2,2,2,1,1,1,0,1,2,0,1,0,1,0,2,1,1,2,0,0,2,0,0,0,2,0,1,0,0,0,1,0,1,0,0,0,2,0,2,2,2,1,2,1,0,2,1,0,1,0,0,0,2,0,2,0,2,1,0,0,2,0,2,0,1,2,2,0,1,1,0,0,0,1,1,1,2,2,0,1,0,0,0,1,1,0,2,2,2,2,1,2,1,1,0,1,1,2,2,1,1,0,2,1,1,1,0,0,1,0,1,2,0,0,0,0,0,0,1,1,0,1,1,1,2,0,2,2,0,0,2,2,1,1,0,0,2,1,1,2,1,1,0,1,1,1,1,1,0,0,2,0,0,0,2,1,0,0,0,1,1,0,2,2,0,0,0,1,2,1,0,2,0,2,2,0,2,0,1,1,2,1,0,0,2,2,1,0,0,0,2,0,1,1,1,1,1,2,2,0,2,1,0,0,0,0,1,2,2,0,0,2,0,0,0,0,0,2,2,1,2,2,2,2,1,0,0,0,0,2,0,2,2,1,2,1,1,0,0,0,2,2,0,0,1,2,1,2,1,1,1,1,0,1,1,1,1,0,2,2,0,0,0,1,2,1,1,1,2,0,0,0,2,0,0,2,2,1,2,1,0,2,2,1,0,0,0,2,2,0,1,0,0,2,1
plant-66,1,2,2,2,2,1,2,2,0,1,0,1,0,1,1,1,2,0,0,1,0,1,1,2,0,2,2,2,2,1,0,1,2,0,2,1,0,1,0,2,0,2,0,2,2,2,0,2,0,0,0,1,0,0,1,0,2,1,0,1,2,0,0,0,1,0,2,2,0,0,0,1,0,0,2,1,1,2,1,0,2,1,1,0,2,1,2,0,2,1,0,2,1,1,1,0,0,1,0,2,2,2,2,0,2,2,1,1,2,1,0,2,0,0,2,2,0,1,1,2,1,1,2,1,2,2,1,0,0,2,2,1,0,0,2,1,1,2,0,2,0,2,2,1,0,0,1,2,0,2,1,2,0,1,1,0,1,0,0,0,1,1,2,1,0,2,1,2,0,0,2,2,2,0,2,1,1,0,2,0,2,1,2,0,0,1,1,0,2,1,2,0,0,2,2,0,0,1,2,0,0,0,1,2,2,2,0,0,0,2,2,0,2,2,1,0,0,2,2,0,2,2,2,2,0,0,0,1,0,0,1,2,1,0,2,2,2,2,1,1,2,1,2,0,0,0,2,0,1,2,2,2,2,0,2,2,2,1,1,1,1,2,2,2,0,0,2,1,0,2,0,0,2,2,0,0,0,0,2,0,2,2,1,1,2,2,1,1,0,1,0,1,2,1,2,1,2,1,0,2,2,1,2,0,2,1,0,0,2,0,1,1,1,0,1,1,1,2,2,2,0,0,0,1,2,2,2,0,2,1,0,0,1,1,1,2,0,0,0,0,2,2,0,2,2,1,1,1,1,0,1,2,0,2,0,2,1,1,0,0,0,1,1,1,1,1,0,2,1,2,0,2,0,1,2,0,0,0,2,0,1,2,1,2,2,1,1,1,2,1,2,0,0,1,1,0,0,0,1,2,1,1,0,0,2,2,1,1,1,1,2,1,2,0,1,1,1,2,1,0,2,1,1,0,1,2,1,1,2,1,2,1,0,1,0,2,0,1,0,0,1,1,1,0,0,1,0,2,0,0,0,0,2,0,1,1,1,0,2,1,2,2,1,2,2,1,2,1,1,2,2,1,1,1,2,2,1,0,1,2,1,1,2,2,2,1,1,2,1,0,0,2,0,0,0,1,0,2,0,1
plant-67,1,2,0,0,0,0,1,2,1,2,2,2,1,1,0,0,1,2,2,0,1,0,2,0,0,1,0,0,0,1,0,0,1,0,0,1,1,0,2,0,0,2,2,0,1,2,2,1,0,0,1,0,0,0,1,0,1,0,2,2,1,2,1,1,1,2,0,0,0,2,2,1,1,2,2,0,0,2,2,0,2,1,1,1,1,0,2,2,1,0,0,2,1,0,2,1,0,2,0,0,1,0,0,2,0,1,1,2,2,1,0,1,0,1,0,0,2,1,0,1,0,2,2,2,0,0,2,2,1,2,1,1,2,1,0,0,1,0,1,0,2,1,0,1,2,2,0,1,0,0,1,1,1,1,0,2,2,1,0,1,2,0,1,2,1,1,0,0,0,1,0,0,2,0,1,2,2,0,2,0,2,1,0,0,1,0,0,1,1,0,2,0,1,1,1,2,1,0,1,2,2,1,1,1,0,0,0,2,1,0,1,2,2,1,2,1,1,2,0,0,1,0,1,2,2,2,1,1,0,1,1,0,0,2,1,1,0,0,0,2,0,1,1,1,0,0,0,0,0,1,2,0,0,1,1,1,2,0,1,0,1,2,1,2,2,1,1,0,2,0,2,1,0,0,0,2,2,2,1,2,0,2,0,1,0,2,2,0,2,0,1,2,0,2,1,2,1,1,2,0,2,0,2,1,0,0,1,0,0,2,0,2,0,0,0,0,0,1,1,0,0,2,0,1,0,2,0,1,0,2,0,1,1,1,0,0,2,1,1,1,2,1,1,0,2,1,0,2,0,1,2,2,1,2,2,1,1,0,1,2,2,1,0,1,0,1,2,2,2,2,2,0,1,1,1,2,0,0,2,0,1,0,2,1,0,1,0,2,0,1,0,0,0,1,1,2,1,2,1,1,2,2,2,2,2,1,0,1,0,1,0,0,2,0,2,0,2,2,0,2,2,0,1,1,1,0,2,2,0,1,1,1,0,2,0,2,1,0,2,1,0,0,1,1,2,1,0,2,2,0,1,1,1,1,1,2,2,0,0,0,2,2,1,1,1,0,2,2,0,0,1,2,0,1,2,2,1,1,0,1,1,0,1,0,1,1,0,2,0,1,1,2,1,2,0,2,2,0,1,0
plant-68,1,2,0,1,2,2,2,0,1,2,1,1,0,0,1,0,1,2,2,1,0,1,1,1,2,0,2,1,1,1,1,1,0,1,0,1,0,2,1,0,0,1,1,1,2,1,2,2,0,2,1,1,0,0,0,2,2,1,1,1,1,1,0,1,2,0,2,1,0,1,0,0,2,2,2,0,1,2,1,0,1,2,1,1,0,0,2,1,2,0,2,0,1,2,2,0,0,2,1,2,0,2,0,0,0,2,0,0,0,2,0,0,2,1,2,0,1,0,2,0,1,2,2,2,1,0,1,1,1,0,1,0,1,2,2,0,0,2,0,1,1,0,0,2,1,0,2,2,0,2,1,2,1,0,1,0,2,2,2,1,1,2,1,0,2,0,2,1,1,0,0,2,2,2,0,0,1,2,1,2,0,0,1,0,2,0,1,2,0,2,2,0,1,2,1,2,0,0,2,2,2,2,1,0,0,2,0,0,2,2,0,1,0,2,1,1,1,1,0,2,0,0,1,2,0,1,0,2,1,1,2,0,1,1,0,1,1,1,1,2,2,0,2,1,1,1,2,2,0,0,2,0,0,2,2,2,2,0,0,1,0,2,2,0,2,1,1,2,0,1,2,1,1,0,1,1,0,2,1,1,1,0,1,2,1,1,0,2,2,0,0,1,0,1,0,0,2,0,0,1,1,1,1,2,2,0,0,2,1,0,0,1,1,1,0,0,2,2,0,2,2,0,0,1,1,0,1,1,2,1,2,2,0,1,0,1,0,2,0,2,1,1,0,2,2,0,1,1,0,2,2,2,1,1,1,2,1,0,0,0,2,1,2,1,0,0,0,0,0,2,0,2,1,2,2,2,2,1,2,2,0,2,0,2,0,1,1,2,1,0,0,0,2,2,1,2,1,2,1,0,0,1,1,1,1,0,2,2,0,0,1,1,2,2,2,2,2,1,0,0,1,0,2,2,0,1,2,1,0,2,0,0,2,1,2,2,0,2,0,1,1,1,2,0,1,1,0,2,2,1,0,0,0,0,2,2,0,0,2,1,1,2,0,1,1,2,1,1,0,2,0,1,0,1,0,2,0,2,2,0,1,1,1,0,2,2,1,1,2,0,1,1,0,1,2,0,2,1,2,0
plant-69,1,2,0,2,0,0,1,0,2,2,0,2,0,1,2,2,2,2,1,0,0,0,0,1,0,1,2,0,0,0,0,1,0,2,2,0,1,2,1,2,1,1,1,0,0,2,0,1,0,0,0,1,2,2,2,2,0,2,1,2,0,2,1,2,2,0,1,1,1,2,1,1,2,1,2,2,1,0,2,2,2,1,2,0,2,2,2,1,0,0,1,0,1,0,1,1,2,1,2,0,1,0,0,1,0,1,0,1,0,1,1,0,0,0,0,0,2,2,2,0,0,0,2,2,0,2,2,0,1,0,0,2,2,0,0,0,2,1,1,0,1,0,2,0,0,0,2,1,0,2,0,1,0,0,2,0,2,1,1,1,2,2,0,2,2,1,0,0,2,2,2,0,1,1,2,2,0,0,2,2,0,0,2,2,0,0,0,1,1,1,0,2,1,1,2,2,0,2,0,1,1,2,2,1,0,0,1,0,1,2,1,2,2,2,0,1,0,0,2,2,1,2,2,2,2,1,0,0,0,0,2,2,2,1,1,2,1,2,1,2,2,2,2,2,1,2,2,2,0,2,1,2,2,2,0,1,1,0,0,0,2,1,0,0,2,0,1,0,1,1,1,0,0,0,2,1,2,2,0,2,0,1,0,2,0,0,2,1,0,2,1,1,2,2,0,0,2,2,1,1,2,1,1,0,2,1,0,2,1,0,1,1,2,0,2,2,2,0,1,1,1,2,0,0,2,2,1,2,0,1,2,1,2,2,1,1,1,2,0,0,1,0,1,0,0,2,0,1,1,2,0,2,0,2,1,2,1,1,0,1,0,0,1,2,1,0,2,0,1,0,0,0,2,0,1,2,2,2,1,0,1,2,2,2,2,1,2,1,2,0,2,2,0,2,1,1,2,2,2,0,1,2,2,0,0,2,0,2,0,1,1,1,2,2,0,0,0,1,1,1,0,1,1,0,2,1,1,1,0,0,1,2,1,2,2,2,0,2,2,2,0,1,0,1,2,0,1,2,1,2,1,2,1,0,0,2,2,1,1,2,0,2,1,1,1,2,2,0,2,2,1,0,2,1,1,1,2,0,2,0,2,2,0,2,0,0,1,0,1,0,1,2,2,1,0,1,0,1,1,1
plant-70,1,2,0,2,1,1,1,0,1,0,0,0,2,1,0,2,0,0,2,1,0,0,2,0,0,1,0,0,2,0,2,1,2,0,0,0,0,2,2,0,0,0,2,2,0,0,0,0,1,0,1,0,2,1,0,2,0,0,2,1,1,1,1,2,2,1,2,2,0,1,1,1,0,1,0,1,1,1,0,2,1,2,2,1,2,0,0,1,1,1,2,0,2,2,2,0,2,2,1,2,0,1,1,2,0,0,2,0,1,2,1,2,2,1,0,1,2,0,2,0,1,1,1,0,1,1,1,2,2,0,2,0,0,0,0,2,2,2,2,0,0,0,0,0,2,1,2,0,0,0,0,1,1,1,0,1,2,0,1,1,0,1,0,0,1,0,0,0,0,0,0,0,0,0,2,2,1,0,2,0,2,2,1,0,1,0,0,1,1,2,2,1,0,0,0,1,0,1,0,2,2,0,1,2,1,1,1,2,2,0,0,1,2,1,0,2,0,0,1,0,1,1,1,0,1,1,2,1,0,2,1,1,0,0,1,0,2,0,1,2,2,1,2,2,2,0,1,2,1,2,1,2,2,2,2,1,1,1,0,0,0,0,1,0,2,1,2,1,1,1,2,0,1,2,1,0,0,0,0,1,2,2,0,2,1,1,2,0,2,2,1,1,1,2,2,2,2,1,1,1,2,0,0,1,0,0,0,0,1,2,1,2,0,2,1,0,1,1,0,1,0,1,2,0,2,0,2,1,1,2,2,0,0,2,2,1,1,1,0,2,2,0,0,0,1,1,1,2,1,0,1,2,1,0,0,0,1,0,1,2,2,2,0,0,1,0,0,1,0,1,1,1,0,2,2,0,0,2,1,1,0,1,1,2,2,2,1,0,1,1,1,0,0,1,0,1,0,2,1,1,1,2,2,1,0,1,2,1,0,0,0,1,1,1,1,0,0,1,2,2,2,0,2,2,2,0,1,0,2,1,2,2,2,0,0,0,1,1,2,2,0,2,2,0,2,1,0,2,2,0,1,2,1,0,0,1,0,0,0,0,2,2,0,0,1,2,1,1,0,2,2,0,2,1,2,2,0,2,1,2,0,2,0,0,1,2,1,2,2,0,1,1,2,1,1,0,0,0,0,0
plant-71,1,2,1,0,1,1,1,1,2,0,2,1,0,2,2,2,2,0,0,2,1,2,2,1,0,2,2,2,1,2,0,1,1,2,0,0,0,0,1,2,0,0,1,1,2,1,0,0,1,1,2,2,2,0,1,2,0,0,1,2,1,1,0,1,0,0,0,0,0,1,1,0,0,2,0,0,2,0,0,2,2,1,1,1,1,0,1,0,1,1,1,1,0,2,1,2,0,2,2,1,2,2,2,2,0,2,1,0,1,1,1,0,1,1,0,0,2,1,2,1,1,2,1,1,1,0,0,1,1,2,1,1,0,2,2,1,1,0,0,0,0,0,1,0,2,0,2,2,1,1,2,0,0,0,2,1,0,0,0,1,0,2,0,2,1,0,2,2,2,1,0,2,2,2,1,2,1,1,0,0,2,1,0,2,0,1,2,0,2,2,0,0,0,2,1,2,1,1,2,2,2,0,1,1,1,0,1,1,0,0,1,1,2,0,0,0,1,2,0,0,0,1,2,0,0,0,0,2,1,2,2,2,0,1,1,2,0,0,1,0,2,2,2,0,1,0,2,0,0,1,0,0,2,2,0,0,0,0,2,2,1,1,0,0,2,2,1,0,2,0,0,1,2,1,0,1,1,2,1,2,1,2,1,1,2,0,1,0,1,0,0,1,0,1,0,0,2,0,1,2,1,2,1,1,1,1,0,2,0,2,1,1,1,2,0,2,0,2,0,0,0,1,1,0,0,2,2,2,2,2,2,2,2,0,2,0,1,0,1,2,2,0,0,1,2,2,2,0,1,1,1,0,2,1,0,0,1,1,2,0,2,0,2,1,1,1,0,1,0,0,2,0,0,2,2,1,2,1,2,2,0,0,1,2,1,2,2,1,1,0,0,2,1,1,0,0,1,2,0,1,1,2,0,0,1,0,2,2,1,2,1,1,0,1,0,2,2,0,0,2,2,2,0,1,0,1,2,1,2,2,2,0,1,0,1,2,0,2,1,1,2,1,2,1,2,0,2,0,0,2,0,2,2,1,0,2,2,2,1,0,2,1,0,1,1,1,0,0,1,0,0,2,0,0,2,0,0,2,0,0,2,0,2,1,1,1,0,1,2,1,2,2,2,1,1,0,2,2,1,2
plant-72,1,2,1,2,2,2,2,0,1,1,1,1,2,0,1,0,0,2,1,2,1,2,0,0,2,0,0,0,2,0,1,1,2,0,2,2,2,1,1,2,0,1,1,2,1,0,1,1,0,1,2,2,0,1,1,1,1,0,2,1,2,2,2,0,2,2,1,0,2,2,2,2,1,0,2,2,2,1,0,0,0,0,2,0,2,2,2,2,1,1,1,0,2,0,1,0,1,0,1,0,0,2,0,0,0,2,1,2,2,0,0,2,0,0,2,2,2,0,2,0,1,0,0,0,1,2,0,1,0,1,1,1,2,0,1,1,1,1,0,2,1,1,2,1,0,0,0,0,1,0,0,2,1,0,0,1,1,1,1,2,0,1,1,2,1,2,1,1,1,0,1,2,0,1,1,2,1,1,2,1,1,0,2,2,1,2,1,2,0,0,1,1,0,0,1,1,1,2,0,1,1,0,1,1,1,2,0,0,0,1,0,1,2,2,0,2,1,0,2,0,0,1,0,2,0,0,1,2,2,1,0,2,1,1,0,0,1,0,1,0,2,0,2,0,0,1,2,2,1,0,1,1,2,1,0,1,0,1,1,2,1,2,1,2,2,0,1,1,2,1,1,0,1,0,0,0,1,0,0,0,0,0,0,0,1,1,1,2,1,2,0,1,1,0,2,2,2,1,1,2,2,2,1,0,0,0,0,2,2,2,2,1,1,2,0,2,2,1,0,1,1,0,1,1,2,1,0,2,2,2,2,1,0,1,1,2,0,2,1,2,0,2,1,1,1,0,0,1,2,2,1,0,1,0,1,2,1,0,2,2,0,0,1,0,0,1,1,2,0,1,0,1,2,1,0,1,1,2,0,2,2,2,0,1,0,0,1,0,1,1,1,2,0,2,1,2,0,0,2,1,1,0,0,0,1,1,0,1,0,2,0,2,2,1,0,0,2,2,2,0,1,0,0,1,2,0,0,0,1,1,1,0,1,2,2,0,2,0,1,1,2,0,0,0,2,2,0,1,0,2,0,2,1,0,1,2,0,1,1,1,2,0,1,2,1,0,2,2,0,1,0,1,2,0,1,1,0,0,0,0,1,1,1,2,0,1,2,0,2,0,2,0,0,0,1,1,1,2,1,2
plant-73,1,2,1,1,1,1,1,0,1,0,1,0,1,2,2,0,2,2,2,0,1,2,0,2,2,2,2,2,0,1,1,0,0,0,1,0,2,1,1,1,2,1,1,2,2,1,1,1,2,2,2,0,1,1,2,1,0,2,1,1,2,0,1,1,2,1,0,2,1,0,1,2,1,1,1,2,2,0,2,1,0,0,2,0,1,2,0,2,0,2,2,2,0,1,0,2,1,2,1,2,0,2,1,1,1,1,0,1,0,1,2,0,0,2,2,2,1,1,2,0,1,2,1,2,0,1,0,2,0,1,2,2,1,2,0,0,2,1,0,0,1,2,1,0,1,0,1,2,1,1,0,0,2,2,1,2,0,2,2,2,0,1,1,2,0,0,2,0,1,0,1,2,0,0,2,1,1,1,2,1,0,0,2,0,2,0,0,1,1,1,0,0,0,2,2,0,1,0,0,0,1,0,0,0,2,1,1,2,1,1,0,1,2,1,2,1,2,1,2,1,2,0,0,0,1,2,2,0,2,2,2,2,0,0,1,1,0,2,0,1,1,2,1,2,0,2,2,0,0,0,0,0,0,0,1,2,0,2,1,1,0,1,0,2,0,2,1,0,2,2,2,1,2,2,0,1,1,2,2,1,2,1,2,2,1,0,1,1,2,1,2,0,2,0,1,0,1,1,2,1,0,2,0,0,2,0,2,0,1,2,1,1,0,0,2,0,1,0,2,1,0,0,0,0,1,2,0,1,0,1,1,2,0,2,1,2,2,2,2,1,1,2,0,1,0,2,2,1,1,1,2,0,2,0,2,2,0,1,1,1,0,2,2,2,2,0,1,0,0,2,0,1,1,1,1,2,1,0,0,1,2,1,2,0,0,2,0,2,1,2,1,0,0,1,0,2,0,1,2,2,2,2,0,1,1,0,1,1,1,2,0,1,0,2,0,0,2,2,1,2,1,1,2,2,0,2,2,0,1,0,2,0,0,0,2,2,1,0,2,1,0,2,0,0,2,0,0,0,0,0,1,1,2,1,2,0,0,2,1,2,0,1,1,2,2,2,2,2,1,1,2,2,2,1,0,2,0,2,1,0,2,1,1,2,1,1,0,0,0,1,1,0,2,2,0,2,2,1,2,2
plant-74,1,2,2,1,0,1,0,0,0,0,2,0,2,2,1,2,1,2,0,0,2,2,2,2,1,2,0,1,0,2,1,2,2,2,1,0,0,0,2,2,2,1,0,2,0,0,1,1,2,1,2,1,2,1,1,0,1,2,1,0,2,2,0,1,2,1,2,1,0,0,0,0,2,0,1,1,2,0,0,1,1,2,0,0,0,1,2,2,2,2,0,1,2,0,1,1,0,2,1,2,1,2,0,0,2,1,2,1,0,0,1,0,1,0,1,2,0,1,2,0,1,2,2,2,0,0,2,1,2,0,1,2,1,2,1,2,1,0,2,1,1,2,0,2,2,2,0,1,0,1,1,1,0,0,2,1,0,2,1,1,1,1,1,2,0,0,2,2,2,0,0,1,0,2,2,1,2,0,1,1,2,1,2,2,2,1,0,1,1,1,1,2,0,1,0,2,2,1,0,1,2,1,1,2,1,0,1,0,0,0,1,0,1,1,2,0,2,0,2,0,1,0,1,1,1,0,2,1,0,1,2,1,0,2,0,1,0,1,0,2,1,1,1,2,1,0,0,0,1,1,2,0,2,2,0,1,1,2,0,1,1,2,1,0,2,0,1,1,0,2,1,1,1,0,2,1,0,2,1,2,0,2,0,1,0,1,2,1,0,2,0,0,1,1,2,1,2,2,0,2,0,2,0,0,2,1,1,1,0,2,1,0,0,0,0,1,1,2,0,2,1,1,0,0,0,2,2,1,0,0,0,0,2,2,2,1,1,1,0,0,0,0,2,0,2,0,2,2,0,2,1,2,2,2,0,1,2,1,1,0,0,2,0,0,2,0,1,1,2,0,1,1,1,2,1,1,0,1,0,2,0,0,2,0,1,1,1,0,2,0,1,2,0,0,0,2,0,0,2,0,0,2,1,2,2,1,1,1,1,0,0,1,0,1,1,0,2,2,0,0,0,2,0,2,0,2,2,1,0,0,0,0,2,2,0,1,0,0,2,1,1,2,1,1,0,2,0,2,1,2,2,0,0,1,1,2,2,0,1,2,0,0,1,1,2,0,1,0,1,2,2,2,1,0,1,1,2,2,0,2,2,2,1,1,0,1,0,0,0,2,0,0,0,0,2,0,2,2,0,2
plant-75,1,2,2,2,2,2,0,1,1,2,2,1,2,0,2,0,1,0,1,0,1,2,2,1,0,2,1,2,2,1,0,1,2,2,0,1,1,2,2,2,0,2,1,2,0,1,2,2,0,0,1,0,1,2,2,1,1,2,2,2,1,1,0,2,1,1,2,1,0,2,2,0,0,1,1,0,1,1,1,1,2,2,1,2,0,2,2,1,2,1,0,0,1,2,0,1,0,0,1,1,0,1,2,0,1,0,0,1,0,0,1,0,2,0,2,0,1,2,0,2,2,1,1,1,2,2,1,0,2,1,0,0,2,2,2,1,2,1,2,0,1,2,0,2,2,0,0,2,2,2,1,1,1,2,0,1,2,2,0,0,0,0,0,1,2,2,0,0,1,2,2,0,2,0,1,2,2,2,2,1,2,0,2,2,0,0,0,2,2,1,1,0,1,2,2,2,1,0,1,2,0,0,0,0,0,2,2,0,2,2,1,2,2,2,1,0,1,1,1,0,1,1,0,2,0,1,2,2,0,2,2,2,0,0,2,2,0,1,1,1,0,0,1,2,1,1,2,0,0,2,0,0,0,2,2,0,1,0,0,2,2,0,2,2,1,0,2,0,0,0,0,1,0,2,0,1,2,2,2,0,1,1,0,1,2,1,2,0,1,0,0,0,0,1,2,2,2,0,1,2,2,1,1,0,1,2,1,1,1,1,2,2,2,1,1,0,1,2,1,2,1,2,0,0,1,1,2,0,2,1,2,1,2,0,0,1,2,1,0,2,0,2,2,2,2,2,0,0,2,1,1,0,0,2,0,2,2,1,0,0,1,0,1,0,2,1,2,0,0,2,1,1,1,1,2,1,0,2,0,1,2,0,2,2,2,2,0,0,0,2,2,1,2,1,2,2,0,0,1,0,1,1,2,0,1,0,2,0,1,0,1,2,1,1,1,1,1,2,1,1,1,1,1,2,1,2,0,0,2,0,2,1,1,1,1,1,0,0,0,1,1,0,2,0,1,1,1,1,1,2,1,1,0,0,1,1,0,0,0,0,1,1,0,1,2,2,2,1,2,0,1,2,2,1,2,1,2,1,1,1,2,2,0,2,1,1,2,1,2,2,2,1,1,1,0,1,0,1,0,2
plant-76,1,2,1,0,0,0,2,2,2,1,2,0,2,0,0,0,2,0,0,0,0,0,0,1,2,1,2,0,0,0,1,1,0,0,2,0,0,2,2,0,2,1,0,2,1,0,0,0,2,1,2,0,1,2,0,1,0,0,0,1,1,2,0,0,2,2,2,0,2,0,0,0,0,1,0,1,1,2,0,1,1,1,2,1,1,0,1,1,1,0,2,1,0,2,2,1,0,1,1,2,2,1,2,0,1,0,0,0,2,2,1,1,2,0,0,2,0,2,0,1,1,0,0,0,2,1,1,2,1,0,0,2,1,2,2,2,1,1,1,2,1,0,1,2,0,1,1,0,0,0,2,0,1,2,0,0,2,2,1,2,1,0,1,0,0,0,0,0,0,0,0,1,2,1,2,0,1,1,1,0,0,1,2,0,2,1,1,2,1,0,1,1,2,0,0,0,1,1,1,0,1,1,0,0,1,2,1,1,1,1,2,2,2,1,0,2,2,1,0,0,0,2,2,1,0,2,2,2,1,0,2,0,0,0,1,0,0,1,2,2,2,1,2,0,2,1,1,2,2,2,0,1,0,1,0,1,2,0,0,1,0,1,2,0,2,0,1,1,0,2,0,0,1,1,1,2,1,1,0,0,1,2,2,2,0,1,2,2,0,1,1,0,0,2,2,0,1,2,0,1,1,1,2,0,1,2,2,1,0,0,2,0,1,0,2,1,2,2,2,2,0,1,1,2,2,1,1,0,1,1,0,2,0,0,1,2,0,1,0,1,0,2,1,0,1,2,2,2,1,0,1,2,1,0,1,2,0,2,1,2,0,1,0,1,2,1,2,0,1,1,1,1,0,2,2,1,2,2,1,0,1,2,0,2,1,1,2,2,1,2,1,2,0,0,2,1,1,0,2,2,0,0,2,2,2,1,0,0,2,0,2,2,2,0,1,2,0,0,1,0,1,2,1,2,0,0,2,0,1,1,0,0,2,1,1,0,1,1,0,0,1,2,0,2,0,2,0,1,1,1,2,0,1,1,2,0,0,0,0,2,0,0,1,1,2,0,0,2,1,1,2,0,0,0,2,0,1,0,1,2,0,1,0,2,2,1,2,1,0,1,2,1,1,2,2,2,0,0,0,2
plant-77,1,2,2,1,0,2,2,1,2,0,1,0,2,2,2,1,1,2,2,0,0,0,0,2,1,0,2,1,1,1,2,1,2,0,2,2,0,1,0,2,0,1,2,1,2,1,1,1,1,0,2,0,0,1,2,0,0,2,1,1,1,2,2,1,0,1,2,1,1,2,2,2,1,2,0,2,1,2,0,1,1,2,2,0,0,0,1,0,0,0,2,2,2,0,2,2,1,2,2,0,2,2,2,2,0,2,0,0,2,2,1,1,0,2,1,2,0,1,1,1,2,2,1,0,1,2,2,0,1,1,0,2,1,2,2,0,1,2,1,2,2,0,2,0,0,1,1,2,2,1,1,0,2,0,1,1,0,1,0,0,0,2,0,1,0,2,1,1,1,2,0,2,0,2,1,2,0,1,2,0,1,2,0,1,1,0,0,0,2,2,0,1,0,2,1,0,2,1,1,2,1,0,0,2,1,2,0,2,0,2,0,2,1,2,2,2,2,1,1,1,0,1,0,0,0,2,2,2,0,2,2,0,2,0,1,0,2,0,0,2,0,2,1,0,1,0,2,0,1,1,2,1,1,1,2,2,1,0,1,0,1,2,0,0,1,2,2,0,2,1,1,1,2,2,1,1,0,1,2,0,0,0,2,2,2,1,1,1,2,1,1,2,1,0,0,2,2,0,2,2,2,1,0,1,0,0,1,0,1,1,0,1,2,0,0,1,0,1,2,2,1,2,2,0,2,2,0,2,0,2,1,2,0,2,0,0,0,2,0,2,2,0,0,1,1,2,2,1,2,1,1,0,1,1,0,2,1,2,2,2,1,0,2,0,2,0,2,1,1,2,1,0,1,2,2,0,0,2,2,2,0,2,2,0,2,1,0,1,1,1,2,1,0,2,2,2,0,0,1,1,2,0,1,1,0,1,2,0,1,1,2,1,1,2,1,1,1,0,0,0,1,2,2,0,1,2,1,0,2,0,1,1,2,0,0,1,0,0,1,0,1,2,0,1,2,2,0,0,1,1,0,0,2,1,2,0,1,2,0,0,2,2,1,0,2,0,2,1,2,0,1,0,2,1,0,0,0,0,0,0,1,2,1,1,0,2,1,0,1,0,2,0,1,2,2,1,1,1,2,1
plant-78,1,2,1,1,1,1,1,2,2,2,1,0,2,0,0,2,1,2,1,2,1,1,2,2,1,1,2,0,2,0,2,2,0,2,1,1,1,1,2,1,2,1,1,0,0,0,0,2,2,1,2,0,1,0,0,2,0,0,0,0,1,1,0,1,0,0,2,2,0,1,0,0,2,2,2,2,1,1,2,0,0,2,1,2,1,2,0,0,1,0,1,2,2,0,2,2,2,0,1,2,0,0,2,1,0,1,2,1,2,1,0,0,0,2,2,0,0,1,1,1,1,0,2,0,1,0,1,0,1,0,1,1,2,2,2,1,2,0,2,0,0,1,1,1,0,2,0,2,0,0,2,1,2,1,0,0,1,0,2,2,2,1,1,0,1,0,2,2,0,2,0,2,2,1,2,1,2,1,1,1,0,1,1,0,2,2,2,1,2,0,0,1,2,2,0,0,1,1,1,2,1,0,2,2,2,0,0,0,1,2,2,1,0,1,1,1,2,1,1,0,1,0,0,2,1,2,1,1,0,0,1,1,2,0,0,1,2,2,1,0,2,2,1,0,2,2,0,2,2,0,1,2,2,2,2,2,1,1,2,0,2,1,2,0,0,2,2,0,1,2,0,0,1,1,1,0,2,0,1,0,2,2,0,0,1,2,0,1,0,0,2,0,0,0,1,1,2,2,0,0,2,1,2,0,1,1,0,2,1,1,0,1,2,0,2,2,2,2,0,0,2,2,2,1,0,1,1,2,0,1,2,2,2,1,2,1,1,2,2,2,0,1,2,1,1,1,0,2,1,2,2,2,2,0,2,2,2,2,0,2,1,2,0,1,2,0,2,1,0,1,2,1,2,0,2,0,1,1,2,0,1,2,2,1,1,2,2,0,0,2,1,2,0,1,2,0,1,1,2,1,1,1,0,1,2,2,0,0,1,1,1,1,0,0,0,1,1,1,2,2,0,2,0,2,2,2,1,1,1,0,2,1,1,0,2,2,1,2,0,2,1,0,2,0,0,0,1,2,2,0,2,1,1,2,2,1,1,2,0,1,2,0,2,2,0,0,1,0,2,2,2,0,1,1,1,2,0,0,2,0,0,1,2,2,0,1,2,0,2,2,2,2,1,1,1,1,0,1,1,2
plant-79,1,2,1,2,1,1,1,1,0,2,0,2,2,1,1,1,2,0,1,0,0,0,2,0,2,0,0,0,0,0,0,0,2,2,1,0,0,1,0,2,0,1,1,2,2,0,2,0,2,1,0,2,0,0,2,1,2,1,1,1,2,1,1,0,0,2,1,2,2,2,2,0,2,1,1,2,2,2,0,0,2,1,1,1,1,0,2,2,0,1,0,0,0,1,0,1,0,0,2,2,2,0,1,1,2,0,2,0,0,1,1,0,1,1,2,0,2,2,0,0,1,1,2,0,1,2,0,2,2,0,2,2,1,1,2,2,0,2,1,1,0,2,2,2,2,2,2,1,1,0,0,1,1,1,2,2,1,1,1,1,2,2,0,2,0,0,0,2,1,1,0,1,0,1,1,0,2,0,1,0,0,2,0,0,0,2,1,0,1,0,2,1,1,2,2,1,0,2,1,1,1,2,0,0,0,2,2,1,0,2,0,1,1,2,2,2,0,0,1,0,2,0,2,0,0,2,0,0,2,2,2,2,0,2,1,1,0,0,1,0,2,0,0,2,1,1,2,2,2,1,1,1,0,1,1,2,2,0,1,2,0,0,1,1,0,1,1,2,1,2,2,1,0,0,1,1,2,1,2,2,2,2,1,0,2,0,0,1,1,1,1,1,2,0,1,2,1,1,2,2,1,0,1,1,1,1,1,2,1,2,1,0,0,2,2,1,2,0,0,2,0,1,1,1,2,2,0,2,2,0,2,0,0,1,2,0,0,0,1,0,2,0,1,0,2,2,2,0,0,1,0,0,1,0,2,1,2,1,2,2,0,1,1,2,1,2,0,1,0,1,1,1,2,2,0,2,1,1,1,1,2,0,0,1,1,2,1,2,0,1,2,2,0,2,2,0,1,1,0,2,0,0,1,1,0,2,2,2,0,1,2,1,2,0,2,2,1,1,2,2,0,2,2,1,2,0,1,0,1,1,2,1,1,1,1,2,2,2,2,0,0,1,1,0,1,0,1,0,1,1,2,2,0,2,0,0,2,1,1,0,2,1,0,1,1,1,1,0,2,2,1,2,1,0,0,1,0,0,1,1,2,1,0,2,2,0,0,1,2,0,0,2,2,2,1,1,1,2,1,0
plant-80,1,2,1,1,2,1,1,1,0,0,0,1,0,2,0,1,1,0,0,0,1,0,0,2,2,1,0,0,2,0,2,2,1,0,1,1,1,1,1,2,2,1,1,2,2,2,2,0,2,2,2,0,2,1,2,2,0,2,0,1,2,2,1,2,1,1,2,2,0,1,2,1,2,0,2,2,0,1,2,1,1,1,0,1,1,0,0,1,2,2,2,2,0,2,0,1,0,0,0,2,0,0,2,0,0,0,2,0,1,1,2,1,2,1,0,2,1,2,1,0,1,0,1,1,1,2,1,0,2,2,2,0,2,2,0,1,2,2,2,1,2,1,2,2,1,2,2,0,1,0,1,2,2,2,1,1,2,0,0,0,2,1,1,1,0,0,0,2,2,2,1,1,1,2,2,1,0,1,0,1,2,0,1,0,1,2,0,2,1,0,1,2,1,1,1,0,1,2,1,0,0,0,1,1,0,0,2,2,0,2,1,1,1,2,0,2,0,0,2,1,2,2,0,2,0,0,1,2,2,2,2,1,1,1,2,1,2,1,0,0,0,1,2,0,2,1,0,1,2,1,2,2,1,2,0,2,2,0,1,0,0,2,1,2,1,1,0,1,1,1,1,1,2,0,0,2,0,0,0,0,1,2,0,0,1,2,2,2,0,1,2,0,2,0,0,1,2,1,0,0,0,0,0,1,2,1,1,1,0,1,2,2,2,2,2,0,0,1,1,2,2,0,1,1,2,0,2,1,1,2,1,0,2,2,0,2,2,2,2,1,0,0,1,0,1,0,2,2,0,1,2,2,2,0,2,1,1,1,2,1,1,1,1,0,1,2,2,1,1,1,1,1,1,0,0,1,0,1,1,1,0,0,1,1,1,0,2,1,0,0,1,0,2,2,1,0,2,1,1,0,1,1,0,0,2,2,0,2,1,1,1,1,2,1,2,0,0,2,1,2,0,0,0,0,2,2,1,1,1,1,0,1,1,2,1,2,1,2,0,1,1,1,0,2,2,1,0,1,2,1,2,0,0,0,0,2,1,2,2,2,2,2,2,2,2,1,1,1,2,1,1,2,1,1,2,2,0,2,0,2,2,0,0,0,1,1,2,2,2,1,2,2,1,2,1,1,1,1,1,1
plant-81,1,2,2,2,2,2,1,1,2,2,2,1,2,0,2,1,2,2,1,0,0,2,0,2,2,1,0,2,1,0,2,1,2,0,2,2,1,2,2,1,2,2,2,0,1,2,0,1,0,0,1,2,2,2,0,1,0,2,0,0,1,2,1,2,0,2,0,2,0,0,2,2,2,2,1,0,1,0,2,0,2,2,2,1,0,0,0,2,0,2,0,0,0,1,1,1,0,2,1,1,1,0,2,1,0,1,2,2,1,2,2,2,1,0,2,2,1,1,0,2,2,2,1,1,2,0,0,0,2,0,0,0,2,1,2,2,2,0,1,0,0,2,2,2,1,0,0,2,0,1,1,2,0,2,0,2,2,0,0,2,2,1,1,1,0,1,0,2,1,1,2,0,2,2,2,1,2,1,0,0,2,2,1,1,0,0,2,0,1,1,2,2,0,1,0,0,1,2,1,1,1,0,2,0,1,2,2,2,2,0,0,2,1,2,1,0,0,2,0,0,2,2,1,0,0,0,0,0,2,2,0,2,0,0,2,0,2,0,1,1,0,0,2,0,2,2,2,2,1,0,1,2,0,2,2,2,0,0,2,1,2,2,2,1,1,1,0,1,2,2,1,1,1,0,2,1,1,2,0,2,0,2,0,1,1,2,0,2,0,0,0,0,2,2,0,0,2,1,2,1,2,2,2,1,1,2,0,1,2,2,2,0,0,2,2,0,1,1,0,1,2,0,1,0,1,1,2,2,2,1,2,0,2,1,0,2,0,0,1,0,1,1,1,0,2,1,2,0,0,1,0,0,2,2,0,1,1,0,2,2,2,1,0,2,2,1,2,0,0,1,2,1,1,1,0,1,0,0,0,2,0,1,2,1,1,0,0,0,2,2,0,2,0,0,0,0,1,1,1,0,2,2,2,2,1,1,2,1,0,0,2,1,2,2,1,0,0,1,0,2,1,2,0,2,0,1,2,1,1,2,2,1,0,0,0,2,2,2,1,1,2,2,2,1,1,2,1,2,2,1,2,2,0,1,2,2,2,1,0,2,0,1,1,1,2,0,0,2,1,1,0,1,2,1,1,1,2,2,1,1,1,1,1,2,1,2,0,0,1,0,2,1,1,2,2,0,2,1,2,1
plant-82,1,2,0,0,0,1,0,1,0,1,2,1,2,0,1,0,0,2,1,1,0,0,2,2,2,0,2,1,2,0,1,1,0,0,1,0,2,1,0,1,0,1,1,0,1,1,0,0,0,0,0,1,2,2,2,0,2,2,0,2,2,2,1,1,2,0,0,1,1,0,2,1,1,0,1,1,1,1,2,2,2,2,1,0,2,2,1,0,1,2,1,1,2,1,2,2,2,0,0,1,1,1,2,2,2,0,0,2,2,2,0,1,0,2,2,1,2,0,0,1,1,1,2,0,0,1,2,0,2,1,0,2,0,0,2,1,2,1,2,0,2,2,0,2,0,1,0,0,1,1,1,0,0,0,1,0,2,0,2,1,2,2,2,0,0,1,1,2,0,0,2,1,1,2,1,0,0,1,1,0,2,2,2,1,0,0,0,2,1,0,0,0,2,0,2,0,1,0,1,1,1,0,2,2,0,1,1,2,0,0,2,1,1,0,2,2,1,2,0,0,1,0,1,2,2,1,2,2,2,2,0,2,1,1,0,1,2,0,2,2,2,2,1,0,0,0,0,2,0,2,0,0,0,2,2,2,1,1,2,0,2,1,1,2,1,1,0,1,2,0,1,0,0,0,2,1,0,2,2,0,2,2,1,1,2,1,1,1,0,0,2,1,2,2,2,0,1,2,2,1,1,2,2,1,1,2,0,1,1,1,0,2,0,0,0,0,0,0,0,0,2,0,0,0,2,0,1,0,2,2,2,2,2,2,0,0,2,1,0,0,0,0,0,2,2,0,0,1,0,2,2,2,1,0,1,1,0,0,2,0,2,0,2,2,1,1,0,0,2,1,2,2,2,1,2,0,0,2,2,1,2,0,1,1,1,1,2,2,0,1,1,1,2,0,0,0,1,0,2,2,2,2,2,2,1,2,2,1,1,1,0,0,1,1,2,2,2,0,1,0,1,2,2,1,2,2,2,2,2,1,0,2,2,2,1,2,2,0,0,0,2,1,0,0,2,2,2,0,2,2,0,2,0,1,2,0,0,1,1,2,0,1,2,2,0,0,0,1,1,1,2,1,0,2,2,0,2,2,1,1,1,0,1,0,2,2,1,2,0,2,1,2,2,0,0,2,1,2,1,1
plant-83,1,2,1,0,0,1,1,0,1,1,0,0,0,2,2,0,0,0,1,0,2,0,2,0,2,2,2,0,0,0,2,2,0,1,1,2,2,0,1,2,2,1,2,0,1,1,0,2,2,1,1,1,2,1,0,1,1,1,1,1,0,2,1,0,0,1,2,1,0,2,1,1,0,1,1,0,2,2,1,1,0,2,1,0,1,1,0,0,0,1,1,0,2,1,0,0,0,2,2,1,1,0,0,2,2,1,0,1,0,0,1,1,1,0,2,2,1,2,1,1,1,2,1,0,1,1,2,1,2,2,0,1,0,1,0,2,0,0,1,0,1,0,2,0,1,2,2,1,0,2,1,1,1,2,2,2,0,2,2,0,0,1,0,1,0,2,2,1,1,1,1,0,1,2,2,0,2,0,2,0,0,1,2,1,1,2,2,0,2,2,1,1,0,2,0,2,2,2,2,1,0,1,1,2,2,1,0,0,1,1,0,2,2,2,0,0,1,2,1,1,2,2,2,1,2,0,2,2,2,1,2,2,0,2,2,2,0,0,2,0,2,2,0,2,0,2,1,0,0,2,1,1,2,0,0,1,1,2,2,1,1,1,1,2,1,2,0,2,1,2,0,2,1,2,1,2,2,2,0,1,0,2,0,0,1,1,1,0,2,1,2,2,2,1,0,0,0,1,1,1,1,0,1,2,0,1,0,0,0,1,2,2,1,0,0,1,0,1,0,1,1,1,0,1,0,2,2,0,2,1,2,1,1,0,0,2,1,0,1,2,1,0,0,0,1,2,0,1,2,1,0,0,1,1,2,0,0,0,0,1,2,2,0,0,0,2,0,0,0,1,0,0,2,1,2,2,2,0,1,0,1,1,0,2,1,0,1,1,2,1,0,1,1,2,2,1,0,1,1,0,0,1,2,2,1,1,2,2,0,0,2,1,1,1,2,1,1,2,2,0,2,2,0,1,0,2,2,1,1,1,2,2,0,1,2,2,2,1,1,1,2,1,1,0,0,1,1,0,0,2,2,1,1,0,0,1,1,0,2,0,0,1,1,2,2,1,0,0,0,1,1,1,1,0,1,1,2,1,0,0,0,2,0,1,0,0,1,2,1,2,2,2,1,1,1,2,1,2,0,1
plant-84,1,2,2,2,2,1,0,2,1,0,0,1,2,1,2,2,0,1,1,1,1,0,2,0,1,2,1,2,0,1,0,2,0,1,1,2,1,0,2,2,1,2,1,0,1,2,1,2,2,2,0,1,2,2,2,0,1,2,2,2,2,2,1,1,0,1,2,0,2,1,0,2,2,2,2,0,1,2,2,0,2,2,0,2,1,2,0,0,0,1,0,2,0,1,0,2,1,0,1,0,0,2,1,0,0,0,0,0,0,0,1,0,1,1,0,2,2,2,2,2,2,1,2,1,1,2,2,2,2,0,0,1,2,1,2,0,2,2,0,1,0,2,2,2,2,2,0,2,0,0,0,0,1,1,1,2,2,0,0,2,1,0,0,1,2,1,1,1,0,2,0,2,2,1,0,2,1,1,2,2,2,0,0,0,0,2,2,2,2,0,2,0,1,1,1,1,0,0,0,1,1,2,1,2,0,1,1,2,0,1,0,2,2,1,1,2,2,2,1,2,0,0,1,2,0,2,1,1,0,0,1,2,1,2,0,1,2,2,2,1,2,1,0,0,0,1,2,2,1,0,2,1,0,0,0,1,0,0,2,2,0,2,1,1,1,0,2,2,1,0,2,0,1,0,1,1,0,0,0,2,1,2,2,2,0,2,1,1,1,0,1,1,0,2,2,1,1,1,1,0,2,2,1,2,2,0,0,1,0,0,1,2,0,0,2,0,2,1,2,0,2,2,0,0,2,0,1,2,0,0,0,0,2,2,2,1,2,2,1,2,2,0,1,1,0,2,0,2,2,2,1,2,0,1,0,1,1,2,2,1,1,1,2,0,2,1,0,1,2,0,2,0,2,2,0,1,0,0,1,1,1,2,0,1,2,0,0,1,2,2,2,2,0,1,0,0,0,2,1,1,1,2,2,2,0,0,0,2,2,2,1,1,0,2,1,2,1,2,2,1,2,0,2,1,0,1,1,0,2,0,2,2,2,2,1,2,2,0,0,1,0,2,0,1,2,2,0,2,2,0,1,2,2,1,2,0,2,1,1,2,2,1,1,0,1,2,0,2,1,0,1,1,0,2,1,1,1,0,2,0,0,2,1,0,2,0,1,2,1,1,2,1,1,1,0,2,0,1,0,1
plant-85,1,2,1,2,0,0,2,0,2,2,1,1,2,1,0,0,1,1,2,1,2,0,1,0,0,1,2,2,1,0,0,0,0,1,0,1,0,2,2,2,2,1,1,1,1,0,0,2,0,2,1,2,1,1,2,0,1,1,0,2,2,1,1,0,0,0,0,0,1,0,0,1,1,1,0,2,0,1,0,0,2,1,1,2,0,0,0,2,2,0,2,1,2,0,1,1,0,0,1,1,1,0,1,1,1,2,0,0,2,1,2,2,2,1,2,0,0,1,0,0,2,1,1,2,2,1,2,1,1,0,2,0,0,2,0,0,1,2,1,1,2,2,2,1,2,2,2,0,0,0,2,0,2,1,0,1,2,0,0,0,1,1,2,0,2,1,1,2,2,1,0,1,1,2,0,0,2,1,0,2,2,2,0,2,1,0,1,0,0,0,2,1,1,1,1,1,1,1,1,0,0,1,1,1,0,2,2,1,2,2,0,2,2,1,1,1,0,1,1,2,1,0,1,0,0,2,0,0,2,2,0,2,0,2,2,2,0,1,0,1,1,0,2,0,1,2,0,2,2,1,0,2,0,1,0,1,1,2,2,0,1,2,1,1,2,2,0,1,0,0,0,2,0,0,2,2,2,2,1,1,1,0,1,2,2,0,1,1,2,2,1,1,0,0,0,1,2,1,1,0,1,0,0,2,0,2,2,2,0,2,2,1,2,2,2,1,2,1,0,1,2,2,2,1,2,1,0,1,0,2,0,1,0,1,1,2,1,1,0,0,0,2,2,1,1,2,1,2,0,0,2,0,2,2,2,2,1,2,2,1,1,1,0,0,2,2,2,1,0,0,2,1,1,0,2,2,2,2,0,2,1,0,2,0,1,2,1,2,1,0,1,0,0,0,1,0,1,2,2,2,1,0,0,0,2,1,1,0,2,2,1,0,2,1,1,1,0,0,2,2,2,2,1,0,2,1,2,2,2,0,2,1,0,0,0,2,0,1,0,0,1,2,0,0,0,0,0,1,0,0,0,0,2,2,0,1,2,2,0,2,2,1,2,0,1,1,2,0,2,1,1,2,0,2,0,1,2,1,2,0,0,2,1,1,0,0,0,0,0,1,0,2,1,2,2,0,2,0,2,0
plant-86,1,2,1,0,2,1,1,0,1,2,0,0,2,1,1,2,2,0,0,2,0,2,0,2,0,1,1,1,2,1,0,0,0,1,2,1,2,1,0,2,2,0,1,2,1,2,1,0,2,0,1,2,2,1,0,2,1,2,0,0,2,0,2,0,0,2,0,0,0,2,0,2,0,0,0,1,1,1,2,0,0,1,2,2,1,2,0,0,1,0,1,2,1,0,2,0,1,1,0,1,1,1,2,1,0,0,1,0,1,1,1,0,2,1,2,0,0,1,2,1,2,1,2,0,2,0,0,2,1,2,2,1,0,2,2,0,2,1,1,0,1,2,2,1,1,2,1,2,2,1,2,1,2,1,0,1,1,2,1,0,0,0,0,1,1,1,0,2,1,1,1,1,0,0,2,1,0,1,1,2,1,0,2,0,2,0,1,2,2,2,1,0,0,2,1,2,2,1,2,0,1,1,0,0,2,2,1,0,2,1,2,2,2,2,0,2,0,2,2,0,2,0,0,2,1,1,0,0,0,0,0,2,2,1,0,0,2,0,0,2,0,2,1,2,0,1,1,2,0,0,0,2,0,1,2,2,0,2,2,1,2,2,2,0,2,2,2,1,0,0,0,2,2,0,1,0,1,0,1,1,0,2,1,0,2,0,0,2,1,2,1,1,0,0,1,0,0,0,0,0,2,1,0,1,2,0,1,1,2,0,0,1,2,1,2,2,0,1,2,2,2,1,1,1,0,2,2,1,1,1,1,1,0,2,0,0,1,0,1,1,1,0,1,1,2,0,1,1,1,1,2,2,0,2,2,1,2,2,1,1,1,1,1,2,2,1,0,2,0,1,1,2,0,2,1,2,2,0,2,1,0,2,0,0,2,2,0,1,0,1,2,0,1,1,2,2,0,2,0,0,2,1,2,1,2,1,1,0,2,1,2,2,0,0,1,0,2,2,2,2,1,2,2,2,2,0,1,0,0,1,2,1,1,2,0,1,0,2,2,2,1,1,0,1,0,0,1,0,1,2,0,2,1,2,1,2,0,0,2,1,1,0,1,1,0,0,1,0,1,0,2,1,0,0,1,0,1,2,2,0,2,0,1,2,2,1,1,0,1,1,1,2,0,2,1,2,0,1,0,0
plant-87,1,2,0,2,0,0,1,2,1,0,0,1,2,1,0,0,2,2,1,2,0,1,0,2,1,0,1,1,1,1,2,1,2,0,2,0,2,1,1,0,1,0,0,0,1,1,0,1,0,1,2,2,2,2,0,1,2,0,1,0,1,1,0,0,0,1,2,0,0,1,1,1,1,2,1,0,1,1,1,1,2,2,2,2,2,0,0,0,0,0,1,2,2,0,2,2,2,2,1,0,1,2,2,0,2,1,2,1,1,1,1,2,0,0,2,0,1,2,0,2,1,1,2,1,1,0,0,0,0,0,0,2,0,0,2,1,1,0,1,0,0,1,2,1,0,0,2,0,0,2,1,0,2,0,2,2,0,1,0,2,2,1,0,1,0,1,2,1,0,2,0,2,0,1,0,1,0,2,1,1,2,1,1,2,1,1,1,1,2,0,2,0,2,0,0,1,1,1,2,1,1,2,2,2,1,1,0,0,2,1,1,1,0,2,2,1,2,0,0,1,1,0,0,2,1,2,2,1,1,2,0,2,2,1,0,2,0,0,0,1,1,1,2,2,2,2,2,0,2,1,0,2,0,1,0,2,2,1,0,2,2,2,2,2,2,2,2,0,2,1,1,0,2,2,0,0,1,1,2,0,2,2,2,1,1,2,2,0,1,1,1,0,1,0,1,1,0,1,2,2,0,1,0,0,0,2,0,2,2,2,2,2,2,1,1,1,2,1,2,2,0,2,1,0,1,1,2,1,0,1,1,2,2,0,1,0,0,1,0,2,2,1,1,1,1,2,1,1,1,0,1,2,1,2,0,2,2,2,1,0,0,0,2,1,2,2,1,0,1,1,0,1,1,0,1,1,0,2,1,1,1,2,0,1,0,2,1,1,0,2,1,1,1,0,0,0,2,0,2,0,0,1,1,1,1,1,0,2,1,0,0,2,2,1,0,1,0,0,1,1,2,0,0,2,0,2,1,0,2,1,2,1,0,2,0,0,1,0,1,1,2,0,2,0,0,1,0,0,0,2,1,1,0,1,2,2,1,1,1,1,1,0,1,1,0,0,0,0,0,1,0,0,2,2,0,0,0,2,2,0,2,1,0,2,1,0,0,2,0,0,0,2,0,2,2,1,0,0,0,0
plant-88,1,2,2,1,2,2,1,0,0,1,1,2,2,2,0,2,0,1,1,1,1,0,0,2,0,0,1,1,0,0,0,2,2,0,0,0,1,0,1,0,0,2,2,2,1,1,0,1,2,1,1,0,0,2,1,2,2,1,2,1,1,1,0,0,1,0,0,1,1,0,0,0,1,0,2,2,1,1,1,1,0,2,2,1,2,0,2,1,0,0,2,1,0,2,2,1,1,2,2,0,2,2,2,0,1,2,0,0,0,0,2,0,2,1,0,2,2,1,1,1,2,1,0,0,0,1,1,0,0,1,2,2,2,1,0,0,1,0,2,1,0,0,1,0,2,0,2,1,0,0,0,1,1,2,2,0,2,0,1,0,0,1,2,1,2,0,0,2,1,1,1,1,0,0,1,2,2,2,2,2,2,0,2,2,1,0,1,1,2,2,0,1,0,0,2,2,2,0,2,0,1,2,0,1,2,0,1,1,1,1,0,2,1,0,0,1,0,2,0,0,2,0,1,1,2,2,0,2,2,1,0,0,2,2,1,1,0,1,1,2,2,0,2,0,1,1,1,2,2,0,0,0,2,2,0,1,2,2,0,2,1,0,2,0,2,0,2,2,1,0,0,1,2,2,0,2,2,2,2,2,2,0,0,2,0,2,2,0,1,2,1,2,2,2,2,2,0,0,2,1,0,2,1,0,0,1,0,0,0,1,1,0,1,0,2,1,1,2,0,1,1,2,1,0,0,1,2,2,2,1,0,0,2,0,0,0,2,1,0,0,2,0,0,0,0,1,1,2,0,1,0,2,0,0,0,0,1,0,1,2,1,0,1,0,0,1,0,2,2,1,0,0,0,0,1,1,0,2,0,2,1,0,0,0,2,2,1,2,0,0,1,1,2,2,0,2,1,2,2,0,0,0,2,1,1,2,2,1,0,1,2,0,1,0,1,0,2,1,1,2,2,0,1,2,2,2,2,2,2,2,0,2,0,0,1,0,2,0,2,1,0,1,2,0,0,0,2,1,2,0,1,1,2,1,1,0,1,2,1,2,2,2,1,1,0,0,0,0,2,2,1,2,2,0,2,2,2,0,0,1,1,1,1,2,1,0,1,2,2,2,2,2,2,2,1,0,0,0,2,2
plant-89,1,2,0,1,0,0,1,2,1,2,0,2,0,0,0,2,2,1,1,1,0,1,2,2,2,2,0,0,2,2,2,1,0,2,0,1,1,2,0,2,2,1,1,0,2,1,2,0,0,0,1,0,2,1,1,2,1,1,2,2,2,1,0,2,0,0,2,0,0,0,1,1,1,0,0,0,1,1,2,2,1,0,0,2,0,2,0,0,1,2,0,0,0,2,0,0,1,1,1,2,2,2,1,2,2,2,0,0,2,0,0,1,2,1,0,0,2,0,0,0,2,1,1,1,2,1,0,2,0,2,1,0,2,1,1,0,0,0,0,0,1,1,0,1,2,0,0,0,0,2,1,2,0,1,0,2,0,0,0,2,0,1,1,1,1,0,0,0,1,1,0,0,2,1,2,0,1,1,1,1,0,1,0,0,2,0,1,1,0,2,0,1,1,0,1,1,1,0,1,1,0,1,0,2,0,2,0,2,1,2,0,0,0,2,2,2,1,2,1,1,2,0,1,1,2,0,1,1,2,1,1,0,1,0,1,1,2,1,2,2,1,1,1,0,2,0,1,0,1,0,2,1,0,2,0,2,2,0,0,2,1,0,2,0,0,0,2,2,2,0,2,2,2,1,1,0,0,2,0,0,0,0,1,0,0,1,0,1,0,0,1,0,0,1,1,0,1,1,0,0,2,2,2,2,2,2,2,0,0,0,2,2,0,1,0,1,0,0,1,1,0,2,1,2,2,1,0,0,2,0,2,0,1,0,1,1,2,1,0,2,0,0,2,1,0,1,2,0,1,1,0,0,0,2,1,1,1,0,2,0,2,0,1,0,1,2,2,0,2,1,0,0,2,1,1,2,2,0,0,0,2,2,1,2,1,1,0,2,2,1,0,1,0,1,2,0,2,0,0,0,2,1,2,2,0,2,1,1,0,2,1,1,2,2,1,0,1,0,1,1,1,1,2,1,1,1,2,2,2,1,2,2,2,1,1,2,2,2,0,2,0,2,1,1,0,1,0,1,0,1,1,2,1,0,1,2,0,1,2,2,1,2,0,2,0,2,0,0,2,1,0,2,1,2,0,0,0,1,2,0,0,2,1,2,2,0,0,1,1,2,1,2,0,0,0,1,2,2,1,0
plant-90,1,2,1,2,1,0,1,1,1,1,1,1,0,1,2,1,1,2,0,2,2,2,0,2,0,2,1,0,0,2,2,2,0,0,1,0,0,0,2,2,0,2,1,2,0,1,2,0,1,1,2,1,1,0,0,2,2,2,1,1,0,1,0,2,2,2,1,0,0,0,1,2,2,0,2,2,0,1,1,1,1,1,2,2,1,0,0,1,2,1,0,2,1,2,2,0,1,0,0,1,1,2,2,0,0,1,0,0,1,0,0,0,2,1,1,1,2,2,0,2,1,2,0,1,0,0,2,0,1,1,2,2,2,0,2,0,1,1,0,1,1,1,1,0,0,2,0,1,1,0,0,2,2,1,1,0,2,0,1,2,1,0,0,1,2,1,0,1,0,1,0,2,0,1,0,0,2,2,2,2,0,1,1,2,0,1,2,1,0,0,1,2,0,0,2,1,0,2,0,1,0,2,2,1,0,2,0,1,1,1,1,0,0,1,0,0,1,1,0,2,0,2,1,2,0,2,2,0,2,2,1,1,2,2,1,0,0,0,2,0,1,2,2,1,2,1,1,0,2,2,0,0,2,2,2,2,0,2,0,1,2,2,0,1,0,0,0,2,0,1,0,0,1,1,0,1,2,2,1,0,2,2,0,1,2,2,1,2,0,2,1,2,0,0,1,2,1,1,0,0,0,2,0,0,1,2,2,0,0,0,0,2,2,2,0,1,2,2,1,1,0,1,1,1,1,1,0,1,2,1,0,2,2,2,0,2,1,2,1,0,1,2,1,1,2,1,1,2,1,1,0,0,0,0,0,2,0,1,1,0,0,0,2,1,2,2,2,1,2,2,0,0,2,1,1,0,0,0,0,2,2,1,1,0,2,2,2,0,2,2,0,0,1,0,1,0,2,2,2,2,0,0,2,1,2,0,1,2,1,1,2,2,2,0,1,2,1,1,0,1,2,1,0,0,0,1,1,2,1,0,2,1,0,0,1,2,1,0,0,2,0,1,2,0,1,1,0,0,2,2,2,0,2,1,1,2,2,2,0,2,1,2,0,2,0,1,1,0,2,1,1,1,2,2,0,2,2,0,0,0,0,1,2,1,1,1,2,1,2,2,0,0,0,2,0,2,1,1,1,1
plant-91,1,2,0,2,0,0,0,2,0,0,1,1,0,0,1,1,1,1,1,0,1,0,2,2,0,0,1,0,0,1,0,2,1,1,2,2,0,1,1,1,0,0,2,2,0,2,0,1,2,2,1,2,1,2,0,2,2,1,0,2,2,1,1,0,2,0,2,0,0,2,1,2,2,2,2,1,1,0,2,0,2,0,0,0,2,0,0,2,0,1,2,0,2,2,1,1,2,2,0,2,0,1,0,0,1,1,0,1,0,1,0,1,2,0,0,0,0,1,0,2,2,0,1,0,1,0,2,1,0,0,2,0,0,2,2,2,2,0,0,0,1,0,1,2,2,0,1,1,1,0,0,2,2,0,1,0,0,2,2,1,2,2,0,2,0,2,2,0,0,0,1,2,1,1,1,1,1,2,1,1,2,1,2,1,2,1,2,0,1,0,0,0,0,2,2,1,2,0,2,0,0,0,1,1,2,2,2,0,0,2,2,0,0,2,2,1,2,2,1,1,1,0,0,0,2,2,2,1,0,0,2,2,1,0,2,0,1,2,0,1,1,2,2,2,0,1,2,1,0,0,2,1,0,0,1,2,1,0,1,2,2,0,2,0,0,1,1,1,0,1,0,1,2,2,0,0,2,0,2,2,1,2,2,2,0,2,1,0,0,0,2,0,0,1,2,0,2,0,1,1,2,2,0,1,0,1,0,1,1,2,2,1,1,0,2,0,0,0,0,1,0,0,0,0,0,0,2,0,2,2,2,2,1,1,2,2,2,0,0,2,0,1,0,2,1,2,1,2,0,2,0,2,1,0,0,1,2,0,2,2,1,1,1,2,0,0,1,2,1,2,2,1,2,2,1,2,1,1,0,1,2,1,2,2,2,0,2,2,2,0,0,0,2,1,0,0,0,1,2,0,1,2,2,2,1,1,0,2,0,2,0,2,0,2,2,1,1,0,1,1,0,2,0,2,1,1,2,0,0,2,1,1,0,1,2,2,0,2,1,1,0,0,0,1,1,1,1,0,1,1,1,2,0,1,2,1,2,2,1,2,2,2,1,1,2,1,1,2,0,0,2,2,0,2,0,1,0,0,2,2,0,1,1,2,2,1,1,2,0,2,1,1,1,2,2,2,2,1,2,1
plant-92,1,2,2,0,1,0,2,2,0,2,0,0,2,1,1,1,2,1,2,0,0,2,0,2,1,2,1,1,1,1,0,2,2,0,2,2,0,2,1,1,2,2,2,0,2,1,1,1,2,1,1,1,1,1,2,1,0,1,0,2,2,0,1,1,1,2,1,0,2,2,1,2,2,0,0,1,1,2,2,1,0,2,0,1,0,0,2,1,0,2,0,1,0,0,0,1,2,0,0,1,0,1,2,0,2,0,1,2,2,1,1,2,1,0,1,1,0,1,2,0,0,0,0,1,2,1,0,2,0,1,1,0,2,1,2,1,1,0,0,1,1,1,2,1,0,2,1,1,2,1,1,0,1,2,2,0,1,2,1,1,0,1,1,0,0,2,0,0,1,2,0,2,0,2,2,1,2,2,2,0,1,0,2,0,1,0,0,1,2,0,2,2,2,2,0,0,1,2,1,2,2,2,0,1,1,2,1,2,1,2,2,2,2,1,2,0,1,2,0,0,0,1,2,2,0,0,1,1,0,0,0,2,1,0,2,2,2,0,2,2,2,1,0,0,2,0,2,1,0,1,1,2,0,2,1,2,1,0,2,0,0,2,1,1,2,1,0,1,1,2,2,0,1,0,0,1,1,1,0,0,0,1,2,1,0,2,1,1,1,1,0,0,1,2,1,0,0,2,2,2,2,0,1,1,2,2,2,1,2,1,1,2,2,1,0,2,2,1,0,2,1,2,2,2,1,0,2,0,1,1,2,0,2,1,1,0,1,2,0,1,0,1,0,0,2,2,0,1,0,2,0,2,1,2,0,0,2,0,2,1,0,0,1,2,0,2,2,2,2,2,2,1,1,0,1,0,0,1,2,2,2,1,2,2,0,2,0,0,2,1,2,0,2,1,0,2,0,1,1,0,1,0,0,2,2,1,2,2,0,2,0,1,2,2,1,1,1,2,1,2,2,2,0,2,2,1,2,1,2,1,1,0,1,2,1,0,2,2,0,1,2,1,1,0,0,2,0,2,1,2,0,1,0,2,1,1,2,0,1,2,2,2,1,0,1,2,2,0,2,0,1,2,0,2,0,1,1,2,1,1,1,0,1,1,2,2,2,0,1,1,1,0,2,0,1,1,0,2,0,0
plant-93,1,2,2,2,1,0,1,0,0,2,2,1,1,0,1,2,2,1,2,1,2,0,1,1,0,1,1,2,2,0,2,2,0,2,1,2,1,2,1,0,1,0,0,1,0,0,1,0,0,1,1,2,0,0,1,2,1,2,1,2,1,0,2,1,0,0,2,0,1,0,0,0,1,2,0,1,2,1,1,2,1,1,1,1,1,0,2,0,0,2,1,2,2,2,1,2,1,0,2,1,0,0,1,2,1,0,0,1,1,0,0,2,0,0,0,1,0,1,2,1,0,0,1,1,0,0,2,0,2,1,2,2,0,2,0,0,0,1,0,2,2,1,1,0,0,1,1,0,0,0,0,1,1,2,2,2,1,0,2,1,0,0,2,0,0,2,1,2,1,2,2,2,0,0,1,0,2,2,1,0,2,2,1,2,2,2,0,0,1,0,2,1,0,0,1,0,2,0,2,0,0,1,0,2,2,1,0,0,2,2,1,0,1,0,2,0,0,0,0,2,2,2,2,0,0,1,0,2,1,1,1,2,2,1,2,2,1,0,1,0,1,1,2,2,2,0,0,1,2,0,0,0,0,0,1,0,0,1,2,0,2,2,2,2,0,2,0,2,2,1,1,2,1,2,2,2,2,1,1,2,2,0,1,0,0,1,1,1,1,2,2,1,0,0,2,1,1,1,2,2,1,1,0,2,0,2,0,2,2,2,1,2,2,2,1,1,1,0,1,1,2,1,2,2,0,2,1,0,1,1,2,0,0,1,2,1,0,1,1,1,2,0,2,2,1,1,0,0,2,2,2,1,1,2,0,2,2,0,1,1,0,1,0,1,2,1,0,1,2,2,2,0,0,1,0,1,2,1,2,1,0,0,2,0,0,1,1,2,0,0,1,2,2,0,2,0,1,1,2,0,2,0,0,2,1,1,1,0,0,2,1,0,2,1,2,2,1,2,2,2,1,2,0,1,2,2,1,1,0,2,1,0,2,1,1,2,0,1,0,0,2,0,0,0,0,0,1,1,1,2,1,1,1,0,1,0,1,0,1,1,2,0,2,1,0,2,2,0,1,0,0,1,2,2,0,0,0,2,1,1,2,0,0,1,2,1,1,0,0,2,0,0,2,1,2,0,0,2,2,1
plant-94,1,2,0,0,1,2,1,0,2,2,2,1,0,0,1,1,2,0,2,2,1,0,0,0,1,2,2,2,2,2,1,0,1,0,2,1,0,1,0,1,1,2,1,1,0,0,0,0,1,2,2,2,1,1,2,2,2,2,1,2,0,1,2,0,0,0,0,0,2,2,1,2,1,2,1,2,1,2,2,1,0,2,0,2,2,0,0,0,1,1,1,1,1,1,1,1,0,1,2,1,1,2,0,2,1,0,0,1,2,2,0,1,1,2,1,1,1,2,0,0,1,2,1,0,1,0,0,1,0,2,0,2,2,2,1,1,1,0,0,0,0,0,0,1,2,2,1,0,2,1,2,0,0,1,0,0,0,0,2,2,0,0,2,2,0,0,1,0,1,0,1,0,0,0,1,0,1,0,1,0,2,1,2,1,1,2,0,2,2,2,0,0,0,2,0,2,1,1,2,2,0,2,2,1,2,0,2,2,2,1,0,2,0,0,0,1,2,2,2,2,0,2,1,0,0,2,2,0,2,2,1,1,2,0,1,1,2,2,0,2,0,0,0,1,0,0,2,2,0,0,1,0,2,1,1,2,0,1,0,0,0,0,1,0,0,2,2,1,2,2,2,1,0,2,0,1,1,1,0,1,1,0,2,2,2,1,0,0,1,0,0,0,2,0,0,0,0,2,2,0,1,0,2,0,0,1,0,1,1,0,2,1,1,2,2,0,1,2,1,2,2,2,1,0,1,1,1,2,0,1,1,1,2,0,1,0,0,0,1,2,2,0,2,1,0,0,0,0,0,0,2,1,0,0,2,1,1,0,0,0,0,1,2,1,0,2,2,0,1,2,0,0,1,0,0,2,0,1,1,2,2,0,1,2,0,1,1,2,1,2,0,0,2,1,2,1,2,0,2,1,0,0,0,0,1,1,1,0,0,2,0,2,0,0,2,2,0,0,2,0,1,2,1,2,0,1,0,0,2,2,1,1,1,1,1,0,2,2,1,2,2,2,1,0,2,0,1,2,2,2,1,0,0,0,2,1,0,2,2,0,2,1,1,0,1,0,2,1,2,2,2,1,2,1,1,0,1,2,0,1,1,2,1,2,0,1,0,0,0,2,2,0,1,1,0,2,2,2,2,0
plant-95,1,2,1,0,2,0,2,1,2,1,0,1,1,2,0,1,0,2,1,0,0,1,0,2,0,1,0,1,2,1,0,1,0,0,0,1,2,2,2,2,2,1,1,0,0,0,2,0,2,0,0,2,2,1,2,1,0,1,2,0,2,2,2,0,0,0,1,1,1,2,0,2,2,2,2,1,1,0,0,1,0,2,0,0,2,0,2,2,0,1,0,1,0,1,2,0,0,2,0,1,2,2,2,0,1,1,1,2,2,1,2,0,1,2,1,1,1,2,0,2,2,0,0,0,0,2,0,0,0,1,2,2,0,2,1,0,1,2,1,1,1,0,0,1,2,1,2,0,2,1,0,1,2,2,2,2,1,0,1,2,1,2,2,0,1,1,1,0,0,1,0,1,2,2,0,0,2,2,1,2,0,2,1,0,1,2,2,0,2,1,2,0,1,1,1,0,2,1,0,1,2,1,2,2,0,1,0,2,2,2,0,0,2,0,1,1,2,1,1,2,2,0,0,0,2,2,0,2,0,1,1,2,2,2,2,0,0,0,2,0,2,2,2,2,0,2,0,2,2,2,1,0,2,0,0,1,1,0,2,1,0,1,1,1,1,1,1,2,1,0,0,1,2,0,0,0,2,1,0,0,2,0,0,1,1,1,1,0,1,1,1,0,2,1,1,0,0,2,1,2,1,2,2,1,1,0,1,1,0,1,2,0,2,0,1,2,2,1,2,0,0,1,0,0,2,0,1,0,1,2,2,0,1,2,2,1,1,0,0,2,2,0,0,1,2,1,2,2,2,2,2,0,0,2,1,2,1,2,0,1,0,2,0,0,0,2,1,0,0,1,2,1,0,2,1,0,1,0,2,2,0,1,1,1,1,1,0,1,2,2,1,0,1,0,1,1,0,1,2,0,1,0,1,2,2,0,2,1,1,1,2,1,2,1,0,2,2,1,2,2,0,1,1,0,1,0,0,0,1,0,1,0,0,0,2,1,2,0,1,1,2,2,0,2,1,1,1,2,1,2,2,0,0,2,2,0,0,1,0,2,2,2,1,1,1,0,1,2,2,2,1,2,0,1,2,2,2,2,0,0,0,1,0,0,1,2,0,0,2,1,1,0,2,1,2,1,1,2,2,1
